Set Result,Break Points,Service Breaks,Drive Returns,Slice/Block Returns,Total Returns,Backhand Returns,Backhand Returns Won,Backhand Return Win ,Forehand Returns,Forehand Returns Won,Forehand Return Win ,Drive (3rd Shot),Slice/Block (3rd Shot),Aces,Double Faults,1st Serve In ,2nd Serve In ,1st Serve Pts Won ,2nd Serve Pts Won ,1st Serve Speed (km/h),2nd Serve Speed (km/h),Unforced Errors,Forehand Avg Speed,Backhand Avg Speed,Rally ≤4 Shots,Rally 5–9 Shots,Rally ≥10 Shots,Total Points Won,Net Approaches,Winners,Distance per Set (m),Forecourt Short Balls,Midcourt Balls,Backcourt Deep Balls
1,4,2,1,3,27,8,8,1,15,12,0.8,2,0,3,0,0.75,1,0.76,0.43,190,154,11,127,115,51,9,0,33,6,3,780,0.07,0.26,0.67
1,6,2,0,3,32,16,12,0.75,13,12,0.92,1,0,2,0,0.83,1,0.93,0.67,188,152,7,125,114,46,4,0,31,7,5,720,0.02,0.4,0.57
1,10,2,0,2,58,32,28,0.88,24,18,0.75,3,2,1,2,0.63,0.71,0.92,0.71,187,151,8,124,116,70,7,0,45,11,9,690,0.07,0.33,0.6
1,3,2,0,2,22,10,10,1,10,8,0.8,3,0,7,0,0.71,1,0.68,0.67,188,167,8,137,112,52,1,0,32,2,1,1248,0.07,0.26,0.67
1,5,2,0,2,38,21,21,1,12,11,0.92,2,1,0,0,0.69,1,0.68,0.7,186,166,9,139,114,68,2,0,37,12,6,1665,0.02,0.17,0.81
1,1,1,0,2,32,20,12,0.6,10,8,0.8,2,0,5,1,0.71,0.88,0.88,0.71,187,167,7,138,113,54,2,0,31,6,4,1387,0.06,0.26,0.68
1,5,3,0,2,31,19,17,0.89,10,7,0.7,0,0,0,0,0.63,1,0.75,0.71,188,167,4,137,112,45,5,0,30,1,1,1314,0.02,0.29,0.69
1,1,1,1,0,26,13,10,0.77,12,6,0.5,0,0,2,1,0.42,0.93,0.9,0.79,186,166,8,139,114,45,4,1,28,2,2,1457,0.02,0.31,0.67
0,2,1,0,1,32,22,19,0.86,9,4,0.44,3,2,2,2,0.67,0.8,0.7,0.3,185,165,14,136,111,52,10,0,30,5,4,1457,0.03,0.16,0.8
1,5,3,1,1,19,10,9,0.9,7,6,0.86,1,0,1,1,0.76,0.75,0.69,0.75,188,167,7,138,113,34,1,1,25,2,2,875,0,0.51,0.49
1,2,2,0,4,27,17,14,0.82,6,5,0.83,3,3,1,0,0.73,1,0.59,0.75,190,150,7,125,115,48,4,5,30,8,6,950,0.01,0.18,0.81
0,7,1,0,3,60,30,27,0.9,27,17,0.63,2,3,2,3,0.68,0.75,0.8,0.33,188,149,19,127,116,78,11,8,49,18,14,1250,0.02,0.21,0.77
1,5,2,0,2,29,16,11,1,11,9,0.82,1,1,1,0,0.76,1,0.74,0.67,192,153,11,129,118,36,14,4,32,9,4,1120,0.02,0.14,0.84
1,4,2,1,3,26,12,10,0.92,10,7,0.7,1,2,2,2,0.53,0.83,0.78,0.44,189,150,13,126,116,49,9,2,31,7,2,1180,0.02,0.17,0.81
1,2,2,0,4,30,15,12,0.8,11,9,0.82,0,0,2,1,0.76,0.8,0.81,0.8,190,150,7,124,113,47,4,0,33,5,3,720,0.02,0.31,0.67
1,2,2,1,1,17,7,6,0.86,8,5,0.63,2,0,0,0,0.5,1,1,1,189,149,2,123,114,22,3,0,18,2,2,480,0.02,0.32,0.66
1,7,3,3,2,24,11,9,0.82,8,6,0.75,2,1,4,0,0.81,1,0.77,1,191,150,1,127,115,38,1,1,28,1,1,660,0.02,0.25,0.74
1,2,2,1,2,26,15,13,0.87,8,7,0.88,1,1,2,0,0.58,1,0.91,0.75,188,149,1,124,112,39,5,1,28,9,5,780,0.03,0.11,0.86
1,3,2,0,4,24,11,8,0.73,9,7,0.78,3,0,0,0,0.78,1,0.86,1,190,148,3,126,113,40,2,0,27,4,3,740,0.02,0.27,0.71
1,2,1,0,1,23,12,10,0.83,10,7,0.7,3,0,4,0,0.71,1,1,0.83,192,152,3,129,116,36,7,1,29,4,3,980,0.06,0.07,0.86
1,2,2,0,0,22,14,10,0.71,8,8,1,1,0,4,0,0.7,1,0.75,0.86,190,151,1,126,114,40,5,0,30,6,6,1120,0.01,0.27,0.72
1,4,2,1,0,28,17,11,0.65,10,7,0.7,3,0,0,0,0.76,1,0.68,0.83,193,153,5,128,115,44,9,0,30,8,7,1080,0.04,0.13,0.83
1,6,1,0,0,39,20,17,0.85,19,15,0.79,3,1,1,1,0.57,0.92,0.81,0.58,186,162,11,132,109,55,12,0,36,10,9,1061,0.04,0.34,0.62
1,4,2,0,4,22,10,10,1,8,8,1,3,0,2,1,0.59,0.86,1,0.86,190,165,7,137,112,36,3,0,27,10,9,498,0.04,0.3,0.66
1,1,1,3,0,30,17,15,0.88,10,3,0.3,0,0,1,1,0.64,0.9,0.78,0.6,188,163,12,134,110,55,3,0,31,9,5,678,0.02,0.33,0.65
1,7,2,0,2,38,17,13,0.76,19,17,0.89,0,0,3,2,0.52,0.85,0.79,0.54,187,148,15,123,112,51,13,1,35,6,3,1038,0.03,0.29,0.68
1,4,3,1,1,40,16,12,0.75,22,18,0.82,0,1,3,4,0.51,0.78,0.63,0.44,185,147,14,122,111,65,12,0,39,9,5,1380,0.04,0.28,0.69
1,7,4,1,0,25,16,16,1,8,6,0.75,2,0,1,2,0.5,0.78,0.78,0.44,188,149,6,125,114,40,3,0,29,5,3,338,0.04,0.31,0.65
1,2,2,0,0,20,11,10,0.91,9,5,0.56,2,0,3,1,0.59,0.92,0.79,0.69,187,149,10,123,111,42,7,3,31,7,5,713,0.05,0.15,0.81
1,3,1,0,0,32,17,15,0.88,15,12,0.8,0,1,1,3,0.68,0.7,0.76,0.7,190,151,11,126,113,56,7,0,36,6,4,906,0.06,0.22,0.71
1,4,2,0,1,35,23,19,0.83,11,9,0.82,0,0,2,4,0.6,0.67,0.89,0.42,188,147,10,124,112,58,7,0,38,7,6,757,0.02,0.18,0.79
0,3,0,0,0,36,20,16,0.8,16,15,0.94,2,0,0,1,0.62,0.91,0.67,0.55,184,147,13,121,110,59,3,3,30,5,5,874,0.05,0.29,0.66
0,2,1,0,1,29,18,11,0.61,10,6,0.6,0,1,2,3,0.56,0.81,0.75,0.38,182,145,17,119,111,59,6,0,28,6,4,842,0.05,0.22,0.73
0,0,0,0,0,5,3,3,1,2,1,0.5,1,0,0,1,0.75,0.5,0.67,0,180,144,5,118,109,12,1,0,5,4,3,149,0.29,0.36,0.36
1,2,1,3,9,35,8,8,1,27,21,0.78,5,0,5,0,0.72,1,0.53,0.7,188,162,14,121,108,68,9,0,40,8,4,2130,0.06,0.49,0.45
1,2,2,1,3,15,3,2,0.67,12,11,0.92,2,0,3,0,0.65,1,0.55,0.71,193,178,3,124,110,34,5,0,28,7,7,710,0.15,0.47,0.38
0,2,1,1,8,26,5,5,1,21,17,0.81,0,1,5,3,0.5,0.75,0.27,0.25,190,173,11,123,110,46,5,1,21,5,2,680,0.04,0.51,0.45
1,5,3,4,4,14,4,4,1,10,9,0.9,2,0,2,0,0.79,1,0.71,0.67,193,159,3,124,107,31,1,1,24,4,3,580,0.02,0.43,0.55
1,2,2,0,0,17,9,8,0.89,8,5,0.63,4,0,2,1,0.61,0.86,0.61,0.71,188,172,5,120,112,32,3,0,27,2,2,570,0.06,0.67,0.27
1,4,1,1,10,31,14,14,1,17,13,0.76,1,0,7,3,0.74,0.5,0.7,0.5,187,169,9,119,112,53,9,0,34,2,2,920,0.03,0.51,0.46
1,3,2,1,4,18,11,9,0.82,7,5,0.71,2,1,7,1,0.78,0.75,0.65,0.5,189,167,3,125,109,36,4,1,27,2,1,620,0.1,0.44,0.46
1,2,1,1,3,23,19,16,0.84,4,4,1,2,2,4,0,0.62,1,0.62,0.88,189,167,9,122,113,34,9,1,29,6,5,730,0.05,0.59,0.36
1,2,2,0,4,27,16,16,1,11,9,0.82,4,0,5,0,0.94,1,0.94,0.88,188,171,3,127,109,34,10,0,30,6,5,660,0.04,0.54,0.42
1,2,2,0,4,18,15,14,0.93,3,2,0.67,3,3,8,2,0.72,0.71,0.6,0.43,189,174,6,125,113,43,3,0,28,2,2,680,0.11,0.43,0.46
1,1,1,0,4,26,14,13,0.93,12,7,0.58,2,0,2,1,0.66,0.9,0.48,0.7,188,174,9,127,110,44,11,2,33,7,6,710,0.03,0.61,0.36
1,3,2,1,2,28,9,8,0.89,19,16,0.84,2,0,3,0,0.68,1,0.52,0.63,191,164,8,124,108,47,5,1,32,8,2,870,0.05,0.53,0.42
1,4,1,1,3,29,10,9,0.9,19,10,0.53,2,0,3,0,0.59,1,0.44,0.69,192,164,12,123,111,50,12,1,36,6,4,850,0.03,0.57,0.4
1,9,1,0,25,46,22,16,0.73,24,16,0.67,1,0,0,0,0.76,1,0.68,0.67,193,172,2,128,109,75,5,0,45,4,4,1060,0.06,0.34,0.6
1,3,1,0,12,21,12,9,0.75,9,8,0.89,1,4,1,1,0.55,0.93,0.42,0.6,189,163,6,126,112,51,7,0,33,5,4,890,0.08,0.49,0.43
1,4,0,0,18,37,20,13,0.65,17,14,0.82,2,1,3,0,0.74,1,0.63,0.3,188,149,7,128,112,78,12,0,48,2,2,1970,0.03,0.51,0.46
1,6,2,1,10,37,14,12,0.86,23,21,0.91,2,0,4,1,0.73,0.93,0.47,0.43,193,158,11,124,110,84,9,2,51,4,3,1840,0.01,0.58,0.41
1,4,1,0,7,29,11,5,0.45,18,15,0.83,1,0,2,0,0.63,1,0.54,0.78,194,159,4,128,110,56,2,0,33,2,2,890,0.08,0.49,0.43
1,1,1,1,6,20,12,12,1,8,6,0.75,2,1,6,0,0.79,1,0.61,0.5,193,157,6,129,113,47,5,0,29,5,5,760,0,0.48,0.52
1,4,2,0,11,42,23,20,0.87,19,17,0.89,0,0,2,0,0.8,1,0.52,0.8,186,166,14,126,114,60,9,4,40,6,4,920,0.05,0.55,0.4
0,2,1,0,4,28,16,13,0.81,12,11,0.92,4,0,1,3,0.64,0.73,0.46,0.36,186,155,13,124,108,47,10,1,27,5,4,780,0.03,0.47,0.5
0,2,0,1,4,27,21,18,0.86,6,4,0.67,3,1,2,2,0.48,0.75,0.32,0.42,187,153,13,124,107,46,9,2,24,7,6,660,0.4,0.55,0.41
1,2,1,1,5,20,11,10,0.91,9,9,1,1,2,2,0,0.7,1,0.63,0.5,186,146,5,127,113,42,9,0,30,8,7,740,0.06,0.52,0.42
1,2,1,0,6,33,17,15,0.88,16,13,0.81,2,4,2,0,0.69,1,0.55,0.67,191,149,11,126,112,57,6,2,38,2,2,940,0.01,0.42,0.57
1,3,2,0,4,19,9,6,0.67,10,9,0.9,2,2,1,1,0.8,0.75,0.6,0.75,190,164,6,124,108,41,4,0,30,2,2,640,0.02,0.49,0.49
1,8,1,0,4,36,22,22,1,14,11,0.79,2,0,1,3,0.55,0.83,0.34,0.56,193,158,12,123,108,66,13,3,46,17,10,920,0.07,0.44,0.49
1,8,4,0,5,35,24,21,0.88,11,9,0.82,1,0,3,1,0.5,0.91,0.46,0.45,190,160,5,124,110,35,9,0,29,7,4,710,0.12,0.4,0.48
0,4,0,1,14,47,28,25,0.89,19,13,0.68,2,1,2,1,0.67,0.93,0.53,0.53,189,150,14,122,106,73,8,3,56,6,2,2360,0.06,0.53,0.41
1,2,2,1,6,16,10,8,0.8,6,4,0.67,1,1,7,0,0.64,1,0.6,0.6,187,149,7,127,109,42,4,0,28,4,2,830,0.06,0.55,0.39
1,4,2,1,3,27,19,13,0.68,8,7,0.88,3,0,4,2,0.64,0.78,0.48,0.44,190,157,9,128,109,53,5,0,35,4,3,900,0.07,0.41,0.52
1,2,2,0,4,16,12,7,0.58,4,2,0.5,0,1,3,0,0.77,1,0.69,0.75,188,152,2,125,108,29,1,0,21,3,3,760,0.03,0.37,0.6
1,2,1,1,3,22,8,8,1,14,11,0.79,0,2,3,2,0.61,0.83,0.48,0.67,189,165,3,129,110,53,6,0,33,4,3,960,0.06,0.53,0.41
1,5,2,1,6,24,7,5,0.71,17,15,0.88,3,0,1,2,0.52,0.8,0.48,0.6,189,165,3,127,108,48,5,0,30,6,5,820,0.08,0.43,0.49
1,4,2,1,3,15,5,5,1,10,8,0.8,2,0,0,1,0.72,0.88,0.52,0.5,189,158,4,127,111,42,4,1,31,6,5,690,0.07,0.47,0.46
0,4,0,0,2,32,19,18,0.95,13,8,0.62,2,0,9,0,0.71,1,0.57,0.63,189,158,10,126,109,51,11,2,35,8,4,1780,0.06,0.38,0.56
1,5,2,0,3,33,12,10,0.83,16,13,0.81,1,0,3,1,0.84,0.67,0.88,0.67,185,159,6,132,124,30,5,0,32,4,3,640,0.01,0.45,0.54
1,3,2,0,1,17,6,5,0.83,10,7,0.7,2,1,3,0,0.65,1,0.91,1,185,152,1,135,126,29,2,0,25,5,4,500,0.07,0.28,0.65
1,5,2,2,5,36,14,13,0.93,13,11,0.85,1,2,3,0,0.76,1,0.82,0.6,190,157,4,138,118,23,5,0,29,3,2,570,0.03,0.45,0.52
1,3,2,0,1,25,12,11,0.92,12,10,0.83,0,1,6,2,0.54,0.83,0.79,0.5,190,151,11,130,124,32,9,0,32,5,4,670,0.04,0.7,0.26
0,3,0,1,1,49,22,20,0.91,25,20,0.8,1,2,7,3,0.61,0.8,0.91,0.47,191,159,11,134,119,57,13,2,42,7,5,890,0.02,0.6,0.38
1,5,1,0,2,50,20,19,0.95,23,19,0.83,2,4,8,0,0.63,1,0.85,0.83,189,159,8,138,122,52,9,1,48,4,2,890,0.08,0.45,0.47
1,3,2,2,4,34,13,12,0.92,15,11,0.73,1,1,5,0,0.71,1,0.76,0.57,189,159,7,131,124,47,5,0,32,6,5,673,0.03,0.46,0.51
1,1,1,1,2,37,15,15,1,18,16,0.89,1,2,1,1,0.7,0.92,0.73,0.46,187,164,15,133,121,56,11,2,50,6,4,760,0.06,0.45,0.49
1,5,1,0,5,42,18,16,0.89,19,16,0.84,1,3,3,0,0.55,1,0.82,0.64,196,154,6,132,123,48,7,1,34,14,9,690,0.07,0.62,0.31
0,0,0,0,12,24,5,4,0.8,7,4,0.57,0,1,2,0,0.7,1,0.58,0.63,183,168,10,133,124,50,5,0,27,4,3,580,0.02,0.18,0.81
0,0,0,1,13,23,4,3,0.75,5,4,0.8,1,2,6,3,0.64,0.77,0.78,0.31,185,176,14,137,126,45,8,1,31,5,4,520,0.06,0.26,0.68
1,3,2,0,10,25,7,7,1,8,6,0.75,2,2,3,1,0.73,0.83,0.88,0.5,185,180,8,129,118,42,7,0,29,7,3,460,0.02,0.14,0.84
1,2,0,5,6,39,11,10,0.91,20,17,0.85,3,6,3,0,0.76,1,0.79,0.78,199,166,7,130,122,46,12,2,42,2,1,620,0,0.51,0.49
0,1,0,1,3,28,10,9,0.9,12,10,0.83,0,2,1,2,0.74,0.78,0.72,0.33,197,163,8,131,125,36,9,2,30,2,2,510,0.02,0.32,0.66
1,3,2,0,2,23,10,10,1,11,9,0.82,0,1,4,1,0.61,0.89,0.86,0.56,195,159,4,133,123,31,8,1,27,6,3,360,0.03,0.11,0.86
1,5,1,1,2,33,14,13,0.93,16,13,0.81,1,2,2,0,0.56,1,0.8,0.67,199,163,6,132,121,41,6,2,31,5,4,510,0.02,0.25,0.74
0,1,1,3,12,34,9,7,0.78,10,7,0.7,4,8,6,3,0.66,0.85,0.68,0.45,200,155,21,130,122,56,7,4,47,7,5,910,0.04,0.31,0.65
1,2,2,0,2,28,11,10,0.91,15,11,0.73,0,2,5,0,0.68,1,0.92,0.67,196,157,2,134,121,46,9,1,29,5,3,610,0.04,0.31,0.65
1,3,2,0,3,28,10,9,0.9,15,12,0.8,1,3,3,1,0.86,0.75,0.71,0.25,193,151,11,135,124,44,6,2,34,1,1,760,0.04,0.28,0.69
1,3,1,1,4,36,15,14,0.93,16,13,0.81,2,4,9,1,0.77,0.92,0.7,0.38,193,151,22,133,124,58,11,2,50,4,3,990,0.03,0.29,0.68
1,1,1,2,2,21,8,8,1,9,6,0.67,2,4,6,0,0.64,1,0.81,0.78,192,159,1,134,126,46,7,2,32,5,5,860,0.05,0.15,0.81
1,2,2,1,5,23,8,6,0.75,9,7,0.78,1,3,6,1,0.71,0.9,0.68,0.5,195,158,7,135,121,52,5,3,34,9,7,950,0.05,0.22,0.73
1,4,3,1,3,22,8,7,0.88,10,9,0.9,0,2,5,1,0.67,0.86,0.64,0.57,188,155,6,131,121,49,3,2,32,8,6,910,0.05,0.29,0.66
1,5,2,2,8,26,7,5,0.71,9,7,0.78,2,1,2,0,0.64,1,0.72,0.8,196,157,7,132,124,39,6,3,40,2,1,610,0.03,0.43,0.54
1,4,3,0,2,24,10,8,0.8,12,8,0.67,2,0,1,0,0.72,1,0.72,0.29,196,149,5,133,125,42,5,2,29,3,2,760,0.06,0.22,0.71
1,2,2,0,1,27,11,10,0.91,15,10,0.67,2,0,0,2,0.64,0.78,0.75,0.56,199,145,5,136,123,38,5,2,29,3,2,990,0.05,0.15,0.81
1,3,2,1,1,16,7,7,1,7,5,0.71,1,1,4,0,0.64,1,0.79,0.63,192,154,6,134,123,45,7,1,27,4,3,1058,0.04,0.45,0.51
0,2,2,2,5,37,14,12,0.71,16,12,0.75,1,3,1,5,0.49,0.72,0.72,0.47,190,151,14,138,125,58,5,3,46,7,5,1919,0.08,0.4,0.52
1,4,2,1,4,21,8,7,0.88,8,7,0.88,1,2,6,1,0.75,0.9,0.93,0.4,191,150,6,137,126,46,4,2,29,5,4,946,0.06,0.22,0.71
1,5,2,0,2,20,8,8,1,10,9,0.9,1,0,6,1,0.83,0.89,1,0.33,189,152,4,138,127,40,5,0,27,4,3,793,0.05,0.25,0.71
1,3,2,2,3,22,9,8,0.89,8,7,0.88,0,1,5,1,0.65,0.86,0.92,0.57,191,154,7,133,123,35,3,0,29,5,4,1044,0.08,0.41,0.51
1,3,2,1,2,28,13,11,0.85,12,10,0.83,1,2,5,2,0.54,0.83,0.71,0.67,187,155,9,133,124,40,4,0,31,4,3,1326,0.05,0.31,0.64
1,4,2,1,2,25,12,12,1,10,7,0.7,0,3,3,2,0.73,0.71,0.79,0.29,190,156,4,134,118,36,4,0,29,4,3,1206,0.03,0.45,0.52
0,4,1,2,5,44,18,15,0.83,19,14,0.74,1,5,5,3,0.68,0.73,0.78,0.64,192,164,20,132,122,32,5,2,46,6,3,2302,0.03,0.45,0.52
1,3,2,0,1,28,13,10,0.77,14,12,0.86,0,2,3,1,0.67,0.9,0.7,0.7,190,154,13,130,120,47,6,2,31,4,3,1871,0.05,0.48,0.47
1,4,2,0,3,28,14,13,0.93,11,9,0.82,0,2,3,2,0.59,0.87,0.82,0.27,190,156,11,131,121,46,6,2,32,4,3,1687,0.04,0.44,0.52
1,5,2,1,1,36,17,15,0.88,17,13,0.76,1,5,4,1,0.57,0.92,0.76,0.54,188,156,8,132,118,44,5,1,29,3,2,1310,0.06,0.55,0.39
0,1,0,0,2,33,16,14,0.88,15,11,0.73,0,2,3,0,0.75,1,0.5,0.5,190,155,11,133,126,38,6,0,19,2,1,1183,0.03,0.47,0.5
1,4,2,1,2,30,13,12,0.92,14,11,0.78,0,1,3,1,0.53,0.95,0.74,0.5,188,155,16,130,119,39,5,1,31,6,3,2614,0.02,0.38,0.6
1,4,2,0,1,28,11,10,0.91,16,12,0.75,1,1,2,0,0.7,1,0.74,0.5,187,164,10,131,118,42,3,1,29,6,5,1596,0.05,0.42,0.53
1,3,2,0,0,23,10,9,0.9,13,9,0.77,0,1,1,0,0.63,1,0.92,0.71,186,156,4,128,124,45,3,1,28,4,3,1079,0.02,0.48,0.51
0,2,0,1,1,41,15,12,0.8,18,16,0.89,1,2,5,3,0.56,0.86,0.61,0.59,192,155,17,127,121,49,6,1,37,9,6,2864,0.04,0.43,0.53
1,7,2,0,0,30,15,13,0.87,15,13,0.87,1,1,1,0,0.74,1,0.86,0.8,190,156,3,127,120,36,5,1,29,6,5,1364,0.01,0.37,0.62
1,6,2,0,1,32,15,13,0.87,16,13,0.81,1,1,3,0,0.64,1,0.79,0.75,187,153,3,136,119,38,5,1,30,6,4,1523,0.02,0.48,0.5
1,1,1,1,1,27,12,11,0.92,13,11,0.85,0,3,3,1,0.64,0.89,0.81,0.67,186,158,5,135,117,43,6,1,32,7,5,1156,0.03,0.46,0.51
0,0,0,0,2,37,14,13,0.93,15,12,0.8,1,2,2,1,0.82,0.8,0.78,0,193,158,11,127,120,66,3,0,31,4,2,756,0.04,0.47,0.49
1,3,2,1,3,18,7,7,1,7,6,0.86,0,2,2,0,0.5,1,0.77,0.62,190,157,7,134,119,56,5,1,29,5,4,1245,0.03,0.16,0.8
1,3,1,0,5,25,11,10,0.91,10,7,0.7,0,1,3,0,0.71,1,0.83,0.3,189,160,13,125,116,58,6,0,34,5,3,1960,0.06,0.26,0.68
0,0,0,0,3,37,17,16,0.94,19,17,0.89,0,2,1,0,0.67,1,0.71,0.42,187,152,11,124,115,56,3,1,31,3,1,1841,0.02,0.29,0.69
1,3,3,0,4,24,10,8,0.8,10,6,0.6,1,2,4,1,0.58,0.91,0.73,0.55,188,156,7,123,111,47,3,1,28,3,2,1531,0.07,0.26,0.67
0,0,0,0,3,23,10,9,0.9,10,8,0.8,1,1,4,2,0.55,0.86,0.88,0.36,187,143,10,125,115,42,7,3,28,13,8,1066,0.05,0.4,0.55
0,5,0,1,4,34,13,12,0.92,16,13,0.81,1,2,1,1,0.47,0.94,0.87,0.41,185,140,14,124,113,38,8,4,31,12,7,1130,0.04,0.28,0.69
0,1,1,0,3,32,15,15,1,14,10,0.71,1,3,1,0,0.62,1,0.67,0.45,186,138,14,127,115,40,11,4,27,11,6,1004,0.04,0.31,0.65
1,2,1,1,3,22,12,8,0.7,10,7,0.7,2,2,2,1,0.64,0.5,0.8,0.57,188,151,7,130,124,30,14,3,30,9,8,1200,0.04,0.5,0.8
1,2,2,0,2,28,14,9,0.7,14,11,0.8,1,3,3,0,0.68,0.92,0.85,0.67,196,153,5,127,121,16,10,10,35,8,11,1066,0.03,0.37,0.7
1,3,3,2,1,24,13,9,0.7,11,9,0.8,2,1,4,0,0.7,1,1,0.75,195,152,2,128,121,16,6,1,24,5,6,1020,0.03,0.45,0.8
1,3,2,3,2,17,10,7,0.7,7,4,0.6,2,3,3,0,0.7,1,0.85,0.6,188,151,4,120,115,34,28,10,30,5,3,1500,0.01,0.1,0.8
0,2,1,3,5,32,15,9,0.6,17,13,0.8,1,2,2,1,0.65,0.9,0.75,0.6,196,153,8,115,115,37,25,12,35,7,5,2300,0.01,0.2,0.9
1,4,2,5,3,23,13,10,0.8,10,8,0.8,1,0,2,0,0.75,1,0.8,0.5,195,152,5,130,120,44,27,8,30,8,5,2000,0.06,0.2,0.8
1,3,3,4,3,13,5,3,0.6,8,5,0.6,2,2,2,1,0.8,0.9,0.9,0.75,195,152,3,125,120,42,34,4,24,6,4,1500,0.02,0.1,0.8
1,5,2,3,1,35,18,10,0.55,17,10,0.58,2,0,4,1,0.68,0.9,0.72,0.55,195,155,8,127,121,36,29,9,40,7,4,2200,0.1,0.1,0.8
1,3,1,3,0,24,14,9,0.6,10,7,0.7,5,3,3,0,0.69,1,0.76,0.6,190,152,6,130,125,44,27,9,30,8,6,2000,0.1,0.03,0.8
1,4,2,1,1,30,17,11,0.64,13,11,0.8,4,0,4,1,0.7,0.9,0.74,0.6,193,149,8,129,124,34,27,3,30,8,5,2000,0.03,0.2,0.8
1,6,2,2,1,22,12,8,0.66,10,9,0.9,3,1,2,0,0.65,1,0.75,0.67,195,155,8,125,118,16,8,6,30,7,4,1500,0.02,0.1,0.9
1,5,2,0,3,16,9,8,0.88,7,5,0.71,2,0,3,1,0.7,0.9,0.82,0.7,190,152,5,122,115,20,8,2,30,10,7,1500,0.01,0.1,0.8
1,4,2,2,2,24,13,10,0.76,11,8,0.72,0,3,4,0,0.7,1,0.8,0.65,193,149,6,125,122,17,9,7,33,8,5,1500,0.01,0.1,0.8
1,6,2,1,2,24,14,10,0.71,10,7,0.7,5,0,4,0,0.68,1,0.82,0.75,195,155,6,131,125,17,7,6,30,7,4,2200,0.02,0.1,0.8
1,5,2,0,1,18,11,8,0.72,9,7,0.77,3,4,5,1,0.7,0.9,0.85,0.7,190,152,5,130,125,22,5,3,30,10,7,1200,0.03,0.08,0.8
1,4,1,2,2,30,13,8,0.61,17,14,0.82,2,2,5,0,0.75,1,0.78,0.6,193,149,8,129,124,18,9,6,33,8,6,1600,0.03,0.1,0.8
1,5,3,2,3,35,16,11,0.68,19,15,0.78,2,3,4,1,0.65,0.9,0.75,0.6,195,155,10,127,121,24,10,6,40,7,5,2100,0.03,0.1,0.8
1,3,2,0,1,12,7,5,0.71,5,4,0.8,4,0,5,0,0.75,1,0.85,0.7,190,152,5,130,125,20,7,3,30,10,7,1400,0.02,0.1,0.9
1,4,2,4,2,18,11,8,0.72,9,6,0.66,3,3,5,0,0.77,1,0.8,0.65,193,149,8,129,124,19,6,5,30,8,7,1300,0.04,0.1,0.8
1,2,1,0,0,23,14,9,0.64,9,5,0.55,2,0,3,0,0.68,1,0.94,0.6,195,155,7,129,120,18,8,4,30,7,5,1600,0.05,0.1,0.9
1,1,0,1,2,34,15,7,0.46,17,8,0.47,1,0,5,1,0.69,0.9,0.78,0.55,190,152,8,125,124,22,10,8,40,10,5,2300,0.02,0.07,0.9
1,2,1,2,3,35,14,7,0.5,21,13,0.61,2,1,6,0,0.68,1,0.8,0.6,193,149,7,126,124,20,13,7,40,6,3,2100,0.02,0.07,0.9
1,6,5,2,3,18,8,6,0.75,10,9,0.9,4,0,3,1,0.68,0.8,0.94,0.6,195,155,2,129,120,18,4,2,24,4,3,1500,0.01,0.1,0.8
1,1,1,3,4,24,10,7,0.7,14,9,0.64,2,5,2,0,0.68,1,0.8,0.65,190,152,5,125,124,18,8,4,30,7,6,1500,0.05,0.1,0.8
1,4,2,2,2,30,16,13,0.81,14,8,0.57,3,1,4,1,0.7,0.85,0.75,0.55,190,150,8,126,124,17,7,6,30,6,5,2000,0.03,0.08,0.9
1,4,2,0,3,25,14,8,0.57,11,7,0.63,2,1,3,1,0.65,0.8,0.78,0.55,195,155,8,129,120,21,9,5,35,6,4,1500,0.03,0.1,0.8
1,5,3,0,1,18,10,8,0.8,8,5,0.62,1,0,4,0,0.75,1,0.85,0.7,190,152,5,125,124,20,4,6,30,8,7,1500,0.01,0.1,0.9
1,3,2,2,2,18,8,7,0.87,10,9,0.9,1,0,5,0,0.8,1,0.8,0.65,190,150,6,126,124,23,5,2,30,7,5,2000,0.06,0.1,0.8
0,2,0,2,1,36,16,10,0.62,20,12,0.6,2,1,2,1,0.65,0.8,0.68,0.5,185,150,10,125,120,12,7,6,25,5,3,3000,0.06,0.1,0.8
0,1,0,1,0,35,20,10,0.5,15,10,0.66,1,0,3,0,0.7,1,0.7,0.55,195,155,12,125,120,13,5,7,25,6,3,3000,0.02,0.1,0.7
1,4,3,1,0,18,11,9,0.81,9,8,0.88,2,3,5,0,0.8,1,0.85,0.75,200,155,5,130,120,22,4,4,30,7,5,1500,0.03,0.1,0.8
1,5,3,3,1,18,11,10,0.9,9,8,0.88,1,0,4,0,0.65,1,0.8,0.7,195,150,6,130,120,21,5,4,30,9,6,1500,0.03,0.1,0.8
1,2,1,1,2,20,12,8,0.66,8,6,0.75,3,1,6,0,0.85,1,0.82,0.65,195,150,5,130,120,18,7,5,30,5,3,2000,0.03,0.1,0.9
1,4,2,2,1,24,14,11,0.78,10,8,0.8,2,0,3,0,0.68,1,0.94,0.6,195,155,5,125,120,20,7,3,30,7,5,1500,0.03,0.1,0.8
1,3,1,3,0,36,16,9,0.56,20,11,0.55,1,0,5,1,0.6,0.92,0.78,0.66,190,152,8,125,120,22,7,11,40,10,6,1500,0.01,0.1,0.9
1,2,1,1,2,25,15,8,0.5,10,7,0.7,2,1,4,0,0.7,1,0.8,0.65,190,150,7,125,120,18,8,4,30,8,6,2000,0.03,0.1,0.8
1,4,2,2,1,24,14,11,0.78,10,8,0.8,2,0,3,0,0.68,1,0.94,0.6,195,155,5,125,120,20,7,3,30,7,5,1500,0.03,0.1,0.8
1,3,1,3,0,36,16,9,0.56,20,11,0.55,1,0,5,1,0.6,0.92,0.78,0.66,190,152,8,125,120,22,7,11,40,10,6,1500,0.01,0.1,0.9
1,2,1,1,2,25,15,8,0.5,10,7,0.7,2,1,4,0,0.7,1,0.8,0.65,190,150,7,125,120,18,8,4,30,8,6,2000,0.03,0.1,0.8
1,3,1,1,3,24,13,8,0.61,11,7,0.63,2,2,3,0,0.68,1,0.85,0.6,195,155,5,129,120,23,7,5,35,7,6,1500,0.01,0.1,0.8
1,4,2,0,4,34,15,12,0.8,19,15,0.79,1,3,5,0,0.68,1,0.8,0.7,195,155,8,125,124,21,4,5,30,7,6,1500,0.06,0.2,0.7
1,2,1,0,2,36,17,10,0.58,19,8,0.42,1,0,4,1,0.65,0.92,0.75,0.65,195,155,7,126,124,22,12,6,40,8,4,2500,0.02,0.2,0.8
1,2,1,1,1,30,16,11,0.69,14,8,0.57,6,0,5,0,0.65,1,0.85,0.6,195,155,5,130,120,21,9,5,35,7,5,2000,0.01,0.1,0.8
1,3,0,0,7,36,19,10,0.53,17,8,0.47,1,8,10,1,0.7,0.9,0.78,0.55,190,152,18,125,125,23,10,12,45,10,7,2300,0.06,0.1,0.8
1,3,2,0,3,30,15,10,0.67,15,10,0.67,2,1,8,0,0.65,1,0.8,0.65,190,150,12,130,125,23,7,5,35,8,5,2000,0.03,0.08,0.9
1,3,2,0,0,34,12,10,0.83,22,20,0.91,2,0,4,0,0.71,0.95,0.82,0.62,193,152,7,128,114,34,8,0,32,9,7,1024,0.2,0.5,0.3
0,4,1,2,0,34,14,11,0.79,20,17,0.85,1,0,3,2,0.65,0.89,0.76,0.5,189,148,11,125,112,50,12,0,34,8,5,1587,0.2,0.5,0.3
1,5,1,0,6,26,10,9,0.9,16,15,0.94,1,2,2,1,0.69,0.94,0.81,0.67,191,156,6,131,118,41,8,0,30,7,5,1342,0.1,0.5,0.4
1,3,1,0,4,27,9,8,0.89,18,17,0.94,0,0,2,1,0.67,0.93,0.77,0.6,190,154,8,134,120,46,8,2,32,11,8,1215,0.2,0.5,0.3
1,4,1,0,4,25,9,8,0.89,12,10,0.83,0,0,2,0,0.7,1,0.94,0.71,193,152,5,132,118,39,8,0,32,0,0,595,0.1,0.5,0.4
0,3,1,0,5,23,9,8,0.89,11,10,0.91,0,0,1,0,0.59,0.91,0.63,0.45,189,148,11,128,115,39,4,2,21,0,0,423,0.1,0.6,0.3
1,0,0,2,8,40,17,14,0.82,19,15,0.79,0,0,6,0,0.62,0.94,0.79,0.59,191,156,11,135,121,29,14,6,44,5,3,1112,0.1,0.5,0.4
1,6,1,0,1,22,10,8,0.8,7,7,1,0,0,2,0,0.54,1,0.54,0.64,190,154,5,138,123,40,6,2,28,2,2,486,0.1,0.5,0.4
1,3,1,0,7,34,17,14,0.82,14,10,0.71,0,0,4,0,0.67,1,0.88,0.75,197,160,11,125,115,42,5,0,35,3,3,813,0.1,0.6,0.3
1,4,2,1,3,26,7,6,0.86,15,12,0.8,0,0,4,0,0.64,1,0.79,0.63,194,155,11,130,118,27,9,2,23,5,1,544,0.1,0.6,0.3
1,0,0,1,5,39,24,18,0.75,15,12,0.8,1,0,2,0,0.71,1,0.89,0.45,190,150,13,122,112,36,9,1,41,4,3,1089,0.1,0.5,0.4
1,5,3,2,3,21,13,8,0.62,8,8,1,0,2,2,2,0.58,0.75,0.82,0.63,195,160,4,128,118,24,4,2,27,4,3,665,0.1,0.6,0.3
1,6,3,1,3,16,9,7,0.78,7,7,1,0,0,8,2,0.77,0.67,0.75,0.5,192,156,8,130,120,25,6,2,30,2,1,534,0.1,0.6,0.3
1,1,1,1,2,21,12,9,0.75,9,3,0.33,0,2,7,1,0.71,0.86,0.58,0.57,190,155,2,122,112,33,2,4,25,3,2,645,0.1,0.6,0.3
1,8,0,2,11,61,32,25,0.78,29,25,0.86,2,1,5,0,0.48,1,0.85,0.64,187,153,13,122,110,61,8,0,53,2,2,1268,0.1,0.6,0.3
0,7,0,2,1,41,25,17,0.68,16,9,0.56,2,2,6,2,0.66,0.8,0.79,0.5,185,151,8,125,112,33,15,2,31,1,1,780,0.1,0.5,0.4
1,4,2,3,4,20,9,8,0.89,11,9,0.82,3,0,7,1,0.79,0.75,0.87,0.75,189,155,1,120,108,34,6,0,27,3,3,505,0.1,0.5,0.4
1,7,2,4,3,30,21,18,0.86,9,7,0.78,5,0,3,0,0.72,1,0.56,0.43,186,152,5,124,113,32,6,6,33,0,0,550,0.1,0.4,0.5
0,0,0,0,4,22,12,8,0.67,10,9,0.9,0,0,0,2,0.43,0.83,0.44,0.42,190,155,15,125,120,29,5,2,14,4,3,470,0.1,0.5,0.4
0,0,0,0,1,20,14,11,0.79,6,3,0.5,0,0,0,1,0.75,0.83,0.56,0.5,195,160,14,130,125,35,4,0,17,1,1,442,0.1,0.5,0.4
1,0,0,0,4,36,18,11,0.61,18,9,0.5,1,2,4,0,0.75,1,0.79,0.45,203,165,13,140,135,43,5,1,23,2,2,949,0.1,0.6,0.3
0,0,0,1,4,30,20,15,0.75,10,7,0.7,0,0,2,1,0.7,0.88,0.48,0.5,200,160,12,135,120,32,8,0,26,3,2,458,0.1,0.6,0.3
1,5,2,0,0,24,16,7,0.44,8,6,0.75,0,0,3,2,0.37,0.88,0.82,0.73,185,151,9,125,115,48,2,1,29,0,0,468,0.1,0.6,0.3
1,5,3,2,3,30,14,14,1,16,13,0.81,1,0,2,1,0.57,0.9,0.54,0.6,188,455,10,128,118,40,3,2,29,3,1,487,0.1,0.6,0.3
1,7,1,1,2,37,21,18,0.86,16,14,0.88,0,0,3,6,0.45,0.71,0.86,0.75,190,155,10,130,120,55,1,2,35,5,3,561,0.1,0.7,0.2
1,7,1,2,1,32,17,13,0.76,15,11,0.73,1,1,1,3,0.44,0.86,0.84,0.52,185,156,12,121,112,49,11,2,42,1,1,812,0.1,0.6,0.3
1,5,2,2,1,36,18,15,0.83,18,11,0.61,1,0,1,5,0.45,0.78,0.73,0.67,189,153,14,123,115,48,9,3,42,1,1,863,0.1,0.6,0.3
1,3,1,0,0,3,3,3,1,0,0,0,0,0,0,1,0,1,0,1,192,151,0,121,111,6,0,0,8,1,1,94,0.1,0.7,0.2
0,5,0,4,1,34,13,8,0.62,21,13,0.62,1,1,5,1,0.5,0.92,0.83,0.64,191,146,8,124,109,38,6,2,29,6,2,789,0.1,0.6,0.3
0,0,0,3,3,28,15,9,0.6,13,9,0.69,3,0,3,4,0.6,0.69,0.75,0.67,187,150,14,119,112,34,3,1,27,6,4,802,0.1,0.7,0.2
1,3,3,2,2,23,12,9,0.75,11,8,0.73,1,0,3,3,0.59,0.73,0.63,0.89,192,148,11,123,108,33,8,4,33,8,4,680,0.1,0.7,0.2
0,7,1,5,3,39,23,17,0.74,16,10,0.63,0,0,6,6,0.61,0.67,0.68,0.42,196,153,13,121,105,38,5,2,38,5,2,795,0.1,0.6,0.3
