"Indicator","Operational definition","Code","model_column"
"Break Points","Number of opportunities to break the opponent's serve.","X1","Break Points"
"Service Breaks","Number of opponent service games broken.","X2","Service Breaks"
"Drive Returns","Number of aggressive or driven returns.","X3","Drive Returns"
"Slice/Block Returns","Number of sliced or blocked returns.","X4","Slice/Block Returns"
"Total Returns","Total number of returns recorded in the set.","X5","Total Returns"
"Backhand Returns","Number of returns played with the backhand.","X6","Backhand Returns"
"Backhand Returns Won","Number of backhand returns recorded as successful in the source statistics.","X7","Backhand Returns Won"
"Backhand Return Win","Recorded proportion of successful backhand returns.","X8","Backhand Return Win "
"Forehand Returns","Number of returns played with the forehand.","X9","Forehand Returns"
"Forehand Returns Won","Number of forehand returns recorded as successful in the source statistics.","X10","Forehand Returns Won"
"Forehand Return Win","Recorded proportion of successful forehand returns.","X11","Forehand Return Win "
"Drive (3rd Shot)","Number of driven third shots.","X12","Drive (3rd Shot)"
"Slice/Block (3rd Shot)","Number of sliced or blocked third shots.","X13","Slice/Block (3rd Shot)"
"Aces","Number of aces.","X14","Aces"
"Double Faults","Number of double faults.","X15","Double Faults"
"1st Serve In","Proportion of first serves landing in.","X16","1st Serve In "
"2nd Serve In","Proportion of second serves landing in.","X17","2nd Serve In "
"1st Serve Pts Won","Proportion of points won behind the first serve.","X18","1st Serve Pts Won "
"2nd Serve Pts Won","Proportion of points won behind the second serve.","X19","2nd Serve Pts Won "
"1st Serve Speed (km/h)","Recorded first-serve speed, in km/h.","X20","1st Serve Speed (km/h)"
"2nd Serve Speed (km/h)","Recorded second-serve speed, in km/h.","X21","2nd Serve Speed (km/h)"
"Unforced Errors","Number of unforced errors.","X22","Unforced Errors"
"Forehand Avg Speed","Recorded average forehand speed.","X23","Forehand Avg Speed"
"Backhand Avg Speed","Recorded average backhand speed.","X24","Backhand Avg Speed"
"Rally ≤4 Shots","Number of rallies containing four or fewer shots.","X25","Rally ≤4 Shots"
"Rally 5–9 Shots","Number of rallies containing five to nine shots.","X26","Rally 5–9 Shots"
"Rally ≥10 Shots","Number of rallies containing ten or more shots.","X27","Rally ≥10 Shots"
"Total Points Won","Total points won during the completed set.","X28","Total Points Won"
"Net Approaches","Number of approaches to the net.","X29","Net Approaches"
"Winners","Count exported as Winners from the original score-count field.","X30","Winners"
"Distance per Set (m)","Recorded distance covered during the set, in metres.","X31","Distance per Set (m)"
"Forecourt Short Balls","Proportion of recorded balls in the forecourt zone.","X32","Forecourt Short Balls"
"Midcourt Balls","Proportion of recorded balls in the midcourt zone.","X33","Midcourt Balls"
"Backcourt Deep Balls","Proportion of recorded balls in the backcourt zone.","X34","Backcourt Deep Balls"
