path,sha256,bytes
data/indicator_dictionary.csv,180bc3eb135c9e622d457171d4b06aa57d9f4651b80433b4dbc2d855e99755c6,3183
data/raw/19年小德硬地技术统计.xlsx,c1a37f71231fd687549bbd278c1d1128a8ebece06f525623e119fb69c7604d96,15403
data/raw/2020小德硬地技术统计.xlsx,49bc0a58f0886945d917f9c9808820a4f92b2480a17d53e328cc6594fb1d89ca,14310
data/raw/21年小德硬地技术统计.xlsx,0535a6f871e31dd2467d4936fe3e7db74ab3c1634bc45c4a466da18beca405a9,21252
data/raw/23年小德硬地技术统计-修正.xlsx,9df5fabdac7a2e05ab0e4e8b4f6ca1efca1c9a3489d5ce4652c25f435757bf25,17075
data/raw/24年小德硬地技术统计.xlsx,ea4dc528d322ca4b3b67433fd9fe255bb925bdd009fe3d5a0f8b0e70adb641bc,14949
data/raw/25年小德硬地技术统计.xlsx,a17428af4407a7a1961e68753fe46e23270afb0ce5834a692aac64a2d865326e,16278
data/processed/test_grouped.csv,71be006c03e0861337eb490c74cf013cd5d6559d3df727b742219923df312489,7715
data/processed/train_grouped.csv,ce81d30145adc57b99270899beebb534bb11a777f3a701cc240b94e4fb6d9ffe,35458
data/reference/backhand_ablation.json,32beee07a815316d48c44bfa55b70bd41b2f76241193e17530a660f4254c3c56,2028
data/reference/backhand_ablation_outer_predictions.csv,fa681d7088ce0c3ee0051551ba89a8ce3960c20b811d89e2b66a704e7431adeb,12395
data/reference/backhand_ablation_test_predictions.csv,c7c2dec81e4d36752d4fa3163acbb7aae2e8cf6d6a193e21005a3114915aedf1,2530
data/reference/calibration_table_source.csv,d69357eecbdbb2911df811daa79f402f6d231de4efa63485e5cdad86ba061b71,1313
data/reference/data_verification.json,b2a5c7f379e3086ee270e241677267e6390c4c044f2a49e06ec0e5adac162cdb,19720
data/reference/eight_feature_outer_predictions.csv,0b3404f420d152e23d029bb61d77de1f0663ff5f39ba69daad58d73b1aa0e90c,9404
data/reference/eight_feature_results.json,788024c4f00e318bf36e534943be2e82942d3b286050ed4443d6b1fd1625e92d,6856
data/reference/eight_feature_test_predictions.csv,574c3836c9dcaec1f61792eadf00e6f103edab33acf89855d84df87410841455,1979
data/reference/feature_ablation.csv,c8e00b4c99b0627b0b4efbc4fcba89c9e6183e9649a8039bfe65483fe3afea07,7772
data/reference/full_auc_SHAP_seed142.npz,3fedf3c5b603d9baf287ea0b052176129927e7389015d0405294fadcf6cca1f2,10222
data/reference/full_auc_SHAP_seed242.npz,0d8275baec09dd4cc989c0417b1565d7c53e1828e8baa567e2eb130c070c44d0,10221
data/reference/full_auc_SHAP_seed42.npz,22f805f2d71bc2f308cd52e44043b98d456e391dbadf24dc6ad22e1c2f2cf556,10223
data/reference/match_mapping.csv,83295ea1d28677de95e3b4d1b846220043ffdc47bfca426226ece2c0d9e343c5,51837
data/reference/member_shap/shap_AdaB_seed142.npz,1c7a2ff0ade39e11fafcf3ef843adb91cdcb4f0e3275a8b176260abaa201887b,10483
data/reference/member_shap/shap_AdaB_seed242.npz,7db4caf2a5df0a1b954045ff03b1369696a3fbafd96101e472d1f2a5aa69a306,10500
data/reference/member_shap/shap_AdaB_seed42.npz,8c58a83aca2b269ba810f86b0fae79be4ae7e0b035cff3eeceeb802d30a62ffd,10502
data/reference/member_shap/shap_DT_seed142.npz,f62c57a97f2bdd60d9c6dbe81410ab41230d744705ae37c1e6ee87461ccc9be4,10504
data/reference/member_shap/shap_DT_seed242.npz,164d5e4b7837a2d94c25e0fc835bb0b94383613bc906d8a7a11bd013b48d6a62,10510
data/reference/member_shap/shap_DT_seed42.npz,1743dcbc24961b794fc5590c9b9d47bfef2cac67c1ad7c0cbb8164b9bba4ddd5,10513
data/reference/member_shap/shap_GB_seed142.npz,738db00690f8ea0382cb6be4fb33b69eb797c456744d7b95cedcd4316796f46a,10488
data/reference/member_shap/shap_GB_seed242.npz,6f14c3c3a2c32cb02139f7406903b58c3c2ca080169cb8a3567e9d4ad0a4c333,10467
data/reference/member_shap/shap_GB_seed42.npz,120ee651b382f3f6b0f734f435622b00bdc4be785e1a58c87b3828b33cf7d29d,10482
data/reference/member_shap/shap_GNB_seed142.npz,ac32a32e0f162e24626b868ba8604ed205fe10c5b50b74efbc0e7d571170b914,10481
data/reference/member_shap/shap_GNB_seed242.npz,fe02c10cfde98c525810b428c17f0b65b824ec87069638b6783ac2de374cdcea,10488
data/reference/member_shap/shap_GNB_seed42.npz,b06eb8c1b6d797d0698d28cea172d27adf447765f4dbd7c6ce23eb39cbdfbe5e,10471
data/reference/member_shap/shap_KNN_seed142.npz,928eea6e758d210702a1323f58d68800abcf1645110181b0a5ffd4a2be293d59,10471
data/reference/member_shap/shap_KNN_seed242.npz,3e4f8445a5265a51eb84cd8571a1abd929f8dbfc648fa3e0f566eeb4b41a0977,10464
data/reference/member_shap/shap_KNN_seed42.npz,9788ec26718485b6fb4f205f6ff4908b52e2aae44633b1f0ef91151698551926,10460
data/reference/member_shap/shap_Lasso_seed142.npz,846844f73b31130b5342185824905b8ba036cb89fa54531687e022f4b6509e26,10576
data/reference/member_shap/shap_Lasso_seed242.npz,09498a58abc428ce8fd240ab11ac888537c2c1db847142e5ff8c4e6a2121caf2,10565
data/reference/member_shap/shap_Lasso_seed42.npz,c0563910f69a396b5ea6b0d1fdfe55331fc3087a2308108f350079dbb15d3fb3,10580
data/reference/member_shap/shap_LDA_seed142.npz,b668273a6b25902c564d74efc236bb8265ed6869471f7532bdd30be0c6abd316,10503
data/reference/member_shap/shap_LDA_seed242.npz,9b1fff50c6be3059f944324dd4696c5d2967df737976e1b64630a50453aa6588,10503
data/reference/member_shap/shap_LDA_seed42.npz,b9730cbd9c9b38eb93df386bbb95c823f4d19dbca1ea97ba99f1af1c949fd2dc,10495
data/reference/member_shap/shap_LR_seed142.npz,e47a5b7d470d34fd152f6cdc08c57790548619aee098e2c67f4327e3f28e20a0,10490
data/reference/member_shap/shap_LR_seed242.npz,2ad498ebb520ca8feee0425157de7fa8c2a45590d1b25ad60a067afec31b6b2a,10498
data/reference/member_shap/shap_LR_seed42.npz,eddc88c31b4f8a71809a16816a0cfe6702ebdde43c42dced8c7bc891cb47821e,10500
data/reference/member_shap/shap_MLP_seed142.npz,27146b0e9a856b46eff7358e37580a3ad6d9e7fcffdfd3743df7f5079f761179,10500
data/reference/member_shap/shap_MLP_seed242.npz,54cb382cb1ed3b1bfc7da5f0d426f0fd18d98eb36ad9f0c8ffd8ac892c9709ed,10490
data/reference/member_shap/shap_MLP_seed42.npz,2aeaedadfa559c19533ec9505dc9f7ea0e75446f03ced007bacf348b6499ab2e,10489
data/reference/member_shap/shap_RF_seed142.npz,7840a45268552faa0690eb29b0fa2ce2ff861a13e13d94f1545851f61b8f3d5d,10481
data/reference/member_shap/shap_RF_seed242.npz,22901ef3d87f10ca2f182b8996669e1afd4be545eda35f9343d2778856e35e58,10487
data/reference/member_shap/shap_RF_seed42.npz,fe3c2f2d449a0a9d05e92d24d83259b38c6cb0903e52144c8cbcca7bca707bf6,10484
data/reference/member_shap/shap_Ridge_seed142.npz,c4e3fb877071e0fd400756eceae9fd7abd97739586c9b1160a22509b4dbcb6df,10502
data/reference/member_shap/shap_Ridge_seed242.npz,bd5c163090140eefd90f5e2590acaa97d3f7c86bbbd2a216a3399da2631f1f00,10503
data/reference/member_shap/shap_Ridge_seed42.npz,1653f92b0a80ac50ce245927c82abded10be7f02034fd7ff01944fd95bf20dec,10501
data/reference/member_shap/shap_SVR_seed142.npz,059065b6ed8c746d483b23cdc9f49ad6e870897188d28227f048b3aac909e7bb,10472
data/reference/member_shap/shap_SVR_seed242.npz,58b7396e7cc005e1653dc1412fa1973197865ff6c04877f439e5b4fc8fd5cb25,10487
data/reference/member_shap/shap_SVR_seed42.npz,3c251710319290c97839c9fd3fa55cf325d29f1ec623201e0193258aa9fefb2c,10491
data/reference/outer_predictions.csv,c1eb3686241d8965ad5ae2274a4adcb3c52ea2a6495c88dbf7c3ad1d19fcc597,25817
data/reference/prediction_matrices.npz,40394c5af3df22a674cdef3e1400a162cc0f2c1be77ff27ae67c688414394957,32379
data/reference/prediction_sensitivity.csv,e43655d7b98428b6521753e86456f8b8e404874a6e2578db9a0e272094502b90,47175
data/reference/primary_results.json,4e8044c374fad5e446b50c14918939f3f3a48103860243a48a3c2bf4e8fd68f5,17526
data/reference/reliability_individual_predictions.csv,730057a70f50ca6051b8cf4783ff2e1b287d57d75fc802d98395a6d0346c8e40,16429
data/reference/selection_comparators_outer_predictions.csv,a620e4a5dcb777a8640f60310769deb905527166438383fed9dc8aef522c17d2,25617
data/reference/selection_comparators_test_predictions.csv,4efc2a6123b48c6a73777b55db195681c5a69b1e4ec60031e910bd42b37fb968,5324
data/reference/shap_repeat30_ranks.csv,03f44c19266b82658397d34d02c14c0ee79fc3ee64307f74f104c7b2da48245f,3497
data/reference/shap_repeat30_summary.json,058352d096e8515512c51855b417b50a3697c05f7a4f1ff2631fab41fda3c69c,1823
data/reference/single_model_final_thresholds.csv,490862d3d7837eb61df66de01a0861f3b776d73ecc4c384619dca92b2b1ccb89,307
data/reference/single_model_outer_thresholds.csv,2a5fe034434e5cdec448906f007c42e72e872dc40908980e3bcfd6e30dcce4c8,1182
data/reference/single_model_results.json,8ceb208e9cc8fa12036bc72e08d8ef90f3ca74b25d2e231132d99827dc01b624,67539
data/reference/single_model_shap_ranks.csv,a700eff35d6b051c59cd91714e3ca09c286f0ef6c23c5f9e356168dcc09ce389,22525
data/reference/test_metric_cluster_bootstrap.json,b9da105015c11719dc0c51424bb791a05b4ffc6358252ee68e980dc8ff7f558f,709
data/reference/test_predictions.csv,c55073c87e31e06fd0ef9f9c178fd202ad69124f406c2167b8cb5544b7188496,5365
data/reference/top40_combinations.csv,6409917e796fc0e57d5ad94af45d358f49b865b387789cea2d9cadaf6f76ccb6,2536
data/reference/top40_feature_ranks.csv,011ea407d17c26e8a409cf07aa59a1094d7e97321064932b8737f0fe5af0f7fd,63804
data/reference/top40_summary.json,442469691cec8b1c3229fb5193140f6a8144daaaa13c70973adcebd9ba5bd583,1042
data/reference/tuned_member_shap/shap_AdaB_seed142.npz,e246b3f713783cdc08e691c981ed9a1df81847908fdf5607229567facd45aef1,10511
data/reference/tuned_member_shap/shap_AdaB_seed242.npz,e709487079db3b81a5121b66ecf18e7fbd4946339298e592dd51d10d9189d2b4,10500
data/reference/tuned_member_shap/shap_AdaB_seed42.npz,27b74082ead77c7a7d4feaeb99e3235176bf93f3780537717117538ad6b3acce,10497
data/reference/tuned_member_shap/shap_DT_seed142.npz,f62c57a97f2bdd60d9c6dbe81410ab41230d744705ae37c1e6ee87461ccc9be4,10504
data/reference/tuned_member_shap/shap_DT_seed242.npz,164d5e4b7837a2d94c25e0fc835bb0b94383613bc906d8a7a11bd013b48d6a62,10510
data/reference/tuned_member_shap/shap_DT_seed42.npz,1743dcbc24961b794fc5590c9b9d47bfef2cac67c1ad7c0cbb8164b9bba4ddd5,10513
data/reference/tuned_member_shap/shap_GB_seed142.npz,d2278dc43ed5edd2c371cc67e99392eaba620e60862e8999901e22f5ebf51e90,10503
data/reference/tuned_member_shap/shap_GB_seed242.npz,5d0b3edbb2f8456abe742a12c6b9ffd0de5a452d5a15df7fd977e284d7783d77,10527
data/reference/tuned_member_shap/shap_GB_seed42.npz,0d9c021b1373f431fa6a18b059a1adaa4a0b4bf30bed7d8f4e0e105a42583b55,10511
data/reference/tuned_member_shap/shap_GNB_seed142.npz,ac32a32e0f162e24626b868ba8604ed205fe10c5b50b74efbc0e7d571170b914,10481
data/reference/tuned_member_shap/shap_GNB_seed242.npz,fe02c10cfde98c525810b428c17f0b65b824ec87069638b6783ac2de374cdcea,10488
data/reference/tuned_member_shap/shap_GNB_seed42.npz,b06eb8c1b6d797d0698d28cea172d27adf447765f4dbd7c6ce23eb39cbdfbe5e,10471
data/reference/tuned_member_shap/shap_KNN_seed142.npz,6a1033869ab339f92f3b1edf23c34d3900a8335f1c9932bd15b68763f2317009,10469
data/reference/tuned_member_shap/shap_KNN_seed242.npz,0197892d90180d9f8c4dad8ac93ae4a7c3ff017c92a3f0d9b7c795f2f99b8c57,10480
data/reference/tuned_member_shap/shap_KNN_seed42.npz,2359ae647f71cd3e077ed985f206223a69ef60c9c64e1cbece02a3db8e85d5eb,10476
data/reference/tuned_member_shap/shap_Lasso_seed142.npz,d60da466f94cf892dce5e9eae74f6f8657fb3cc86ebd88188b61d1ac077e6feb,10502
data/reference/tuned_member_shap/shap_Lasso_seed242.npz,0993be79b8b39ebe5e803b1858e1912a54964fe265a5e0b39530a049f5e8714d,10518
data/reference/tuned_member_shap/shap_Lasso_seed42.npz,3dda04e13592f42273166f87d3c5a9db89cf65a5ad6952a2d68708fba5e6d6e8,10509
data/reference/tuned_member_shap/shap_LDA_seed142.npz,a23849f299d6b8557324f02d61a75cc6d2a041b6fa731bf1c831b72411a7a1ff,10500
data/reference/tuned_member_shap/shap_LDA_seed242.npz,3a262c26274f956196e53f0f006244bdb499242ada12122e158946452d0c79f5,10496
data/reference/tuned_member_shap/shap_LDA_seed42.npz,50a651b07b055cb7600c3233700cfe76efb7124afc17a756f937d9b3e06bbd51,10491
data/reference/tuned_member_shap/shap_LR_seed142.npz,e47a5b7d470d34fd152f6cdc08c57790548619aee098e2c67f4327e3f28e20a0,10490
data/reference/tuned_member_shap/shap_LR_seed242.npz,2ad498ebb520ca8feee0425157de7fa8c2a45590d1b25ad60a067afec31b6b2a,10498
data/reference/tuned_member_shap/shap_LR_seed42.npz,eddc88c31b4f8a71809a16816a0cfe6702ebdde43c42dced8c7bc891cb47821e,10500
data/reference/tuned_member_shap/shap_MLP_seed142.npz,1ac323c144b00cfc11ee96ddca001f91960b2cff1fa46893e918c00f6949aa14,10489
data/reference/tuned_member_shap/shap_MLP_seed242.npz,553737ee6eaa4f0a0271b6ff761b9774c0a9f1dfc2a00ae05acc48ca8485963a,10496
data/reference/tuned_member_shap/shap_MLP_seed42.npz,8539659768d71632173a289c3b49506ce1dc3ff1ed71bf6aed2becdda26db884,10487
data/reference/tuned_member_shap/shap_RF_seed142.npz,2f68d380b090d0856de57e6d85637716bd7ad84cdeb1595e4e53981d1f43bef6,10486
data/reference/tuned_member_shap/shap_RF_seed242.npz,ba864e72b4d9874e0661ba176277c67966506b76bd61ac61c50dcbc3450508e8,10494
data/reference/tuned_member_shap/shap_RF_seed42.npz,273f2d0827b0958d76cf45a780aa986d152eeccdcfb409a25e29fd8d3ec4cf82,10496
data/reference/tuned_member_shap/shap_Ridge_seed142.npz,a6dcba3dad17c898882ca4907aa51a32776ac2b035cd33f2d55120a271a87307,10503
data/reference/tuned_member_shap/shap_Ridge_seed242.npz,55ccb20e245f3304c7351f6f26bfffc333d01ba55e2da5e08fc7a7c0518ef406,10495
data/reference/tuned_member_shap/shap_Ridge_seed42.npz,8859ee89f2828810ede9706be2dfb5648e7701f73d140df0c48874f7cbe9e9dd,10516
data/reference/tuned_member_shap/shap_SVR_seed142.npz,20a86e2ef33613b4ee78519b365562848f79f87bd53d33caa89e917186370733,10473
data/reference/tuned_member_shap/shap_SVR_seed242.npz,69e3f848b49d9a6c7c5a52f92e93272fbee2b4c533b2002d8482734ca80465f4,10480
data/reference/tuned_member_shap/shap_SVR_seed42.npz,305b94761389d98a907dc933da98c0fcd1b3f5bf00a891a8574be81d1a2e75df,10476
data/reference/tuning_base_predictions.npz,b6dde7b96e99c9829edbf91ec4007b75f73d8bc1c6b993c80dfda7af2cf7cb02,35269
data/reference/tuning_results.json,18f37155490fb12a39cd00849ab67292275097bb4d5bad3a2e2356de25c62859,22796
data/reference/tuning_top40_feature_ranks.csv,bf86d442d941edc285b8ba7024c94ceefa8b666aae9e246c9d54e3b82e20b4af,63770
data/reference/tuning_top40_summary.json,eda57620cc7dd68602335a125747e7b0ad4cd487649d1704d3441a42b37e1b7d,1368
data/reference/two_feature_outer_predictions.csv,45953f4a2422472363a8a88e44b05b0edda450d9a4e3c942bc876e42611b6f43,8994
data/reference/two_feature_results.json,2c460de59be813b2039098d6afeecc6f0d52d9668ce817baa20e895ae4d401d6,3472
data/reference/two_feature_test_predictions.csv,761c2e945c3426dd2dea66220195e62f47544256bf13f18df102ae2d9d3bffe7,1976
