match_id,label,full,without_backhand
2019_AO_R128_Djokovic,1,0.9425629397322285,0.9405476424313783
2019_AO_R128_Djokovic,1,0.9546346679389675,0.9525808648789508
2019_AO_R128_Djokovic,1,0.90334701505759,0.9057741358397127
2019_AO_R64_Djokovic,1,0.9455028592261369,0.9485012881792054
2019_AO_R64_Djokovic,1,0.9321570666788057,0.9358185147296714
2019_AO_R64_Djokovic,1,0.8856842528735586,0.8913095607482011
2019_AO_R32_Djokovic,1,0.9767763617123766,0.9735263966521925
2019_AO_R32_Djokovic,1,0.915707415744436,0.9117037922355208
2019_AO_R32_Djokovic,0,0.5753034575508605,0.5581904158678793
2019_AO_R32_Djokovic,1,0.9513766251614645,0.9511450569632554
2019_AO_R16_Djokovic,1,0.9327248350433085,0.9368764663512663
2019_AO_R16_Djokovic,0,0.6618806334201403,0.5273581805944798
2019_AO_R16_Djokovic,1,0.9450419745677391,0.9470499199930704
2019_AO_R16_Djokovic,1,0.9185411197105422,0.9235796683381587
2019_AO_QF_Djokovic,1,0.9708447569237412,0.9712074414294234
2019_AO_QF_Djokovic,1,0.9255731394680833,0.9257282959645675
2019_AO_SF_Djokovic,1,0.9582287436685751,0.9561768699335267
2019_AO_SF_Djokovic,1,0.9572065879323375,0.9551528735037733
2019_AO_SF_Djokovic,1,0.9577091001987206,0.9556575878406064
2019_AO_F_Djokovic,1,0.9485711834225352,0.9507865129382186
2019_AO_F_Djokovic,1,0.9434714496303453,0.9458527938041676
2019_AO_F_Djokovic,1,0.951557773406624,0.9507611032925711
2019_USO_R128_Djokovic,1,0.8742420170784135,0.8717362624913116
2019_USO_R128_Djokovic,1,0.9578997821489476,0.959113213691873
2019_USO_R128_Djokovic,1,0.6751460956632926,0.6745716057676608
2019_USO_R64_Djokovic,1,0.8548559668238215,0.8959534272370724
2019_USO_R64_Djokovic,1,0.8774945183219794,0.884266182029919
2019_USO_R64_Djokovic,1,0.9581389225392112,0.9560869667957712
2019_USO_R32_Djokovic,1,0.9398916504886283,0.942975303712212
2019_USO_R32_Djokovic,1,0.8424094199824921,0.8381735402318171
2019_USO_R32_Djokovic,1,0.9290841158045909,0.9234939493206384
2019_USO_R16_Djokovic,0,0.25808598547969563,0.24092048750611333
2019_USO_R16_Djokovic,0,0.3478493163215638,0.314131220363424
2019_USO_R16_Djokovic,0,0.212550087260943,0.20657481035660502
2020_AO_R128_Djokovic,1,0.5284565695386737,0.5160292915896929
2020_AO_R128_Djokovic,1,0.9644424115487934,0.9653798837097146
2020_AO_R128_Djokovic,0,0.4140166285082108,0.4099719690808438
2020_AO_R128_Djokovic,1,0.9512516173380762,0.9488728687960709
2020_AO_R64_Djokovic,1,0.9491778720747869,0.953792808838497
2020_AO_R64_Djokovic,1,0.7608035941250871,0.6721682478644448
2020_AO_R64_Djokovic,1,0.9428792808335845,0.9467754162022359
2020_AO_R32_Djokovic,1,0.9432687384404508,0.9435806473274145
2020_AO_R32_Djokovic,1,0.9798334565584393,0.9798033405575693
2020_AO_R32_Djokovic,1,0.9285593595371936,0.9287399307759597
2020_AO_R16_Djokovic,1,0.9047713444394501,0.9063402622939598
2020_AO_R16_Djokovic,1,0.9375332298634101,0.9409494308338264
2020_AO_R16_Djokovic,1,0.93016482282937,0.9353150279249698
2020_AO_QF_Djokovic,1,0.8250701367930356,0.8174448080635993
2020_AO_QF_Djokovic,1,0.9045818679687335,0.8913667977123413
2020_AO_QF_Djokovic,1,0.5683870659986473,0.5450705635433045
2020_AO_SF_Djokovic,1,0.9498756942381371,0.9499718742060081
2020_AO_SF_Djokovic,1,0.9720839153922949,0.9721749832590563
2020_AO_SF_Djokovic,1,0.8580395704008055,0.8580532575785761
2020_AO_F_Djokovic,1,0.9522340182876551,0.9525161788883473
2020_AO_F_Djokovic,0,0.3761635637333914,0.37537699579233025
2020_AO_F_Djokovic,0,0.12944253845552556,0.1300892276256606
2020_AO_F_Djokovic,1,0.8694480022919544,0.8696342792372649
2020_AO_F_Djokovic,1,0.8827886110678383,0.8831365424663463
2020_USO_R128_Djokovic,1,0.9705561586383271,0.9683383469047248
2020_USO_R128_Djokovic,1,0.7892271568185656,0.7863691546456469
2020_USO_R128_Djokovic,1,0.9820233364657184,0.9805879966612298
2020_USO_R64_Djokovic,0,0.8726757842617401,0.8767897977825116
2020_USO_R64_Djokovic,1,0.9383764735109971,0.9408231501754271
2020_USO_R64_Djokovic,1,0.9256300732072628,0.9244612459109559
2020_USO_R64_Djokovic,1,0.921312785761593,0.9291057776130554
2020_USO_R32_Djokovic,1,0.9559119835485319,0.956166329624101
2020_USO_R32_Djokovic,1,0.9734767673855161,0.973722280511649
2020_USO_R32_Djokovic,1,0.974226914903683,0.9744149225956287
2020_USO_R16_Djokovic,0,0.5805256836124932,0.5842886765214633
2021_AO_R128_Djokovic,1,0.9551908217142285,0.9531390030427951
2021_AO_R128_Djokovic,1,0.9578624778690865,0.9558105376659016
2021_AO_R128_Djokovic,1,0.8940745128734717,0.9482201782277165
2021_AO_R64_Djokovic,1,0.9726345145813721,0.9727231770748949
2021_AO_R64_Djokovic,0,0.638331916462627,0.6392813080718897
2021_AO_R64_Djokovic,1,0.9581347326982718,0.9580745763239223
2021_AO_R64_Djokovic,1,0.9699107905988793,0.9702962135377421
2021_AO_R32_Djokovic,1,0.9171528791144876,0.9154654799909443
2021_AO_R32_Djokovic,1,0.9422012987363352,0.9479796212144345
2021_AO_R32_Djokovic,0,0.5064230518511444,0.5887486755510845
2021_AO_R32_Djokovic,0,0.34920225989461606,0.37152961030248177
2021_AO_R32_Djokovic,1,0.9294944209341548,0.9372228157250402
2021_AO_R16_Djokovic,1,0.576762051324014,0.589891225224315
2021_AO_R16_Djokovic,0,0.36759162562418624,0.38471104554463187
2021_AO_R16_Djokovic,1,0.968616881340909,0.9674141129717535
2021_AO_R16_Djokovic,1,0.9203761666099292,0.9182467223141101
2021_AO_QF_Djokovic,0,0.3896096573976875,0.5176302719284018
2021_AO_QF_Djokovic,1,0.9565969853768028,0.9545450021648538
2021_AO_QF_Djokovic,1,0.724278562054513,0.7267135557223661
2021_AO_QF_Djokovic,1,0.5655724581418838,0.5676678542559366
2021_AO_SF_Djokovic,1,0.9749192048526547,0.975005169677642
2021_AO_SF_Djokovic,1,0.9701459041147791,0.9704306575689232
2021_AO_SF_Djokovic,1,0.9806682960040618,0.9808438066373718
2021_AO_F_Djokovic,1,0.9491125451385679,0.9531715209081473
2021_AO_F_Djokovic,1,0.9526119837817664,0.9544239744387365
2021_AO_F_Djokovic,1,0.9401010098450412,0.941895872762099
2021_USO_R128_Djokovic,1,0.9571442131826513,0.9582631482799104
2021_USO_R128_Djokovic,0,0.8611568924848714,0.8589759162643411
2021_USO_R128_Djokovic,1,0.9521612814187238,0.9550405316379715
2021_USO_R128_Djokovic,1,0.9517750244036401,0.9520543995586976
2021_USO_R64_Djokovic,1,0.9709358511517842,0.9712871146864089
2021_USO_R64_Djokovic,1,0.9545417308376916,0.9549166545455013
2021_USO_R64_Djokovic,1,0.9398676108935876,0.9401376381473913
2021_USO_R32_Djokovic,0,0.4684664970803213,0.47991848453683394
2021_USO_R32_Djokovic,1,0.9503909268545268,0.948327528796809
2021_USO_R32_Djokovic,1,0.9316119578211335,0.9295431843970638
2021_USO_R32_Djokovic,1,0.9514859321442299,0.9494071992784524
2021_USO_R16_Djokovic,0,0.1989628818259096,0.1946939044379441
2021_USO_R16_Djokovic,1,0.8340309682152333,0.8372041718587551
2021_USO_R16_Djokovic,1,0.9394832449592455,0.9369457047133803
2021_USO_R16_Djokovic,1,0.9633192089863417,0.9613992231923484
2021_USO_QF_Djokovic,0,0.1892684673547275,0.1831633876735112
2021_USO_QF_Djokovic,1,0.9455449986880398,0.9446470133861873
2021_USO_QF_Djokovic,1,0.9383623866495965,0.9378035222017509
2021_USO_QF_Djokovic,1,0.9384779391131023,0.937693490945802
2021_USO_SF_Djokovic,0,0.2152353378459524,0.23311561433395134
2021_USO_SF_Djokovic,1,0.9539682714012794,0.9519157760333531
2021_USO_SF_Djokovic,1,0.6785138062954186,0.6764896921226967
2021_USO_SF_Djokovic,0,0.19828676343318438,0.2797789390056523
2021_USO_SF_Djokovic,1,0.9574739957415842,0.9554224848254746
2021_USO_F_Djokovic,0,0.3528227015622764,0.35040383043722517
2021_USO_F_Djokovic,0,0.43425909579264554,0.4073007196165781
2021_USO_F_Djokovic,0,0.5095653497982979,0.5084862171841844
2023_AO_R128_Djokovic,1,0.9221510095422427,0.9277271510547249
2023_AO_R128_Djokovic,1,0.9393103857090022,0.9443934041170658
2023_AO_R128_Djokovic,1,0.9420273518110509,0.9507277357781664
2023_AO_R64_Djokovic,1,0.94441344767358,0.9493245666814771
2023_AO_R64_Djokovic,0,0.7217908571558134,0.7251732839142658
2023_AO_R64_Djokovic,1,0.9439496658370015,0.9483879000065583
2023_AO_R64_Djokovic,1,0.9360688860277058,0.9415568491674542
2023_AO_R32_Djokovic,1,0.8555928751218571,0.856816797940145
2023_AO_R32_Djokovic,1,0.9395099473101517,0.9372556623531623
2023_AO_R32_Djokovic,1,0.8004035748521048,0.7981012883336723
2023_AO_R16_Djokovic,1,0.939064652034059,0.9424423971112244
2023_AO_R16_Djokovic,1,0.9531898376529634,0.9578316525223036
2023_AO_R16_Djokovic,1,0.9332854234012303,0.9356663580576032
2023_AO_QF_Djokovic,1,0.8879773451243643,0.8874807506783169
2023_AO_QF_Djokovic,1,0.9806055499209756,0.9806579337660005
2023_AO_QF_Djokovic,1,0.9381060624165052,0.9383535016910906
2023_AO_SF_Djokovic,1,0.7332732593799991,0.7351309203193999
2023_AO_SF_Djokovic,1,0.9534513796331927,0.9513993009938607
2023_AO_SF_Djokovic,1,0.9546671624235602,0.9526151859927836
2023_AO_F_Djokovic,1,0.9133911663872162,0.9109577898852596
2023_AO_F_Djokovic,1,0.36745198917633365,0.38513487035733734
2023_AO_F_Djokovic,1,0.9035086769874557,0.8988576154536849
2023_USO_R128_Djokovic,1,0.9491355492483882,0.9534395483596834
2023_USO_R128_Djokovic,1,0.952049195510605,0.9562946376068591
2023_USO_R128_Djokovic,1,0.7898266523968483,0.79949819526193
2023_USO_R64_Djokovic,1,0.9518020000698618,0.955901008653651
2023_USO_R64_Djokovic,1,0.9552650455290155,0.9598602889083521
2023_USO_R64_Djokovic,1,0.9467359559632592,0.9495689382775347
2023_USO_R32_Djokovic,0,0.23162844165200372,0.21181207990071754
2023_USO_R32_Djokovic,0,0.36659930283078335,0.33943809964845545
2023_USO_R32_Djokovic,1,0.9526227244092993,0.9512155321932327
2023_USO_R32_Djokovic,1,0.96619315308678,0.9673078386628365
2023_USO_R32_Djokovic,1,0.9406007685094879,0.9379458828748218
2023_USO_R16_Djokovic,1,0.9678257624512074,0.9679727026803491
2023_USO_R16_Djokovic,1,0.9048449260572645,0.913906428083103
2023_USO_R16_Djokovic,1,0.7746421471654021,0.7848085589035736
2023_USO_QF_Djokovic,1,0.9609398748918823,0.9613559400461696
2023_USO_QF_Djokovic,1,0.8660446608288854,0.8658498969580025
2023_USO_QF_Djokovic,1,0.9309292742453769,0.9311283992551393
2023_USO_SF_Djokovic,1,0.7825178262203157,0.7792805692287254
2023_USO_SF_Djokovic,1,0.9490475219520438,0.9469889394538316
2023_USO_SF_Djokovic,1,0.7037557902672823,0.7061745698792443
2023_USO_F_Djokovic,1,0.8746424372271657,0.8705854559284206
2023_USO_F_Djokovic,1,0.26449733389999674,0.261381021545555
2023_USO_F_Djokovic,1,0.9194427837564024,0.9162472280480668
2024_AO_R128_Djokovic,1,0.9771062530862133,0.9770239516445068
2024_AO_R128_Djokovic,0,0.8906482857696926,0.8907987912420036
2024_AO_R128_Djokovic,1,0.9634426270983235,0.9638583690252908
2024_AO_R128_Djokovic,1,0.9582631559061942,0.958400287198199
2024_AO_R64_Djokovic,1,0.9430897478782471,0.9410386001598374
2024_AO_R64_Djokovic,0,0.6304688980956525,0.6537509090795571
2024_AO_R64_Djokovic,1,0.7467768506020814,0.7490442826613966
2024_AO_R64_Djokovic,1,0.9365593183639065,0.9357133717778179
2024_AO_R32_Djokovic,1,0.8181187851077966,0.831449083738094
2024_AO_R32_Djokovic,1,0.7827184026888382,0.7960706047532079
2024_AO_R32_Djokovic,1,0.6400134828455954,0.629452398010172
2024_AO_R16_Djokovic,1,0.9624422294594892,0.9653421195520394
2024_AO_R16_Djokovic,1,0.9573417872142466,0.9580919100354099
2024_AO_R16_Djokovic,1,0.7150554492082059,0.725457900967425
2024_AO_QF_Djokovic,1,0.5761212545153863,0.5483545278435747
2024_AO_QF_Djokovic,0,0.33381294451651283,0.33190654656041424
2024_AO_QF_Djokovic,1,0.9640609564471285,0.963654946091713
2024_AO_QF_Djokovic,1,0.8287181565644519,0.8272653952048564
2024_AO_SF_Djokovic,0,0.07144708775493418,0.07624423810788271
2024_AO_SF_Djokovic,0,0.22932140586086056,0.21410619819122909
2024_AO_SF_Djokovic,1,0.36210634699074523,0.3072717998462417
2024_AO_SF_Djokovic,0,0.35405697600949876,0.32128024307183195
2024_USO_R128_Djokovic,1,0.9379356515765421,0.9379266112048836
2024_USO_R128_Djokovic,1,0.9713438914684929,0.9716152075569605
2024_USO_R128_Djokovic,1,0.7749802163772456,0.7728675897394023
2024_USO_R64_Djokovic,1,0.8486512085978937,0.8623306759140543
2024_USO_R64_Djokovic,1,0.93002008766363,0.9321411219214584
2024_USO_R64_Djokovic,1,0.6773524325533329,0.7086707168486344
2024_USO_R32_Djokovic,0,0.40451471135512346,0.40549777721546776
2024_USO_R32_Djokovic,0,0.09730704169411715,0.09742214980918253
2024_USO_R32_Djokovic,1,0.9792486359220857,0.9793184095826275
2024_USO_R32_Djokovic,0,0.5082116477236122,0.5070452923781872
