Evaluation sample,Probability bin,Sets,Mean predicted p(win),Observed win rate,Brier score,Wins,Matches,Min probability,Max probability
2019-2024 outer CV,Overall,199,0.8066833908085235,0.8190954773869347,0.06060330630792564,163,59,0.0714470877549341,0.9820233364657184
2019-2024 outer CV,Q1,40,0.3847174969192658,0.225,,9,23,0.0714470877549341,0.6400134828455954
2019-2024 outer CV,Q2,40,0.8074663682528349,0.875,,35,33,0.6618806334201403,0.90334701505759
2019-2024 outer CV,Q3,40,0.9286066483996216,1.0,,40,29,0.9035086769874556,0.940600768509488
2019-2024 outer CV,Q4,40,0.9494437519639589,1.0,,40,28,0.9420273518110508,0.955911983548532
2019-2024 outer CV,Q5,39,0.9671954910120223,1.0,,39,28,0.9565969853768028,0.9820233364657184
2025 temporal test,Overall,40,0.7989833819297494,0.75,0.08875838649704418,30,12,0.1255612655005875,0.961302171736034
2025 temporal test,Q1,8,0.2838751633951911,0.125,,1,7,0.1255612655005875,0.669899554599145
2025 temporal test,Q2,8,0.8656556610106833,0.625,,5,6,0.7899762898799152,0.914445170863534
2025 temporal test,Q3,8,0.9323181165961782,1.0,,8,6,0.91797794557706,0.9438123669168128
2025 temporal test,Q4,8,0.9530963148294687,1.0,,8,7,0.9465897188792972,0.9581539679009592
2025 temporal test,Q5,8,0.9599716538172254,1.0,,8,6,0.9582447110793748,0.961302171736034
