match_id,label,fold,score,prediction
2019_AO_R128_Djokovic,1,2,0.9373598752667684,1
2019_AO_R128_Djokovic,1,2,0.8869431019320648,1
2019_AO_R128_Djokovic,1,2,0.47196660982690536,0
2019_AO_R64_Djokovic,1,4,0.9151649304863125,1
2019_AO_R64_Djokovic,1,4,0.8892222579502898,1
2019_AO_R64_Djokovic,1,4,0.7182784780581999,0
2019_AO_R32_Djokovic,1,3,0.8879830558159791,1
2019_AO_R32_Djokovic,1,3,0.8682482206113362,1
2019_AO_R32_Djokovic,0,3,0.8630156936538016,1
2019_AO_R32_Djokovic,1,3,0.882687242406765,1
2019_AO_R16_Djokovic,1,4,0.8700772283847152,1
2019_AO_R16_Djokovic,0,4,0.8619931265881012,1
2019_AO_R16_Djokovic,1,4,0.9337809798246961,1
2019_AO_R16_Djokovic,1,4,0.8625693333547771,1
2019_AO_QF_Djokovic,1,5,0.8225336899622365,0
2019_AO_QF_Djokovic,1,5,0.8517742253749592,1
2019_AO_SF_Djokovic,1,2,0.9373598752667684,1
2019_AO_SF_Djokovic,1,2,0.9261870283569984,1
2019_AO_SF_Djokovic,1,2,0.9301014145479347,1
2019_AO_F_Djokovic,1,1,0.9113165786714676,1
2019_AO_F_Djokovic,1,1,0.9058008207374681,1
2019_AO_F_Djokovic,1,1,0.9044965443121304,1
2019_USO_R128_Djokovic,1,3,0.8695478364556861,1
2019_USO_R128_Djokovic,1,3,0.8771089429822536,1
2019_USO_R128_Djokovic,1,3,0.839746317850578,1
2019_USO_R64_Djokovic,1,2,0.6831630744542254,0
2019_USO_R64_Djokovic,1,2,0.22658861694718652,0
2019_USO_R64_Djokovic,1,2,0.8809212407900286,1
2019_USO_R32_Djokovic,1,1,0.8639223816853441,1
2019_USO_R32_Djokovic,1,1,0.8511893463886548,1
2019_USO_R32_Djokovic,1,1,0.8149911300790116,1
2019_USO_R16_Djokovic,0,1,0.8006698426337056,1
2019_USO_R16_Djokovic,0,1,0.840486916563695,1
2019_USO_R16_Djokovic,0,1,0.5926188061812316,0
2020_AO_R128_Djokovic,1,3,0.6307204857698036,0
2020_AO_R128_Djokovic,1,3,0.8815593088428728,1
2020_AO_R128_Djokovic,0,3,0.8579763361906899,1
2020_AO_R128_Djokovic,1,3,0.7791305938754826,0
2020_AO_R64_Djokovic,1,4,0.8138005325488976,1
2020_AO_R64_Djokovic,1,4,0.7538430556730403,0
2020_AO_R64_Djokovic,1,4,0.8115104980397143,1
2020_AO_R32_Djokovic,1,5,0.8925426836364672,1
2020_AO_R32_Djokovic,1,5,0.8522950451629496,1
2020_AO_R32_Djokovic,1,5,0.8385214516528257,1
2020_AO_R16_Djokovic,1,4,0.8438328889898733,1
2020_AO_R16_Djokovic,1,4,0.8555631202702173,1
2020_AO_R16_Djokovic,1,4,0.9209749722000801,1
2020_AO_QF_Djokovic,1,3,0.840920734896152,1
2020_AO_QF_Djokovic,1,3,0.840333541735398,1
2020_AO_QF_Djokovic,1,3,0.8205791388328196,0
2020_AO_SF_Djokovic,1,5,0.8063590094367574,0
2020_AO_SF_Djokovic,1,5,0.8733364500540595,1
2020_AO_SF_Djokovic,1,5,0.8303317746400412,0
2020_AO_F_Djokovic,1,5,0.8040535523761663,0
2020_AO_F_Djokovic,0,5,0.8217110223488847,0
2020_AO_F_Djokovic,0,5,0.7870703769354326,0
2020_AO_F_Djokovic,1,5,0.8502383061397321,1
2020_AO_F_Djokovic,1,5,0.7689902273489885,0
2020_USO_R128_Djokovic,1,3,0.8699205580264409,1
2020_USO_R128_Djokovic,1,3,0.8256577815956528,0
2020_USO_R128_Djokovic,1,3,0.8794055132007546,1
2020_USO_R64_Djokovic,0,1,0.7665478654566098,0
2020_USO_R64_Djokovic,1,1,0.8921002494109962,1
2020_USO_R64_Djokovic,1,1,0.8619848049661694,1
2020_USO_R64_Djokovic,1,1,0.9004362823673981,1
2020_USO_R32_Djokovic,1,5,0.869205167868108,1
2020_USO_R32_Djokovic,1,5,0.8618414000812018,1
2020_USO_R32_Djokovic,1,5,0.8950307847831438,1
2020_USO_R16_Djokovic,0,3,0.8707332496029095,1
2021_AO_R128_Djokovic,1,2,0.6703215796390426,0
2021_AO_R128_Djokovic,1,2,0.7752154265352978,0
2021_AO_R128_Djokovic,1,2,0.8680435665280753,1
2021_AO_R64_Djokovic,1,5,0.8638999255416286,1
2021_AO_R64_Djokovic,0,5,0.7468761461552851,0
2021_AO_R64_Djokovic,1,5,0.8283733178834156,0
2021_AO_R64_Djokovic,1,5,0.8841490417115457,1
2021_AO_R32_Djokovic,1,4,0.7354927504690465,0
2021_AO_R32_Djokovic,1,4,0.9055485669041622,1
2021_AO_R32_Djokovic,0,4,0.8891375190733778,1
2021_AO_R32_Djokovic,0,4,0.8394883311273026,1
2021_AO_R32_Djokovic,1,4,0.8979445919950606,1
2021_AO_R16_Djokovic,1,3,0.8242548033981872,0
2021_AO_R16_Djokovic,0,3,0.8694047091518539,1
2021_AO_R16_Djokovic,1,3,0.8764059238060082,1
2021_AO_R16_Djokovic,1,3,0.886909806611784,1
2021_AO_QF_Djokovic,0,2,0.6831630744542254,0
2021_AO_QF_Djokovic,1,2,0.9261870283569984,1
2021_AO_QF_Djokovic,1,2,0.9261870283569984,1
2021_AO_QF_Djokovic,1,2,0.4866170051366698,0
2021_AO_SF_Djokovic,1,5,0.8150182226154368,0
2021_AO_SF_Djokovic,1,5,0.8530178731709107,1
2021_AO_SF_Djokovic,1,5,0.9073239369967427,1
2021_AO_F_Djokovic,1,1,0.880251374227909,1
2021_AO_F_Djokovic,1,1,0.8941569194876718,1
2021_AO_F_Djokovic,1,1,0.7736086779708742,0
2021_USO_R128_Djokovic,1,1,0.9172904479126822,1
2021_USO_R128_Djokovic,0,1,0.7840969422992865,0
2021_USO_R128_Djokovic,1,1,0.9000085522941663,1
2021_USO_R128_Djokovic,1,1,0.8972914536029559,1
2021_USO_R64_Djokovic,1,5,0.8800972627240479,1
2021_USO_R64_Djokovic,1,5,0.8750715022855061,1
2021_USO_R64_Djokovic,1,5,0.8792399857757316,1
2021_USO_R32_Djokovic,0,2,0.616522490269974,0
2021_USO_R32_Djokovic,1,2,0.9177475127953949,1
2021_USO_R32_Djokovic,1,2,0.9220717992453036,1
2021_USO_R32_Djokovic,1,2,0.846531301957478,1
2021_USO_R16_Djokovic,0,3,0.8728619816968649,1
2021_USO_R16_Djokovic,1,3,0.7078870957281453,0
2021_USO_R16_Djokovic,1,3,0.8773932484639152,1
2021_USO_R16_Djokovic,1,3,0.8814090693646648,1
2021_USO_QF_Djokovic,0,1,0.7362748393418177,0
2021_USO_QF_Djokovic,1,1,0.9129728143278579,1
2021_USO_QF_Djokovic,1,1,0.9090570830415907,1
2021_USO_QF_Djokovic,1,1,0.8319761197396438,1
2021_USO_SF_Djokovic,0,2,0.3451086890184957,0
2021_USO_SF_Djokovic,1,2,0.9373598752667684,1
2021_USO_SF_Djokovic,1,2,0.9177475127953949,1
2021_USO_SF_Djokovic,0,2,0.6572207624931315,0
2021_USO_SF_Djokovic,1,2,0.9373598752667684,1
2021_USO_F_Djokovic,0,4,0.822197464198425,1
2021_USO_F_Djokovic,0,4,0.8884786047833014,1
2021_USO_F_Djokovic,0,4,0.8070551345239481,1
2023_AO_R128_Djokovic,1,1,0.8895251051732294,1
2023_AO_R128_Djokovic,1,1,0.8450387818616945,1
2023_AO_R128_Djokovic,1,1,0.9170608396969572,1
2023_AO_R64_Djokovic,1,4,0.9632581842175416,1
2023_AO_R64_Djokovic,0,4,0.8784026783506251,1
2023_AO_R64_Djokovic,1,4,0.957633221046764,1
2023_AO_R64_Djokovic,1,4,0.9850665615235566,1
2023_AO_R32_Djokovic,1,2,0.6957314191409565,0
2023_AO_R32_Djokovic,1,2,0.8540040513088765,1
2023_AO_R32_Djokovic,1,2,0.9084384457742727,1
2023_AO_R16_Djokovic,1,4,0.8479454565662241,1
2023_AO_R16_Djokovic,1,4,0.9729353402485147,1
2023_AO_R16_Djokovic,1,4,0.8551585621687148,1
2023_AO_QF_Djokovic,1,5,0.8768651444008557,1
2023_AO_QF_Djokovic,1,5,0.903454604252653,1
2023_AO_QF_Djokovic,1,5,0.8962797081057957,1
2023_AO_SF_Djokovic,1,2,0.7316818578644739,0
2023_AO_SF_Djokovic,1,2,0.9220717992453036,1
2023_AO_SF_Djokovic,1,2,0.9301014145479347,1
2023_AO_F_Djokovic,1,3,0.8832594783060999,1
2023_AO_F_Djokovic,1,3,0.549862382358015,0
2023_AO_F_Djokovic,1,3,0.7560522639878892,0
2023_USO_R128_Djokovic,1,4,0.9439611091220771,1
2023_USO_R128_Djokovic,1,4,0.9567486441907704,1
2023_USO_R128_Djokovic,1,4,0.7537494871179489,0
2023_USO_R64_Djokovic,1,4,0.9072747914414434,1
2023_USO_R64_Djokovic,1,4,0.978686432081282,1
2023_USO_R64_Djokovic,1,4,0.9023911790042328,1
2023_USO_R32_Djokovic,0,1,0.8281087581394945,1
2023_USO_R32_Djokovic,0,1,0.7387384258488836,0
2023_USO_R32_Djokovic,1,1,0.8024930633412506,1
2023_USO_R32_Djokovic,1,1,0.9157835346096148,1
2023_USO_R32_Djokovic,1,1,0.8834655630696874,1
2023_USO_R16_Djokovic,1,3,0.8383056595827248,1
2023_USO_R16_Djokovic,1,3,0.7022295071281542,0
2023_USO_R16_Djokovic,1,3,0.7353091725868237,0
2023_USO_QF_Djokovic,1,5,0.8632060460726317,1
2023_USO_QF_Djokovic,1,5,0.6965651499122791,0
2023_USO_QF_Djokovic,1,5,0.7195495708761006,0
2023_USO_SF_Djokovic,1,2,0.9373598752667684,1
2023_USO_SF_Djokovic,1,2,0.7852799141125015,0
2023_USO_SF_Djokovic,1,2,0.7540972946387972,0
2023_USO_F_Djokovic,1,3,0.866971710881014,1
2023_USO_F_Djokovic,1,3,0.5186695433801279,0
2023_USO_F_Djokovic,1,3,0.8339401604577085,0
2024_AO_R128_Djokovic,1,5,0.8416280025073155,1
2024_AO_R128_Djokovic,0,5,0.8413438359287255,1
2024_AO_R128_Djokovic,1,5,0.9013933648271829,1
2024_AO_R128_Djokovic,1,5,0.8537039372658262,1
2024_AO_R64_Djokovic,1,2,0.9373598752667684,1
2024_AO_R64_Djokovic,0,2,0.8981926833538166,1
2024_AO_R64_Djokovic,1,2,0.7950129324448861,0
2024_AO_R64_Djokovic,1,2,0.9301014145479347,1
2024_AO_R32_Djokovic,1,4,0.7670414826063765,0
2024_AO_R32_Djokovic,1,4,0.8847349443452075,1
2024_AO_R32_Djokovic,1,4,0.43097688035202314,0
2024_AO_R16_Djokovic,1,1,0.8444554791140908,1
2024_AO_R16_Djokovic,1,1,0.8921856764984913,1
2024_AO_R16_Djokovic,1,1,0.8522725621493696,1
2024_AO_QF_Djokovic,1,3,0.7277940652930823,0
2024_AO_QF_Djokovic,0,3,0.8482821399991521,1
2024_AO_QF_Djokovic,1,3,0.8464291027925326,1
2024_AO_QF_Djokovic,1,3,0.8315889387819198,0
2024_AO_SF_Djokovic,0,3,0.6706391766443123,0
2024_AO_SF_Djokovic,0,3,0.6907576080179215,0
2024_AO_SF_Djokovic,1,3,0.7121881480863715,0
2024_AO_SF_Djokovic,0,3,0.7139054547785035,0
2024_USO_R128_Djokovic,1,5,0.7571511015296313,0
2024_USO_R128_Djokovic,1,5,0.8786692860156986,1
2024_USO_R128_Djokovic,1,5,0.8570908179931309,1
2024_USO_R64_Djokovic,1,1,0.794465717994373,0
2024_USO_R64_Djokovic,1,1,0.7517793610956978,0
2024_USO_R64_Djokovic,1,1,0.7267541404470343,0
2024_USO_R32_Djokovic,0,5,0.8105770349362198,0
2024_USO_R32_Djokovic,0,5,0.6172654701009084,0
2024_USO_R32_Djokovic,1,5,0.8207468099030539,0
2024_USO_R32_Djokovic,0,5,0.80151848719838,0
