feature,outer_full_auc,outer_without_auc,outer_auc_drop,test_full_auc,test_without_auc,test_auc_drop,outer_brier_increase,test_brier_increase,selected_member_rule,outer_auc_drop_rank
Service Breaks,0.9655760054533061,0.8902522154055896,0.0753237900477165,0.9733333333333334,0.9433333333333334,0.030000000000000027,0.04177637060502824,0.03130668731359759,fixed AUC-selected membership within each fold,1
Total Points Won,0.9655760054533061,0.9376278118609407,0.027948193592365445,0.9733333333333334,0.9566666666666667,0.01666666666666672,0.024195554640588895,0.004546080139160746,fixed AUC-selected membership within each fold,2
Total Returns,0.9655760054533061,0.956373551465576,0.00920245398773012,0.9733333333333334,0.9566666666666667,0.01666666666666672,0.0069902004093653075,0.0022121192091647396,fixed AUC-selected membership within each fold,3
2nd Serve Pts Won ,0.9655760054533061,0.956373551465576,0.00920245398773012,0.9733333333333334,0.9566666666666667,0.01666666666666672,0.006510141966397223,0.0018030475711830751,fixed AUC-selected membership within each fold,4
Double Faults,0.9655760054533061,0.9568847989093388,0.008691206543967378,0.9733333333333334,0.95,0.023333333333333428,0.0048291250440075095,0.002429223196566896,fixed AUC-selected membership within each fold,5
Rally ≥10 Shots,0.9655760054533061,0.9580777096114519,0.007498295841854241,0.9733333333333334,0.9633333333333334,0.010000000000000009,0.0025154280197062784,0.0013926331361108074,fixed AUC-selected membership within each fold,6
Unforced Errors,0.9655760054533061,0.9584185412406271,0.007157464212679043,0.9733333333333334,0.9666666666666667,0.00666666666666671,0.009483894440703508,0.0009555938351746701,fixed AUC-selected membership within each fold,7
Rally ≤4 Shots,0.9655760054533061,0.9585889570552146,0.0069870483980915,0.9733333333333334,0.9566666666666668,0.016666666666666607,0.0025929383414651647,0.0059580874483992075,fixed AUC-selected membership within each fold,8
2nd Serve In ,0.9655760054533061,0.9585889570552147,0.006987048398091389,0.9733333333333334,0.9700000000000001,0.0033333333333332993,0.0034926743642725716,-0.002002153199587006,fixed AUC-selected membership within each fold,9
1st Serve In ,0.9655760054533061,0.9591002044989775,0.006475800954328648,0.9733333333333334,0.9666666666666667,0.00666666666666671,0.004426410993460084,-0.0018374827707230423,fixed AUC-selected membership within each fold,10
1st Serve Pts Won ,0.9655760054533061,0.9592706203135651,0.006305385139740993,0.9733333333333334,0.9533333333333334,0.020000000000000018,0.004289218286947533,0.0049555393553946114,fixed AUC-selected membership within each fold,11
Forecourt Short Balls,0.9655760054533061,0.9599522835719154,0.005623721881390709,0.9733333333333334,0.9666666666666667,0.00666666666666671,0.0021866289087937446,0.0010498308037633353,fixed AUC-selected membership within each fold,12
Backhand Avg Speed,0.9655760054533061,0.9599522835719155,0.005623721881390598,0.9733333333333334,0.9533333333333334,0.020000000000000018,0.00441384286867838,0.00463118505747738,fixed AUC-selected membership within each fold,13
Drive (3rd Shot),0.9655760054533061,0.9601226993865032,0.005453306066802943,0.9733333333333334,0.9666666666666667,0.00666666666666671,0.002443361624681034,0.0026804955294516125,fixed AUC-selected membership within each fold,14
1st Serve Speed (km/h),0.9655760054533061,0.9602931152010906,0.005282890252215511,0.9733333333333334,0.9633333333333334,0.010000000000000009,0.0018156613628389703,0.0013931602887922168,fixed AUC-selected membership within each fold,15
Net Approaches,0.9655760054533061,0.9608043626448534,0.0047716428084527696,0.9733333333333334,0.9666666666666667,0.00666666666666671,0.0032754313132023066,0.0010200755427348523,fixed AUC-selected membership within each fold,16
Break Points,0.9655760054533061,0.9609747784594411,0.004601226993865004,0.9733333333333334,0.9700000000000001,0.0033333333333332993,0.0012874714021447395,0.001172565630299216,fixed AUC-selected membership within each fold,17
Drive Returns,0.9655760054533061,0.9611451942740287,0.004430811179277461,0.9733333333333334,0.98,-0.006666666666666599,0.002789642727302047,-0.003686660937106151,fixed AUC-selected membership within each fold,18
Distance per Set (m),0.9655760054533061,0.9611451942740287,0.004430811179277461,0.9733333333333334,0.9666666666666667,0.00666666666666671,0.0014881344408645553,9.095940066114472e-05,fixed AUC-selected membership within each fold,19
Winners,0.9655760054533061,0.9616564417177913,0.0039195637355148305,0.9733333333333334,0.9733333333333334,0.0,0.0012422298482649419,-0.00017566467802726526,fixed AUC-selected membership within each fold,20
Aces,0.9655760054533061,0.9616564417177914,0.0039195637355147195,0.9733333333333334,0.9666666666666667,0.00666666666666671,0.0021182562688200485,0.002904034908190578,fixed AUC-selected membership within each fold,21
Forehand Avg Speed,0.9655760054533061,0.9621676891615542,0.0034083162917519783,0.9733333333333334,0.9700000000000001,0.0033333333333332993,0.0018992651813949102,-0.0013932381503731495,fixed AUC-selected membership within each fold,22
Forehand Return Win ,0.9655760054533061,0.9625085207907295,0.0030674846625766694,0.9733333333333334,0.9733333333333334,0.0,0.0015718408593533295,-8.471482659316854e-05,fixed AUC-selected membership within each fold,23
Slice/Block (3rd Shot),0.9655760054533061,0.962678936605317,0.002897068847989126,0.9733333333333334,0.9633333333333334,0.010000000000000009,0.0026262981376780764,0.0021262669737356354,fixed AUC-selected membership within each fold,24
2nd Serve Speed (km/h),0.9655760054533061,0.9635310156782549,0.002044989775051187,0.9733333333333334,0.96,0.01333333333333342,0.0012702905017225943,0.0038910688621831002,fixed AUC-selected membership within each fold,25
Forehand Returns,0.9655760054533061,0.9637014314928426,0.0018745739604635325,0.9733333333333334,0.97,0.0033333333333334103,0.00010232983396239737,0.0015658854305876796,fixed AUC-selected membership within each fold,26
Rally 5–9 Shots,0.9655760054533061,0.9638718473074301,0.0017041581458759891,0.9733333333333334,0.9633333333333334,0.010000000000000009,-0.00040054286272949574,-0.0003605212851995748,fixed AUC-selected membership within each fold,27
Slice/Block Returns,0.9655760054533061,0.9642126789366053,0.0013633265167007913,0.9733333333333334,0.9733333333333334,0.0,0.0010563861765014726,0.0013195213468018413,fixed AUC-selected membership within each fold,28
Backhand Return Win ,0.9655760054533061,0.9642126789366053,0.0013633265167007913,0.9733333333333334,0.9666666666666667,0.00666666666666671,0.0008325140431060807,0.00017226856535773605,fixed AUC-selected membership within each fold,29
Backcourt Deep Balls,0.9655760054533061,0.9642126789366053,0.0013633265167007913,0.9733333333333334,0.9666666666666667,0.00666666666666671,0.0006960717266028121,-0.0011114576057880687,fixed AUC-selected membership within each fold,30
Backhand Returns,0.9655760054533061,0.9652351738241308,0.00034083162917530885,0.9733333333333334,0.9566666666666667,0.01666666666666672,0.0006053996888921026,0.001700687721640906,fixed AUC-selected membership within each fold,31
Forehand Returns Won,0.9655760054533061,0.9654055896387185,0.00017041581458765442,0.9733333333333334,0.9733333333333334,0.0,-3.916725134556209e-06,0.0,fixed AUC-selected membership within each fold,32
Midcourt Balls,0.9655760054533061,0.9657464212678937,-0.0001704158145875434,0.9733333333333334,0.9733333333333334,0.0,-4.803843132235308e-05,0.0,fixed AUC-selected membership within each fold,33
Backhand Returns Won,0.9655760054533061,0.9660872528970689,-0.0005112474437627412,0.9733333333333334,0.9733333333333334,0.0,0.0001264887679690574,-0.000570175528101638,fixed AUC-selected membership within each fold,34
