"source_file","source_sheet","source_column","source_match_label","match_id","year","event","round","set_within_match","source_set_description","retirement_marked","source_set_result","split","csv_source","csv_data_row","csv_line_including_header","label","mapping"
"19年小德硬地技术统计-邹朱美伊统计.xlsx","Sheet1","B","2019澳网第一轮","2019_AO_R128_Djokovic","2019","AO","R128","1","一（6：3）","False","胜","train","train_grouped.csv","1","2","1","exact_all_34_features"
"19年小德硬地技术统计-邹朱美伊统计.xlsx","Sheet1","C","2019澳网第一轮","2019_AO_R128_Djokovic","2019","AO","R128","2","二（6：2）","False","胜","train","train_grouped.csv","2","3","1","exact_all_34_features"
"19年小德硬地技术统计-邹朱美伊统计.xlsx","Sheet1","D","2019澳网第一轮","2019_AO_R128_Djokovic","2019","AO","R128","3","三（6：2）","False","胜","train","train_grouped.csv","3","4","1","exact_all_34_features"
"19年小德硬地技术统计-邹朱美伊统计.xlsx","Sheet1","E","2019澳网第二轮","2019_AO_R64_Djokovic","2019","AO","R64","1","一（6：3）","False","胜","train","train_grouped.csv","4","5","1","exact_all_34_features"
"19年小德硬地技术统计-邹朱美伊统计.xlsx","Sheet1","F","2019澳网第二轮","2019_AO_R64_Djokovic","2019","AO","R64","2","二（7：5）","False","胜","train","train_grouped.csv","5","6","1","exact_all_34_features"
"19年小德硬地技术统计-邹朱美伊统计.xlsx","Sheet1","G","2019澳网第二轮","2019_AO_R64_Djokovic","2019","AO","R64","3","三（6：4）","False","胜","train","train_grouped.csv","6","7","1","all_34_features_match_with_probability_rounding"
"19年小德硬地技术统计-邹朱美伊统计.xlsx","Sheet1","H","2019澳网第三轮","2019_AO_R32_Djokovic","2019","AO","R32","1","一（6：3）","False","胜","train","train_grouped.csv","7","8","1","exact_all_34_features"
"19年小德硬地技术统计-邹朱美伊统计.xlsx","Sheet1","I","2019澳网第三轮","2019_AO_R32_Djokovic","2019","AO","R32","2","二（6：4）","False","胜","train","train_grouped.csv","8","9","1","all_34_features_match_with_probability_rounding"
"19年小德硬地技术统计-邹朱美伊统计.xlsx","Sheet1","J","2019澳网第三轮","2019_AO_R32_Djokovic","2019","AO","R32","3","三（4：6）","False","负","train","train_grouped.csv","9","10","0","exact_all_34_features"
"19年小德硬地技术统计-邹朱美伊统计.xlsx","Sheet1","K","2019澳网第三轮","2019_AO_R32_Djokovic","2019","AO","R32","4","四（6：0）","False","胜","train","train_grouped.csv","10","11","1","exact_all_34_features"
"19年小德硬地技术统计-邹朱美伊统计.xlsx","Sheet1","L","2019澳网第四轮","2019_AO_R16_Djokovic","2019","AO","R16","1","一（6：4）","False","胜","train","train_grouped.csv","11","12","1","exact_all_34_features"
"19年小德硬地技术统计-邹朱美伊统计.xlsx","Sheet1","M","2019澳网第四轮","2019_AO_R16_Djokovic","2019","AO","R16","2","二（65：7）","False","负","train","train_grouped.csv","12","13","0","exact_all_34_features"
"19年小德硬地技术统计-邹朱美伊统计.xlsx","Sheet1","N","2019澳网第四轮","2019_AO_R16_Djokovic","2019","AO","R16","3","三（6：2）","False","胜","train","train_grouped.csv","13","14","1","exact_all_34_features"
"19年小德硬地技术统计-邹朱美伊统计.xlsx","Sheet1","O","2019澳网第四轮","2019_AO_R16_Djokovic","2019","AO","R16","4","四（6：3）","False","胜","train","train_grouped.csv","14","15","1","all_34_features_match_with_probability_rounding"
"19年小德硬地技术统计-邹朱美伊统计.xlsx","Sheet1","P","2019澳网第五轮","2019_AO_QF_Djokovic","2019","AO","QF","1","一（6：1）","False","胜","train","train_grouped.csv","15","16","1","exact_all_34_features"
"19年小德硬地技术统计-邹朱美伊统计.xlsx","Sheet1","Q","2019澳网第五轮","2019_AO_QF_Djokovic","2019","AO","QF","2","二（4：1RET.）","True","胜","train","train_grouped.csv","16","17","1","exact_all_34_features"
"19年小德硬地技术统计-邹朱美伊统计.xlsx","Sheet1","R","2019澳网半决赛","2019_AO_SF_Djokovic","2019","AO","SF","1","一（6：0）","False","胜","train","train_grouped.csv","17","18","1","exact_all_34_features"
"19年小德硬地技术统计-邹朱美伊统计.xlsx","Sheet1","S","2019澳网半决赛","2019_AO_SF_Djokovic","2019","AO","SF","2","二（6：2）","False","胜","train","train_grouped.csv","18","19","1","exact_all_34_features"
"19年小德硬地技术统计-邹朱美伊统计.xlsx","Sheet1","T","2019澳网半决赛","2019_AO_SF_Djokovic","2019","AO","SF","3","三（6：2）","False","胜","train","train_grouped.csv","19","20","1","exact_all_34_features"
"19年小德硬地技术统计-邹朱美伊统计.xlsx","Sheet1","U","2019澳网决赛","2019_AO_F_Djokovic","2019","AO","F","1","一（6：3）","False","胜","train","train_grouped.csv","20","21","1","exact_all_34_features"
"19年小德硬地技术统计-邹朱美伊统计.xlsx","Sheet1","V","2019澳网决赛","2019_AO_F_Djokovic","2019","AO","F","2","二（6：2）","False","胜","train","train_grouped.csv","21","22","1","exact_all_34_features"
"19年小德硬地技术统计-邹朱美伊统计.xlsx","Sheet1","W","2019澳网决赛","2019_AO_F_Djokovic","2019","AO","F","3","三（6：3）","False","胜","train","train_grouped.csv","22","23","1","exact_all_34_features"
"19年小德硬地技术统计-邹朱美伊统计.xlsx","Sheet1","X","2019美网第一轮","2019_USO_R128_Djokovic","2019","USO","R128","1","一（6：4）","False","胜","train","train_grouped.csv","23","24","1","exact_all_34_features"
"19年小德硬地技术统计-邹朱美伊统计.xlsx","Sheet1","Y","2019美网第一轮","2019_USO_R128_Djokovic","2019","USO","R128","2","二（6：1）","False","胜","train","train_grouped.csv","24","25","1","exact_all_34_features"
"19年小德硬地技术统计-邹朱美伊统计.xlsx","Sheet1","Z","2019美网第一轮","2019_USO_R128_Djokovic","2019","USO","R128","3","三（6：4）","False","胜","train","train_grouped.csv","25","26","1","exact_all_34_features"
"19年小德硬地技术统计-邹朱美伊统计.xlsx","Sheet1","AA","2019美网第二轮","2019_USO_R64_Djokovic","2019","USO","R64","1","一（6：4）","False","胜","train","train_grouped.csv","26","27","1","exact_all_34_features"
"19年小德硬地技术统计-邹朱美伊统计.xlsx","Sheet1","AB","2019美网第二轮","2019_USO_R64_Djokovic","2019","USO","R64","2","二（7：6）","False","胜","train","train_grouped.csv","27","28","1","exact_all_34_features"
"19年小德硬地技术统计-邹朱美伊统计.xlsx","Sheet1","AC","2019美网第二轮","2019_USO_R64_Djokovic","2019","USO","R64","3","三（6：1）","False","胜","train","train_grouped.csv","28","29","1","exact_all_34_features"
"19年小德硬地技术统计-邹朱美伊统计.xlsx","Sheet1","AD","2019美网第三轮","2019_USO_R32_Djokovic","2019","USO","R32","1","一（6：3）","False","胜","train","train_grouped.csv","29","30","1","exact_all_34_features"
"19年小德硬地技术统计-邹朱美伊统计.xlsx","Sheet1","AE","2019美网第三轮","2019_USO_R32_Djokovic","2019","USO","R32","2","二（6：4）","False","胜","train","train_grouped.csv","30","31","1","exact_all_34_features"
"19年小德硬地技术统计-邹朱美伊统计.xlsx","Sheet1","AF","2019美网第三轮","2019_USO_R32_Djokovic","2019","USO","R32","3","三（6：2）","False","胜","train","train_grouped.csv","31","32","1","exact_all_34_features"
"19年小德硬地技术统计-邹朱美伊统计.xlsx","Sheet1","AG","2019美网第四轮","2019_USO_R16_Djokovic","2019","USO","R16","1","一（4：6）","False","负","train","train_grouped.csv","32","33","0","exact_all_34_features"
"19年小德硬地技术统计-邹朱美伊统计.xlsx","Sheet1","AH","2019美网第四轮","2019_USO_R16_Djokovic","2019","USO","R16","2","二（5：7）","False","负","train","train_grouped.csv","33","34","0","exact_all_34_features"
"19年小德硬地技术统计-邹朱美伊统计.xlsx","Sheet1","AI","2019美网第四轮","2019_USO_R16_Djokovic","2019","USO","R16","3","三（RET.1：2）","True","负","train","train_grouped.csv","34","35","0","exact_all_34_features"
"2020小德硬地技术统计.xlsx","Sheet1","B","2020澳网第一轮","2020_AO_R128_Djokovic","2020","AO","R128","1","一（7：65）","False","胜","train","train_grouped.csv","35","36","1","exact_all_34_features"
"2020小德硬地技术统计.xlsx","Sheet1","C","2020澳网第一轮","2020_AO_R128_Djokovic","2020","AO","R128","2","二（6：2）","False","胜","train","train_grouped.csv","36","37","1","exact_all_34_features"
"2020小德硬地技术统计.xlsx","Sheet1","D","2020澳网第一轮","2020_AO_R128_Djokovic","2020","AO","R128","3","三（2：6）","False","负","train","train_grouped.csv","37","38","0","exact_all_34_features"
"2020小德硬地技术统计.xlsx","Sheet1","E","2020澳网第一轮","2020_AO_R128_Djokovic","2020","AO","R128","4","四（6：1）","False","胜","train","train_grouped.csv","38","39","1","exact_all_34_features"
"2020小德硬地技术统计.xlsx","Sheet1","F","2020澳网第二轮","2020_AO_R64_Djokovic","2020","AO","R64","1","一（6：1）","False","胜","train","train_grouped.csv","39","40","1","exact_all_34_features"
"2020小德硬地技术统计.xlsx","Sheet1","G","2020澳网第二轮","2020_AO_R64_Djokovic","2020","AO","R64","2","二（6：4）","False","胜","train","train_grouped.csv","40","41","1","exact_all_34_features"
"2020小德硬地技术统计.xlsx","Sheet1","H","2020澳网第二轮","2020_AO_R64_Djokovic","2020","AO","R64","3","三（6：2）","False","胜","train","train_grouped.csv","41","42","1","exact_all_34_features"
"2020小德硬地技术统计.xlsx","Sheet1","I","2020澳网第三轮","2020_AO_R32_Djokovic","2020","AO","R32","1","一（6：3）","False","胜","train","train_grouped.csv","42","43","1","exact_all_34_features"
"2020小德硬地技术统计.xlsx","Sheet1","J","2020澳网第三轮","2020_AO_R32_Djokovic","2020","AO","R32","2","二（6：2）","False","胜","train","train_grouped.csv","43","44","1","exact_all_34_features"
"2020小德硬地技术统计.xlsx","Sheet1","K","2020澳网第三轮","2020_AO_R32_Djokovic","2020","AO","R32","3","三（6：2）","False","胜","train","train_grouped.csv","44","45","1","exact_all_34_features"
"2020小德硬地技术统计.xlsx","Sheet1","L","2020澳网第四轮","2020_AO_R16_Djokovic","2020","AO","R16","1","一（6：3）","False","胜","train","train_grouped.csv","45","46","1","exact_all_34_features"
"2020小德硬地技术统计.xlsx","Sheet1","M","2020澳网第四轮","2020_AO_R16_Djokovic","2020","AO","R16","2","二（6：4）","False","胜","train","train_grouped.csv","46","47","1","exact_all_34_features"
"2020小德硬地技术统计.xlsx","Sheet1","N","2020澳网第四轮","2020_AO_R16_Djokovic","2020","AO","R16","3","三（6：4）","False","胜","train","train_grouped.csv","47","48","1","exact_all_34_features"
"2020小德硬地技术统计.xlsx","Sheet1","O","2020澳网第五轮","2020_AO_QF_Djokovic","2020","AO","QF","1","一（6：4）","False","胜","train","train_grouped.csv","48","49","1","exact_all_34_features"
"2020小德硬地技术统计.xlsx","Sheet1","P","2020澳网第五轮","2020_AO_QF_Djokovic","2020","AO","QF","2","二（6：3）","False","胜","train","train_grouped.csv","49","50","1","exact_all_34_features"
"2020小德硬地技术统计.xlsx","Sheet1","Q","2020澳网第五轮","2020_AO_QF_Djokovic","2020","AO","QF","3","三（7：61）","False","胜","train","train_grouped.csv","50","51","1","exact_all_34_features"
"2020小德硬地技术统计.xlsx","Sheet1","R","2020澳网半决赛","2020_AO_SF_Djokovic","2020","AO","SF","1","一（7：61）","False","胜","train","train_grouped.csv","51","52","1","exact_all_34_features"
"2020小德硬地技术统计.xlsx","Sheet1","S","2020澳网半决赛","2020_AO_SF_Djokovic","2020","AO","SF","2","二（6：4）","False","胜","train","train_grouped.csv","52","53","1","exact_all_34_features"
"2020小德硬地技术统计.xlsx","Sheet1","T","2020澳网半决赛","2020_AO_SF_Djokovic","2020","AO","SF","3","三（6：3）","False","胜","train","train_grouped.csv","53","54","1","exact_all_34_features"
"2020小德硬地技术统计.xlsx","Sheet1","U","2020澳网决赛","2020_AO_F_Djokovic","2020","AO","F","1","一（6：4）","False","胜","train","train_grouped.csv","54","55","1","exact_all_34_features"
"2020小德硬地技术统计.xlsx","Sheet1","V","2020澳网决赛","2020_AO_F_Djokovic","2020","AO","F","2","二（4：6）","False","负","train","train_grouped.csv","55","56","0","exact_all_34_features"
"2020小德硬地技术统计.xlsx","Sheet1","W","2020澳网决赛","2020_AO_F_Djokovic","2020","AO","F","3","三（2：6）","False","负","train","train_grouped.csv","56","57","0","exact_all_34_features"
"2020小德硬地技术统计.xlsx","Sheet1","X","2020澳网决赛","2020_AO_F_Djokovic","2020","AO","F","4","四（6：3）","False","胜","train","train_grouped.csv","57","58","1","exact_all_34_features"
"2020小德硬地技术统计.xlsx","Sheet1","Y","2020澳网决赛","2020_AO_F_Djokovic","2020","AO","F","5","五（6：4）","False","胜","train","train_grouped.csv","58","59","1","exact_all_34_features"
"2020小德硬地技术统计.xlsx","Sheet1","Z","2020美网第一轮","2020_USO_R128_Djokovic","2020","USO","R128","1","一（6：1）","False","胜","train","train_grouped.csv","59","60","1","exact_all_34_features"
"2020小德硬地技术统计.xlsx","Sheet1","AA","2020美网第一轮","2020_USO_R128_Djokovic","2020","USO","R128","2","二（6：4）","False","胜","train","train_grouped.csv","60","61","1","exact_all_34_features"
"2020小德硬地技术统计.xlsx","Sheet1","AB","2020美网第一轮","2020_USO_R128_Djokovic","2020","USO","R128","3","三（6：1）","False","胜","train","train_grouped.csv","61","62","1","exact_all_34_features"
"2020小德硬地技术统计.xlsx","Sheet1","AC","2020美网第二轮","2020_USO_R64_Djokovic","2020","USO","R64","1","一（65：7）","False","负","train","train_grouped.csv","62","63","0","exact_all_34_features"
"2020小德硬地技术统计.xlsx","Sheet1","AD","2020美网第二轮","2020_USO_R64_Djokovic","2020","USO","R64","2","二（6：3）","False","胜","train","train_grouped.csv","63","64","1","exact_all_34_features"
"2020小德硬地技术统计.xlsx","Sheet1","AE","2020美网第二轮","2020_USO_R64_Djokovic","2020","USO","R64","3","三（6：4）","False","胜","train","train_grouped.csv","64","65","1","exact_all_34_features"
"2020小德硬地技术统计.xlsx","Sheet1","AF","2020美网第二轮","2020_USO_R64_Djokovic","2020","USO","R64","4","四（6：2）","False","胜","train","train_grouped.csv","65","66","1","exact_all_34_features"
"2020小德硬地技术统计.xlsx","Sheet1","AG","2020美网第三轮","2020_USO_R32_Djokovic","2020","USO","R32","1","一（6：3）","False","胜","train","train_grouped.csv","66","67","1","exact_all_34_features"
"2020小德硬地技术统计.xlsx","Sheet1","AH","2020美网第三轮","2020_USO_R32_Djokovic","2020","USO","R32","2","二（6：3）","False","胜","train","train_grouped.csv","67","68","1","exact_all_34_features"
"2020小德硬地技术统计.xlsx","Sheet1","AI","2020美网第三轮","2020_USO_R32_Djokovic","2020","USO","R32","3","三（6：1）","False","胜","train","train_grouped.csv","68","69","1","exact_all_34_features"
"2020小德硬地技术统计.xlsx","Sheet1","AJ","2020美网第四轮","2020_USO_R16_Djokovic","2020","USO","R16","1","一（5：6RET.)","True","负","train","train_grouped.csv","69","70","0","exact_all_34_features"
"21年小德硬地技术统计-陆文洁.xlsx","Sheet1","B","21年澳网第一轮","2021_AO_R128_Djokovic","2021","AO","R128","1","一（6-3）","False","","train","train_grouped.csv","70","71","1","exact_all_34_features"
"21年小德硬地技术统计-陆文洁.xlsx","Sheet1","C","21年澳网第一轮","2021_AO_R128_Djokovic","2021","AO","R128","2","二（6-1）","False","","train","train_grouped.csv","71","72","1","exact_all_34_features"
"21年小德硬地技术统计-陆文洁.xlsx","Sheet1","D","21年澳网第一轮","2021_AO_R128_Djokovic","2021","AO","R128","3","三（6-2）","False","","train","train_grouped.csv","72","73","1","exact_all_34_features"
"21年小德硬地技术统计-陆文洁.xlsx","Sheet1","E","21年澳网第二轮","2021_AO_R64_Djokovic","2021","AO","R64","1","一（6-3）","False","","train","train_grouped.csv","73","74","1","exact_all_34_features"
"21年小德硬地技术统计-陆文洁.xlsx","Sheet1","F","21年澳网第二轮","2021_AO_R64_Djokovic","2021","AO","R64","2","二  6-7（3）","False","","train","train_grouped.csv","74","75","0","exact_all_34_features"
"21年小德硬地技术统计-陆文洁.xlsx","Sheet1","G","21年澳网第二轮","2021_AO_R64_Djokovic","2021","AO","R64","3","三  7-6（2）","False","","train","train_grouped.csv","75","76","1","exact_all_34_features"
"21年小德硬地技术统计-陆文洁.xlsx","Sheet1","H","21年澳网第二轮","2021_AO_R64_Djokovic","2021","AO","R64","4","四（6-3）","False","","train","train_grouped.csv","76","77","1","exact_all_34_features"
"21年小德硬地技术统计-陆文洁.xlsx","Sheet1","I","21年澳网第三轮","2021_AO_R32_Djokovic","2021","AO","R32","1","一  7-6(1)","False","","train","train_grouped.csv","77","78","1","exact_all_34_features"
"21年小德硬地技术统计-陆文洁.xlsx","Sheet1","J","21年澳网第三轮","2021_AO_R32_Djokovic","2021","AO","R32","2","二（6-4）","False","","train","train_grouped.csv","78","79","1","exact_all_34_features"
"21年小德硬地技术统计-陆文洁.xlsx","Sheet1","K","21年澳网第三轮","2021_AO_R32_Djokovic","2021","AO","R32","3","三（3-6）","False","","train","train_grouped.csv","79","80","0","exact_all_34_features"
"21年小德硬地技术统计-陆文洁.xlsx","Sheet1","L","21年澳网第三轮","2021_AO_R32_Djokovic","2021","AO","R32","4","四（4-6）","False","","train","train_grouped.csv","80","81","0","exact_all_34_features"
"21年小德硬地技术统计-陆文洁.xlsx","Sheet1","M","21年澳网第三轮","2021_AO_R32_Djokovic","2021","AO","R32","5","五（6-2）","False","","train","train_grouped.csv","81","82","1","exact_all_34_features"
"21年小德硬地技术统计-陆文洁.xlsx","Sheet1","N","21年澳网第四轮","2021_AO_R16_Djokovic","2021","AO","R16","1","一  7-6(4) ","False","","train","train_grouped.csv","82","83","1","exact_all_34_features"
"21年小德硬地技术统计-陆文洁.xlsx","Sheet1","O","21年澳网第四轮","2021_AO_R16_Djokovic","2021","AO","R16","2","二（4-6）","False","","train","train_grouped.csv","83","84","0","exact_all_34_features"
"21年小德硬地技术统计-陆文洁.xlsx","Sheet1","P","21年澳网第四轮","2021_AO_R16_Djokovic","2021","AO","R16","3","三（6-1）","False","","train","train_grouped.csv","84","85","1","exact_all_34_features"
"21年小德硬地技术统计-陆文洁.xlsx","Sheet1","Q","21年澳网第四轮","2021_AO_R16_Djokovic","2021","AO","R16","4","四（6-4）","False","","train","train_grouped.csv","85","86","1","exact_all_34_features"
"21年小德硬地技术统计-陆文洁.xlsx","Sheet1","R","21年澳网第五轮","2021_AO_QF_Djokovic","2021","AO","QF","1","一  6-7(6)","False","","train","train_grouped.csv","86","87","0","exact_all_34_features"
"21年小德硬地技术统计-陆文洁.xlsx","Sheet1","S","21年澳网第五轮","2021_AO_QF_Djokovic","2021","AO","QF","2","二（6-2）","False","","train","train_grouped.csv","87","88","1","exact_all_34_features"
"21年小德硬地技术统计-陆文洁.xlsx","Sheet1","T","21年澳网第五轮","2021_AO_QF_Djokovic","2021","AO","QF","3","三（6-4）","False","","train","train_grouped.csv","88","89","1","exact_all_34_features"
"21年小德硬地技术统计-陆文洁.xlsx","Sheet1","U","21年澳网第五轮","2021_AO_QF_Djokovic","2021","AO","QF","4","四  7-6(6)","False","","train","train_grouped.csv","89","90","1","exact_all_34_features"
"21年小德硬地技术统计-陆文洁.xlsx","Sheet1","V","21年澳网半决赛","2021_AO_SF_Djokovic","2021","AO","SF","1","一 （6-3）","False","","train","train_grouped.csv","90","91","1","exact_all_34_features"
"21年小德硬地技术统计-陆文洁.xlsx","Sheet1","W","21年澳网半决赛","2021_AO_SF_Djokovic","2021","AO","SF","2","二（6-4）","False","","train","train_grouped.csv","91","92","1","exact_all_34_features"
"21年小德硬地技术统计-陆文洁.xlsx","Sheet1","X","21年澳网半决赛","2021_AO_SF_Djokovic","2021","AO","SF","3","三（6-2）","False","","train","train_grouped.csv","92","93","1","exact_all_34_features"
"21年小德硬地技术统计-陆文洁.xlsx","Sheet1","Y","21年澳网决赛","2021_AO_F_Djokovic","2021","AO","F","1","一 （7-5）","False","","train","train_grouped.csv","93","94","1","exact_all_34_features"
"21年小德硬地技术统计-陆文洁.xlsx","Sheet1","Z","21年澳网决赛","2021_AO_F_Djokovic","2021","AO","F","2","二（6-2）","False","","train","train_grouped.csv","94","95","1","exact_all_34_features"
"21年小德硬地技术统计-陆文洁.xlsx","Sheet1","AA","21年澳网决赛","2021_AO_F_Djokovic","2021","AO","F","3","三（6-2）","False","","train","train_grouped.csv","95","96","1","exact_all_34_features"
"21年小德硬地技术统计-陆文洁.xlsx","Sheet1","AB","21年美网第一轮","2021_USO_R128_Djokovic","2021","USO","R128","1","一 （6-1）","False","","train","train_grouped.csv","96","97","1","exact_all_34_features"
"21年小德硬地技术统计-陆文洁.xlsx","Sheet1","AC","21年美网第一轮","2021_USO_R128_Djokovic","2021","USO","R128","2","二 6-7(5)","False","","train","train_grouped.csv","97","98","0","exact_all_34_features"
"21年小德硬地技术统计-陆文洁.xlsx","Sheet1","AD","21年美网第一轮","2021_USO_R128_Djokovic","2021","USO","R128","3","三（6-2）","False","","train","train_grouped.csv","98","99","1","exact_all_34_features"
"21年小德硬地技术统计-陆文洁.xlsx","Sheet1","AE","21年美网第一轮","2021_USO_R128_Djokovic","2021","USO","R128","4","四 （6-1）","False","","train","train_grouped.csv","99","100","1","exact_all_34_features"
"21年小德硬地技术统计-陆文洁.xlsx","Sheet1","AF","21年美网第二轮","2021_USO_R64_Djokovic","2021","USO","R64","1","一 （6-2）","False","","train","train_grouped.csv","100","101","1","exact_all_34_features"
"21年小德硬地技术统计-陆文洁.xlsx","Sheet1","AG","21年美网第二轮","2021_USO_R64_Djokovic","2021","USO","R64","2","二6-3）","False","","train","train_grouped.csv","101","102","1","exact_all_34_features"
"21年小德硬地技术统计-陆文洁.xlsx","Sheet1","AH","21年美网第二轮","2021_USO_R64_Djokovic","2021","USO","R64","3","三（6-2）","False","","train","train_grouped.csv","102","103","1","exact_all_34_features"
"21年小德硬地技术统计-陆文洁.xlsx","Sheet1","AI","21年美网第三轮","2021_USO_R32_Djokovic","2021","USO","R32","1","一  6-7(4)","False","","train","train_grouped.csv","103","104","0","exact_all_34_features"
"21年小德硬地技术统计-陆文洁.xlsx","Sheet1","AJ","21年美网第三轮","2021_USO_R32_Djokovic","2021","USO","R32","2","二（6-3）","False","","train","train_grouped.csv","104","105","1","exact_all_34_features"
"21年小德硬地技术统计-陆文洁.xlsx","Sheet1","AK","21年美网第三轮","2021_USO_R32_Djokovic","2021","USO","R32","3","三（6-3）","False","","train","train_grouped.csv","105","106","1","exact_all_34_features"
"21年小德硬地技术统计-陆文洁.xlsx","Sheet1","AL","21年美网第三轮","2021_USO_R32_Djokovic","2021","USO","R32","4","四 （6-2）","False","","train","train_grouped.csv","106","107","1","exact_all_34_features"
"21年小德硬地技术统计-陆文洁.xlsx","Sheet1","AM","21年美网第四轮","2021_USO_R16_Djokovic","2021","USO","R16","1","一（1-6）","False","","train","train_grouped.csv","107","108","0","exact_all_34_features"
"21年小德硬地技术统计-陆文洁.xlsx","Sheet1","AN","21年美网第四轮","2021_USO_R16_Djokovic","2021","USO","R16","2","二（6-3）","False","","train","train_grouped.csv","108","109","1","exact_all_34_features"
"21年小德硬地技术统计-陆文洁.xlsx","Sheet1","AO","21年美网第四轮","2021_USO_R16_Djokovic","2021","USO","R16","3","三（6-2）","False","","train","train_grouped.csv","109","110","1","exact_all_34_features"
"21年小德硬地技术统计-陆文洁.xlsx","Sheet1","AP","21年美网第四轮","2021_USO_R16_Djokovic","2021","USO","R16","4","四 （6-2）","False","","train","train_grouped.csv","110","111","1","exact_all_34_features"
"21年小德硬地技术统计-陆文洁.xlsx","Sheet1","AQ","21年美网第五轮","2021_USO_QF_Djokovic","2021","USO","QF","1","一（5-7）","False","","train","train_grouped.csv","111","112","0","exact_all_34_features"
"21年小德硬地技术统计-陆文洁.xlsx","Sheet1","AR","21年美网第五轮","2021_USO_QF_Djokovic","2021","USO","QF","2","二（6-2）","False","","train","train_grouped.csv","112","113","1","exact_all_34_features"
"21年小德硬地技术统计-陆文洁.xlsx","Sheet1","AS","21年美网第五轮","2021_USO_QF_Djokovic","2021","USO","QF","3","三（6-2）","False","","train","train_grouped.csv","113","114","1","exact_all_34_features"
"21年小德硬地技术统计-陆文洁.xlsx","Sheet1","AT","21年美网第五轮","2021_USO_QF_Djokovic","2021","USO","QF","4","四  (6-3）","False","","train","train_grouped.csv","114","115","1","exact_all_34_features"
"21年小德硬地技术统计-陆文洁.xlsx","Sheet1","AU","21年美网半决赛","2021_USO_SF_Djokovic","2021","USO","SF","1","一  (4-6)","False","","train","train_grouped.csv","115","116","0","exact_all_34_features"
"21年小德硬地技术统计-陆文洁.xlsx","Sheet1","AV","21年美网半决赛","2021_USO_SF_Djokovic","2021","USO","SF","2","二（6-2）","False","","train","train_grouped.csv","116","117","1","exact_all_34_features"
"21年小德硬地技术统计-陆文洁.xlsx","Sheet1","AW","21年美网半决赛","2021_USO_SF_Djokovic","2021","USO","SF","3","三（6-4）","False","","train","train_grouped.csv","117","118","1","exact_all_34_features"
"21年小德硬地技术统计-陆文洁.xlsx","Sheet1","AX","21年美网半决赛","2021_USO_SF_Djokovic","2021","USO","SF","4","四  (4-6)","False","","train","train_grouped.csv","118","119","0","exact_all_34_features"
"21年小德硬地技术统计-陆文洁.xlsx","Sheet1","AY","21年美网半决赛","2021_USO_SF_Djokovic","2021","USO","SF","5","五（6-2）","False","","train","train_grouped.csv","119","120","1","exact_all_34_features"
"21年小德硬地技术统计-陆文洁.xlsx","Sheet1","AZ","21年美网决赛","2021_USO_F_Djokovic","2021","USO","F","1","一  (4-6)","False","","train","train_grouped.csv","120","121","0","exact_all_34_features"
"21年小德硬地技术统计-陆文洁.xlsx","Sheet1","BA","21年美网决赛","2021_USO_F_Djokovic","2021","USO","F","2","二（4-6）","False","","train","train_grouped.csv","121","122","0","exact_all_34_features"
"21年小德硬地技术统计-陆文洁.xlsx","Sheet1","BB","21年美网决赛","2021_USO_F_Djokovic","2021","USO","F","3","三（4-6）","False","","train","train_grouped.csv","122","123","0","exact_all_34_features"
"23年小德硬地技术统计-修正.xlsx","Sheet1","B","2023澳网第一轮","2023_AO_R128_Djokovic","2023","AO","R128","1","6-3","False","胜","train","train_grouped.csv","123","124","1","exact_all_34_features"
"23年小德硬地技术统计-修正.xlsx","Sheet1","C","2023澳网第一轮","2023_AO_R128_Djokovic","2023","AO","R128","2","6-4","False","胜","train","train_grouped.csv","124","125","1","exact_all_34_features"
"23年小德硬地技术统计-修正.xlsx","Sheet1","D","2023澳网第一轮","2023_AO_R128_Djokovic","2023","AO","R128","3","6-0","False","胜","train","train_grouped.csv","125","126","1","exact_all_34_features"
"23年小德硬地技术统计-修正.xlsx","Sheet1","E","2023澳网第二轮","2023_AO_R64_Djokovic","2023","AO","R64","1","6-1","False","胜","train","train_grouped.csv","126","127","1","exact_all_34_features"
"23年小德硬地技术统计-修正.xlsx","Sheet1","F","2023澳网第二轮","2023_AO_R64_Djokovic","2023","AO","R64","2","6-7(5)","False","负","train","train_grouped.csv","127","128","0","exact_all_34_features"
"23年小德硬地技术统计-修正.xlsx","Sheet1","G","2023澳网第二轮","2023_AO_R64_Djokovic","2023","AO","R64","3","6-2","False","胜","train","train_grouped.csv","128","129","1","exact_all_34_features"
"23年小德硬地技术统计-修正.xlsx","Sheet1","H","2023澳网第二轮","2023_AO_R64_Djokovic","2023","AO","R64","4","6-0","False","胜","train","train_grouped.csv","129","130","1","exact_all_34_features"
"23年小德硬地技术统计-修正.xlsx","Sheet1","I","2023澳网第三轮","2023_AO_R32_Djokovic","2023","AO","R32","1","7-6(7)","False","胜","train","train_grouped.csv","130","131","1","exact_all_34_features"
"23年小德硬地技术统计-修正.xlsx","Sheet1","J","2023澳网第三轮","2023_AO_R32_Djokovic","2023","AO","R32","2","6-3","False","胜","train","train_grouped.csv","131","132","1","exact_all_34_features"
"23年小德硬地技术统计-修正.xlsx","Sheet1","K","2023澳网第三轮","2023_AO_R32_Djokovic","2023","AO","R32","3","6-4","False","胜","train","train_grouped.csv","132","133","1","exact_all_34_features"
"23年小德硬地技术统计-修正.xlsx","Sheet1","L","2023澳网第四轮","2023_AO_R16_Djokovic","2023","AO","R16","1","6-2","False","胜","train","train_grouped.csv","133","134","1","exact_all_34_features"
"23年小德硬地技术统计-修正.xlsx","Sheet1","M","2023澳网第四轮","2023_AO_R16_Djokovic","2023","AO","R16","2","6-1","False","胜","train","train_grouped.csv","134","135","1","exact_all_34_features"
"23年小德硬地技术统计-修正.xlsx","Sheet1","N","2023澳网第四轮","2023_AO_R16_Djokovic","2023","AO","R16","3","6-2","False","胜","train","train_grouped.csv","135","136","1","exact_all_34_features"
"23年小德硬地技术统计-修正.xlsx","Sheet1","O","2023澳网第五轮","2023_AO_QF_Djokovic","2023","AO","QF","1","6-1","False","胜","train","train_grouped.csv","136","137","1","exact_all_34_features"
"23年小德硬地技术统计-修正.xlsx","Sheet1","P","2023澳网第五轮","2023_AO_QF_Djokovic","2023","AO","QF","2","6-2","False","胜","train","train_grouped.csv","137","138","1","exact_all_34_features"
"23年小德硬地技术统计-修正.xlsx","Sheet1","Q","2023澳网第五轮","2023_AO_QF_Djokovic","2023","AO","QF","3","6-4","False","胜","train","train_grouped.csv","138","139","1","exact_all_34_features"
"23年小德硬地技术统计-修正.xlsx","Sheet1","R","2023澳网半决赛","2023_AO_SF_Djokovic","2023","AO","SF","1","7-5","False","胜","train","train_grouped.csv","139","140","1","exact_all_34_features"
"23年小德硬地技术统计-修正.xlsx","Sheet1","S","2023澳网半决赛","2023_AO_SF_Djokovic","2023","AO","SF","2","6-1","False","胜","train","train_grouped.csv","140","141","1","exact_all_34_features"
"23年小德硬地技术统计-修正.xlsx","Sheet1","T","2023澳网半决赛","2023_AO_SF_Djokovic","2023","AO","SF","3","6-2","False","胜","train","train_grouped.csv","141","142","1","exact_all_34_features"
"23年小德硬地技术统计-修正.xlsx","Sheet1","U","2023澳网决赛","2023_AO_F_Djokovic","2023","AO","F","1","6-3","False","胜","train","train_grouped.csv","142","143","1","exact_all_34_features"
"23年小德硬地技术统计-修正.xlsx","Sheet1","V","2023澳网决赛","2023_AO_F_Djokovic","2023","AO","F","2","7-6(4)","False","胜","train","train_grouped.csv","143","144","1","exact_all_34_features"
"23年小德硬地技术统计-修正.xlsx","Sheet1","W","2023澳网决赛","2023_AO_F_Djokovic","2023","AO","F","3","7-6(5)","False","胜","train","train_grouped.csv","144","145","1","exact_all_34_features"
"23年小德硬地技术统计-修正.xlsx","Sheet1","X","2023美网第一轮","2023_USO_R128_Djokovic","2023","USO","R128","1","6-0","False","胜","train","train_grouped.csv","145","146","1","exact_all_34_features"
"23年小德硬地技术统计-修正.xlsx","Sheet1","Y","2023美网第一轮","2023_USO_R128_Djokovic","2023","USO","R128","2","6-2","False","胜","train","train_grouped.csv","146","147","1","exact_all_34_features"
"23年小德硬地技术统计-修正.xlsx","Sheet1","Z","2023美网第一轮","2023_USO_R128_Djokovic","2023","USO","R128","3","6-3","False","胜","train","train_grouped.csv","147","148","1","exact_all_34_features"
"23年小德硬地技术统计-修正.xlsx","Sheet1","AA","2023美网第二轮","2023_USO_R64_Djokovic","2023","USO","R64","1","6-4","False","胜","train","train_grouped.csv","148","149","1","exact_all_34_features"
"23年小德硬地技术统计-修正.xlsx","Sheet1","AB","2023美网第二轮","2023_USO_R64_Djokovic","2023","USO","R64","2","6-1","False","胜","train","train_grouped.csv","149","150","1","exact_all_34_features"
"23年小德硬地技术统计-修正.xlsx","Sheet1","AC","2023美网第二轮","2023_USO_R64_Djokovic","2023","USO","R64","3","6-1","False","胜","train","train_grouped.csv","150","151","1","exact_all_34_features"
"23年小德硬地技术统计-修正.xlsx","Sheet1","AD","2023美网第三轮","2023_USO_R32_Djokovic","2023","USO","R32","1","4-6","False","负","train","train_grouped.csv","151","152","0","exact_all_34_features"
"23年小德硬地技术统计-修正.xlsx","Sheet1","AE","2023美网第三轮","2023_USO_R32_Djokovic","2023","USO","R32","2","4-6","False","负","train","train_grouped.csv","152","153","0","exact_all_34_features"
"23年小德硬地技术统计-修正.xlsx","Sheet1","AF","2023美网第三轮","2023_USO_R32_Djokovic","2023","USO","R32","3","6-1","False","胜","train","train_grouped.csv","153","154","1","exact_all_34_features"
"23年小德硬地技术统计-修正.xlsx","Sheet1","AG","2023美网第三轮","2023_USO_R32_Djokovic","2023","USO","R32","4","6-1","False","胜","train","train_grouped.csv","154","155","1","exact_all_34_features"
"23年小德硬地技术统计-修正.xlsx","Sheet1","AH","2023美网第三轮","2023_USO_R32_Djokovic","2023","USO","R32","5","6-3","False","胜","train","train_grouped.csv","155","156","1","exact_all_34_features"
"23年小德硬地技术统计-修正.xlsx","Sheet1","AI","2023美网第四轮","2023_USO_R16_Djokovic","2023","USO","R16","1","6-2","False","胜","train","train_grouped.csv","156","157","1","duplicate_feature_vector_resolved_by_verified_source_column_order"
"23年小德硬地技术统计-修正.xlsx","Sheet1","AJ","2023美网第四轮","2023_USO_R16_Djokovic","2023","USO","R16","2","7-5","False","胜","train","train_grouped.csv","157","158","1","duplicate_feature_vector_resolved_by_verified_source_column_order"
"23年小德硬地技术统计-修正.xlsx","Sheet1","AK","2023美网第四轮","2023_USO_R16_Djokovic","2023","USO","R16","3","6-4","False","胜","train","train_grouped.csv","158","159","1","duplicate_feature_vector_resolved_by_verified_source_column_order"
"23年小德硬地技术统计-修正.xlsx","Sheet1","AL","2023美网第五轮","2023_USO_QF_Djokovic","2023","USO","QF","1","6-1","False","胜","train","train_grouped.csv","159","160","1","duplicate_feature_vector_resolved_by_verified_source_column_order"
"23年小德硬地技术统计-修正.xlsx","Sheet1","AM","2023美网第五轮","2023_USO_QF_Djokovic","2023","USO","QF","2","6-4","False","胜","train","train_grouped.csv","160","161","1","duplicate_feature_vector_resolved_by_verified_source_column_order"
"23年小德硬地技术统计-修正.xlsx","Sheet1","AN","2023美网第五轮","2023_USO_QF_Djokovic","2023","USO","QF","3","6-4","False","胜","train","train_grouped.csv","161","162","1","duplicate_feature_vector_resolved_by_verified_source_column_order"
"23年小德硬地技术统计-修正.xlsx","Sheet1","AO","2023美网半决赛","2023_USO_SF_Djokovic","2023","USO","SF","1","6-3","False","胜","train","train_grouped.csv","162","163","1","exact_all_34_features"
"23年小德硬地技术统计-修正.xlsx","Sheet1","AP","2023美网半决赛","2023_USO_SF_Djokovic","2023","USO","SF","2","6-2","False","胜","train","train_grouped.csv","163","164","1","exact_all_34_features"
"23年小德硬地技术统计-修正.xlsx","Sheet1","AQ","2023美网半决赛","2023_USO_SF_Djokovic","2023","USO","SF","3","7-6（4）","False","胜","train","train_grouped.csv","164","165","1","exact_all_34_features"
"23年小德硬地技术统计-修正.xlsx","Sheet1","AR","2023美网决赛","2023_USO_F_Djokovic","2023","USO","F","1","6-3","False","胜","train","train_grouped.csv","165","166","1","exact_all_34_features"
"23年小德硬地技术统计-修正.xlsx","Sheet1","AS","2023美网决赛","2023_USO_F_Djokovic","2023","USO","F","2","7-6（5）","False","胜","train","train_grouped.csv","166","167","1","exact_all_34_features"
"23年小德硬地技术统计-修正.xlsx","Sheet1","AT","2023美网决赛","2023_USO_F_Djokovic","2023","USO","F","3","6-3","False","胜","train","train_grouped.csv","167","168","1","exact_all_34_features"
"24年小德硬地技术统计-孔一行统计.xlsx","Sheet1","B","2024澳网第一轮","2024_AO_R128_Djokovic","2024","AO","R128","1","一（6：2）","False","胜","train","train_grouped.csv","168","169","1","exact_all_34_features"
"24年小德硬地技术统计-孔一行统计.xlsx","Sheet1","C","2024澳网第一轮","2024_AO_R128_Djokovic","2024","AO","R128","2","二（6：7）","False","负","train","train_grouped.csv","169","170","0","exact_all_34_features"
"24年小德硬地技术统计-孔一行统计.xlsx","Sheet1","D","2024澳网第一轮","2024_AO_R128_Djokovic","2024","AO","R128","3","三（6：3）","False","胜","train","train_grouped.csv","170","171","1","exact_all_34_features"
"24年小德硬地技术统计-孔一行统计.xlsx","Sheet1","E","2024澳网第一轮","2024_AO_R128_Djokovic","2024","AO","R128","4","四（6：4）","False","胜","train","train_grouped.csv","171","172","1","exact_all_34_features"
"24年小德硬地技术统计-孔一行统计.xlsx","Sheet1","F","2024澳网第二轮","2024_AO_R64_Djokovic","2024","AO","R64","1","一（6：3）","False","胜","train","train_grouped.csv","172","173","1","exact_all_34_features"
"24年小德硬地技术统计-孔一行统计.xlsx","Sheet1","G","2024澳网第二轮","2024_AO_R64_Djokovic","2024","AO","R64","2","二（4：6）","False","负","train","train_grouped.csv","173","174","0","exact_all_34_features"
"24年小德硬地技术统计-孔一行统计.xlsx","Sheet1","H","2024澳网第二轮","2024_AO_R64_Djokovic","2024","AO","R64","3","三（7：6）","False","胜","train","train_grouped.csv","174","175","1","exact_all_34_features"
"24年小德硬地技术统计-孔一行统计.xlsx","Sheet1","I","2024澳网第二轮","2024_AO_R64_Djokovic","2024","AO","R64","4","四（6：3）","False","胜","train","train_grouped.csv","175","176","1","exact_all_34_features"
"24年小德硬地技术统计-孔一行统计.xlsx","Sheet1","J","2024澳网第三轮","2024_AO_R32_Djokovic","2024","AO","R32","1","一（6：3）","False","胜","train","train_grouped.csv","176","177","1","all_34_features_match_with_probability_rounding"
"24年小德硬地技术统计-孔一行统计.xlsx","Sheet1","K","2024澳网第三轮","2024_AO_R32_Djokovic","2024","AO","R32","2","二（6：3）","False","胜","train","train_grouped.csv","177","178","1","exact_all_34_features"
"24年小德硬地技术统计-孔一行统计.xlsx","Sheet1","L","2024澳网第三轮","2024_AO_R32_Djokovic","2024","AO","R32","3","三（7：6）","False","胜","train","train_grouped.csv","178","179","1","exact_all_34_features"
"24年小德硬地技术统计-孔一行统计.xlsx","Sheet1","M","2024澳网第四轮","2024_AO_R16_Djokovic","2024","AO","R16","1","一（6：0）","False","胜","train","train_grouped.csv","179","180","1","exact_all_34_features"
"24年小德硬地技术统计-孔一行统计.xlsx","Sheet1","N","2024澳网第四轮","2024_AO_R16_Djokovic","2024","AO","R16","2","二（6：0）","False","胜","train","train_grouped.csv","180","181","1","exact_all_34_features"
"24年小德硬地技术统计-孔一行统计.xlsx","Sheet1","O","2024澳网第四轮","2024_AO_R16_Djokovic","2024","AO","R16","3","三（6：3）","False","胜","train","train_grouped.csv","181","182","1","exact_all_34_features"
"24年小德硬地技术统计-孔一行统计.xlsx","Sheet1","P","2024澳网第五轮","2024_AO_QF_Djokovic","2024","AO","QF","1","一（7：6）","False","胜","train","train_grouped.csv","182","183","1","exact_all_34_features"
"24年小德硬地技术统计-孔一行统计.xlsx","Sheet1","Q","2024澳网第五轮","2024_AO_QF_Djokovic","2024","AO","QF","2","二（4：6）","False","负","train","train_grouped.csv","183","184","0","exact_all_34_features"
"24年小德硬地技术统计-孔一行统计.xlsx","Sheet1","R","2024澳网第五轮","2024_AO_QF_Djokovic","2024","AO","QF","3","三（6：2）","False","胜","train","train_grouped.csv","184","185","1","exact_all_34_features"
"24年小德硬地技术统计-孔一行统计.xlsx","Sheet1","S","2024澳网第五轮","2024_AO_QF_Djokovic","2024","AO","QF","4","四（6：3）","False","胜","train","train_grouped.csv","185","186","1","exact_all_34_features"
"24年小德硬地技术统计-孔一行统计.xlsx","Sheet1","T","2024澳网半决赛","2024_AO_SF_Djokovic","2024","AO","SF","1","一（1：6）","False","负","train","train_grouped.csv","186","187","0","exact_all_34_features"
"24年小德硬地技术统计-孔一行统计.xlsx","Sheet1","U","2024澳网半决赛","2024_AO_SF_Djokovic","2024","AO","SF","2","二（2：6）","False","负","train","train_grouped.csv","187","188","0","exact_all_34_features"
"24年小德硬地技术统计-孔一行统计.xlsx","Sheet1","V","2024澳网半决赛","2024_AO_SF_Djokovic","2024","AO","SF","3","三（7:6）","False","胜","train","train_grouped.csv","188","189","1","exact_all_34_features"
"24年小德硬地技术统计-孔一行统计.xlsx","Sheet1","W","2024澳网半决赛","2024_AO_SF_Djokovic","2024","AO","SF","4","四（3：6）","False","负","train","train_grouped.csv","189","190","0","exact_all_34_features"
"24年小德硬地技术统计-孔一行统计.xlsx","Sheet1","X","2024美网第一轮","2024_USO_R128_Djokovic","2024","USO","R128","1","一（6：2）","False","胜","train","train_grouped.csv","190","191","1","exact_all_34_features"
"24年小德硬地技术统计-孔一行统计.xlsx","Sheet1","Y","2024美网第一轮","2024_USO_R128_Djokovic","2024","USO","R128","2","二（6：2）","False","胜","train","train_grouped.csv","191","192","1","exact_all_34_features"
"24年小德硬地技术统计-孔一行统计.xlsx","Sheet1","Z","2024美网第一轮","2024_USO_R128_Djokovic","2024","USO","R128","3","三（6：4）","False","胜","train","train_grouped.csv","192","193","1","exact_all_34_features"
"24年小德硬地技术统计-孔一行统计.xlsx","Sheet1","AA","2024美网第二轮","2024_USO_R64_Djokovic","2024","USO","R64","1","一（6：4）","False","胜","train","train_grouped.csv","193","194","1","exact_all_34_features"
"24年小德硬地技术统计-孔一行统计.xlsx","Sheet1","AB","2024美网第二轮","2024_USO_R64_Djokovic","2024","USO","R64","2","二（6：4）","False","胜","train","train_grouped.csv","194","195","1","exact_all_34_features"
"24年小德硬地技术统计-孔一行统计.xlsx","Sheet1","AC","2024美网第二轮","2024_USO_R64_Djokovic","2024","USO","R64","3","三（2：0RET）","True","胜","train","train_grouped.csv","195","196","1","exact_all_34_features"
"24年小德硬地技术统计-孔一行统计.xlsx","Sheet1","AD","2024美网第三轮","2024_USO_R32_Djokovic","2024","USO","R32","1","一（4：6）","False","负","train","train_grouped.csv","196","197","0","exact_all_34_features"
"24年小德硬地技术统计-孔一行统计.xlsx","Sheet1","AE","2024美网第三轮","2024_USO_R32_Djokovic","2024","USO","R32","2","二（4：6）","False","负","train","train_grouped.csv","197","198","0","exact_all_34_features"
"24年小德硬地技术统计-孔一行统计.xlsx","Sheet1","AF","2024美网第三轮","2024_USO_R32_Djokovic","2024","USO","R32","3","三（6：2）","False","胜","train","train_grouped.csv","198","199","1","exact_all_34_features"
"24年小德硬地技术统计-孔一行统计.xlsx","Sheet1","AG","2024美网第三轮","2024_USO_R32_Djokovic","2024","USO","R32","4","三（4：6）","False","负","train","train_grouped.csv","199","200","0","exact_all_34_features"
"25年小德硬地技术统计-桑雷雨统计.xlsx","Sheet1","B","2025澳网第一轮","2025_AO_R128_Djokovic","2025","AO","R128","1","一（4：6）","False","负","test","test_grouped.csv","1","2","0","exact_all_34_features"
"25年小德硬地技术统计-桑雷雨统计.xlsx","Sheet1","C","2025澳网第一轮","2025_AO_R128_Djokovic","2025","AO","R128","2","二（6：3）","False","胜","test","test_grouped.csv","2","3","1","exact_all_34_features"
"25年小德硬地技术统计-桑雷雨统计.xlsx","Sheet1","D","2025澳网第一轮","2025_AO_R128_Djokovic","2025","AO","R128","3","三（6：4）","False","胜","test","test_grouped.csv","3","4","1","exact_all_34_features"
"25年小德硬地技术统计-桑雷雨统计.xlsx","Sheet1","E","2025澳网第一轮","2025_AO_R128_Djokovic","2025","AO","R128","4","四（6：2）","False","胜","test","test_grouped.csv","4","5","1","exact_all_34_features"
"25年小德硬地技术统计-桑雷雨统计.xlsx","Sheet1","F","2025澳网第二轮","2025_AO_R64_Djokovic","2025","AO","R64","1","一（6：1）","False","胜","test","test_grouped.csv","5","6","1","exact_all_34_features"
"25年小德硬地技术统计-桑雷雨统计.xlsx","Sheet1","G","2025澳网第二轮","2025_AO_R64_Djokovic","2025","AO","R64","2","二（6：7）","False","负","test","test_grouped.csv","6","7","0","exact_all_34_features"
"25年小德硬地技术统计-桑雷雨统计.xlsx","Sheet1","H","2025澳网第二轮","2025_AO_R64_Djokovic","2025","AO","R64","3","三（6：3）","False","胜","test","test_grouped.csv","7","8","1","exact_all_34_features"
"25年小德硬地技术统计-桑雷雨统计.xlsx","Sheet1","I","2025澳网第二轮","2025_AO_R64_Djokovic","2025","AO","R64","4","四（6：2）","False","胜","test","test_grouped.csv","8","9","1","exact_all_34_features"
"25年小德硬地技术统计-桑雷雨统计.xlsx","Sheet1","J","2025澳网第三轮","2025_AO_R32_Djokovic","2025","AO","R32","1","一（6：1）","False","胜","test","test_grouped.csv","9","10","1","exact_all_34_features"
"25年小德硬地技术统计-桑雷雨统计.xlsx","Sheet1","K","2025澳网第三轮","2025_AO_R32_Djokovic","2025","AO","R32","2","二（6：4）","False","胜","test","test_grouped.csv","10","11","1","exact_all_34_features"
"25年小德硬地技术统计-桑雷雨统计.xlsx","Sheet1","L","2025澳网第三轮","2025_AO_R32_Djokovic","2025","AO","R32","3","三（6：4）","False","胜","test","test_grouped.csv","11","12","1","exact_all_34_features"
"25年小德硬地技术统计-桑雷雨统计.xlsx","Sheet1","M","2025澳网第四轮","2025_AO_R16_Djokovic","2025","AO","R16","1","一（6：3）","False","胜","test","test_grouped.csv","12","13","1","exact_all_34_features"
"25年小德硬地技术统计-桑雷雨统计.xlsx","Sheet1","N","2025澳网第四轮","2025_AO_R16_Djokovic","2025","AO","R16","2","二（6：4）","False","胜","test","test_grouped.csv","13","14","1","exact_all_34_features"
"25年小德硬地技术统计-桑雷雨统计.xlsx","Sheet1","O","2025澳网第四轮","2025_AO_R16_Djokovic","2025","AO","R16","3","三（7：6）","False","胜","test","test_grouped.csv","14","15","1","exact_all_34_features"
"25年小德硬地技术统计-桑雷雨统计.xlsx","Sheet1","P","2025澳网第五轮","2025_AO_QF_Djokovic","2025","AO","QF","1","一（4：6）","False","负","test","test_grouped.csv","15","16","0","exact_all_34_features"
"25年小德硬地技术统计-桑雷雨统计.xlsx","Sheet1","Q","2025澳网第五轮","2025_AO_QF_Djokovic","2025","AO","QF","2","二（6：4）","False","胜","test","test_grouped.csv","16","17","1","exact_all_34_features"
"25年小德硬地技术统计-桑雷雨统计.xlsx","Sheet1","R","2025澳网第五轮","2025_AO_QF_Djokovic","2025","AO","QF","3","三（6：3）","False","胜","test","test_grouped.csv","17","18","1","exact_all_34_features"
"25年小德硬地技术统计-桑雷雨统计.xlsx","Sheet1","S","2025澳网第五轮","2025_AO_QF_Djokovic","2025","AO","QF","4","四（6：4）","False","胜","test","test_grouped.csv","18","19","1","exact_all_34_features"
"25年小德硬地技术统计-桑雷雨统计.xlsx","Sheet1","T","2025澳网半决赛","2025_AO_SF_Djokovic","2025","AO","SF","1","一（6：7RET）","True","负","test","test_grouped.csv","19","20","0","exact_all_34_features"
"25年小德硬地技术统计-桑雷雨统计.xlsx","Sheet1","U","2025美网第一轮","2025_USO_R128_Djokovic","2025","USO","R128","1","一（6：1）","False","胜","test","test_grouped.csv","20","21","1","exact_all_34_features"
"25年小德硬地技术统计-桑雷雨统计.xlsx","Sheet1","V","2025美网第一轮","2025_USO_R128_Djokovic","2025","USO","R128","2","二（7：6）","False","胜","test","test_grouped.csv","21","22","1","exact_all_34_features"
"25年小德硬地技术统计-桑雷雨统计.xlsx","Sheet1","W","2025美网第一轮","2025_USO_R128_Djokovic","2025","USO","R128","3","三（6：2）","False","胜","test","test_grouped.csv","22","23","1","exact_all_34_features"
"25年小德硬地技术统计-桑雷雨统计.xlsx","Sheet1","X","2025美网第二轮","2025_USO_R64_Djokovic","2025","USO","R64","1","一（6：7）","False","负","test","test_grouped.csv","23","24","0","exact_all_34_features"
"25年小德硬地技术统计-桑雷雨统计.xlsx","Sheet1","Y","2025美网第二轮","2025_USO_R64_Djokovic","2025","USO","R64","2","二（6：3）","False","胜","test","test_grouped.csv","24","25","1","exact_all_34_features"
"25年小德硬地技术统计-桑雷雨统计.xlsx","Sheet1","Z","2025美网第二轮","2025_USO_R64_Djokovic","2025","USO","R64","3","三（6：3）","False","胜","test","test_grouped.csv","25","26","1","exact_all_34_features"
"25年小德硬地技术统计-桑雷雨统计.xlsx","Sheet1","AA","2025美网第二轮","2025_USO_R64_Djokovic","2025","USO","R64","4","四（6：1）","False","胜","test","test_grouped.csv","26","27","1","exact_all_34_features"
"25年小德硬地技术统计-桑雷雨统计.xlsx","Sheet1","AB","2025美网第三轮","2025_USO_R32_Djokovic","2025","USO","R32","1","一（6：4）","False","胜","test","test_grouped.csv","27","28","1","exact_all_34_features"
"25年小德硬地技术统计-桑雷雨统计.xlsx","Sheet1","AC","2025美网第三轮","2025_USO_R32_Djokovic","2025","USO","R32","2","二（6：7）","False","负","test","test_grouped.csv","28","29","0","exact_all_34_features"
"25年小德硬地技术统计-桑雷雨统计.xlsx","Sheet1","AD","2025美网第三轮","2025_USO_R32_Djokovic","2025","USO","R32","3","三（6：2）","False","胜","test","test_grouped.csv","29","30","1","exact_all_34_features"
"25年小德硬地技术统计-桑雷雨统计.xlsx","Sheet1","AE","2025美网第三轮","2025_USO_R32_Djokovic","2025","USO","R32","4","四（6：3）","False","胜","test","test_grouped.csv","30","31","1","exact_all_34_features"
"25年小德硬地技术统计-桑雷雨统计.xlsx","Sheet1","AF","2025美网第四轮","2025_USO_R16_Djokovic","2025","USO","R16","1","一（6：3）","False","胜","test","test_grouped.csv","31","32","1","exact_all_34_features"
"25年小德硬地技术统计-桑雷雨统计.xlsx","Sheet1","AG","2025美网第四轮","2025_USO_R16_Djokovic","2025","USO","R16","2","二（6：3）","False","胜","test","test_grouped.csv","32","33","1","exact_all_34_features"
"25年小德硬地技术统计-桑雷雨统计.xlsx","Sheet1","AH","2025美网第四轮","2025_USO_R16_Djokovic","2025","USO","R16","3","三（6：2）","False","胜","test","test_grouped.csv","33","34","1","exact_all_34_features"
"25年小德硬地技术统计-桑雷雨统计.xlsx","Sheet1","AI","2025美网第五轮","2025_USO_QF_Djokovic","2025","USO","QF","1","一（6：3）","False","胜","test","test_grouped.csv","34","35","1","exact_all_34_features"
"25年小德硬地技术统计-桑雷雨统计.xlsx","Sheet1","AJ","2025美网第五轮","2025_USO_QF_Djokovic","2025","USO","QF","2","二（7：5）","False","胜","test","test_grouped.csv","35","36","1","exact_all_34_features"
"25年小德硬地技术统计-桑雷雨统计.xlsx","Sheet1","AK","2025美网第五轮","2025_USO_QF_Djokovic","2025","USO","QF","3","三（3：6）","False","负","test","test_grouped.csv","36","37","0","exact_all_34_features"
"25年小德硬地技术统计-桑雷雨统计.xlsx","Sheet1","AL","2025美网第五轮","2025_USO_QF_Djokovic","2025","USO","QF","4","四（6：4）","False","胜","test","test_grouped.csv","37","38","1","exact_all_34_features"
"25年小德硬地技术统计-桑雷雨统计.xlsx","Sheet1","AM","2025美网半决赛","2025_USO_SF_Djokovic","2025","USO","SF","1","一（4：6）","False","负","test","test_grouped.csv","38","39","0","exact_all_34_features"
"25年小德硬地技术统计-桑雷雨统计.xlsx","Sheet1","AN","2025美网半决赛","2025_USO_SF_Djokovic","2025","USO","SF","2","二（6：7）","False","负","test","test_grouped.csv","39","40","0","exact_all_34_features"
"25年小德硬地技术统计-桑雷雨统计.xlsx","Sheet1","AO","2025美网半决赛","2025_USO_SF_Djokovic","2025","USO","SF","3","三（2：6）","False","负","test","test_grouped.csv","40","41","0","exact_all_34_features"
