subset,feature,model,mean_abs_probability_change,sd_across_permutations,n_sets,repeats,within_model_relative_sensitivity,probability_points
development,Break Points,LR,0.0032462413456570446,0.00017838260359641446,199,30,0.0030808156423220313,0.32462413456570444
development,Break Points,Ridge,0.002419059876894101,0.000128685201984396,199,30,0.002407324005902538,0.2419059876894101
development,Break Points,Lasso,0.0,0.0,199,30,0.0,0.0
development,Break Points,GB,0.0013200870279425326,0.0002786377332569444,199,30,0.003469762361477098,0.13200870279425325
development,Break Points,AdaB,0.0005539248657722015,7.349264587589693e-05,199,30,0.0029483241216182567,0.055392486577220144
development,Break Points,DT,0.0,0.0,199,30,0.0,0.0
development,Break Points,GNB,0.018161256201384514,0.002008208125009081,199,30,0.049049639155655717,1.8161256201384515
development,Service Breaks,LR,0.13112585256774761,0.011371915765039712,199,30,0.12444379042980991,13.11258525677476
development,Service Breaks,Ridge,0.13542533292099904,0.011537140428924756,199,30,0.13476832800296001,13.542533292099904
development,Service Breaks,Lasso,0.21324125331965538,0.012681769681140417,199,30,0.7600315471173428,21.324125331965536
development,Service Breaks,GB,0.18981700839068924,0.017280935081869956,199,30,0.49892158421457333,18.981700839068925
development,Service Breaks,AdaB,0.13169407584856743,0.014155404169423349,199,30,0.7009557513856625,13.169407584856744
development,Service Breaks,DT,0.13140833308616695,0.012390046780714162,199,30,0.3807236631444124,13.140833308616696
development,Service Breaks,GNB,0.07467288784639001,0.007082631454613833,199,30,0.2016753776810305,7.467288784639001
development,Drive Returns,LR,0.020336461305993384,0.0014406063877846669,199,30,0.019300132500869278,2.0336461305993385
development,Drive Returns,Ridge,0.02212036433236177,0.0015620834755755988,199,30,0.022013049195365543,2.212036433236177
development,Drive Returns,Lasso,0.0,0.0,199,30,0.0,0.0
development,Drive Returns,GB,0.0009775535400814274,0.00021340714412571544,199,30,0.0025694355053164646,0.09775535400814274
development,Drive Returns,AdaB,0.0005311087967327497,5.750298733885572e-05,199,30,0.002826883162986176,0.05311087967327497
development,Drive Returns,DT,0.0,0.0,199,30,0.0,0.0
development,Drive Returns,GNB,0.004702792204729818,0.0009022912150574144,199,30,0.012701228269024867,0.4702792204729818
development,Slice/Block Returns,LR,0.00039874667529831196,3.0812448383252845e-05,199,30,0.0003784268832095416,0.039874667529831195
development,Slice/Block Returns,Ridge,0.0007985766408579893,6.195084132506799e-05,199,30,0.0007947024116487406,0.07985766408579893
development,Slice/Block Returns,Lasso,0.0,0.0,199,30,0.0,0.0
development,Slice/Block Returns,GB,0.0006873947809442306,0.0002180325152207127,199,30,0.0018067721960070022,0.06873947809442306
development,Slice/Block Returns,AdaB,0.00034814111541757475,6.422629481771907e-05,199,30,0.001853018183037907,0.034814111541757474
development,Slice/Block Returns,DT,0.0,0.0,199,30,0.0,0.0
development,Slice/Block Returns,GNB,0.007003104996547735,0.001075068851110522,199,30,0.0189138773904665,0.7003104996547735
development,Total Returns,LR,0.23128243986480934,0.01534035560969911,199,30,0.21949648305822136,23.128243986480935
development,Total Returns,Ridge,0.2083466790640443,0.013910645708221361,199,30,0.2073359022038388,20.83466790640443
development,Total Returns,Lasso,0.0,0.0,199,30,0.0,0.0
development,Total Returns,GB,0.0027149548676596584,0.00026536397312537294,199,30,0.007136081192765581,0.27149548676596585
development,Total Returns,AdaB,0.0010212478138099822,8.263268760246159e-05,199,30,0.005435700308214951,0.10212478138099822
development,Total Returns,DT,0.007404842991398809,0.0016710860621171812,199,30,0.021453730387447963,0.7404842991398809
development,Total Returns,GNB,0.01415505983267232,0.0016625688365385658,199,30,0.03822976611972271,1.4155059832672319
development,Backhand Returns,LR,0.09380938237071261,0.0059665572117091415,199,30,0.08902893587715181,9.38093823707126
development,Backhand Returns,Ridge,0.07889657716886837,0.004993677978327691,199,30,0.07851381688245557,7.889657716886838
development,Backhand Returns,Lasso,0.0,0.0,199,30,0.0,0.0
development,Backhand Returns,GB,0.0021547634380280644,0.00026044002493731894,199,30,0.0056636546810171695,0.21547634380280645
development,Backhand Returns,AdaB,0.00021150738679189272,3.711237710711443e-05,199,30,0.0011257706034006223,0.021150738679189273
development,Backhand Returns,DT,0.0,0.0,199,30,0.0,0.0
development,Backhand Returns,GNB,0.012623288304346697,0.0015957996620708996,199,30,0.034092781326371724,1.2623288304346696
development,Backhand Returns Won,LR,0.0,0.0,199,30,0.0,0.0
development,Backhand Returns Won,Ridge,0.0,0.0,199,30,0.0,0.0
development,Backhand Returns Won,Lasso,0.0,0.0,199,30,0.0,0.0
development,Backhand Returns Won,GB,0.0,0.0,199,30,0.0,0.0
development,Backhand Returns Won,AdaB,0.0,0.0,199,30,0.0,0.0
development,Backhand Returns Won,DT,0.0,0.0,199,30,0.0,0.0
development,Backhand Returns Won,GNB,0.0,0.0,199,30,0.0,0.0
development,Backhand Return Win ,LR,0.0017308683817960906,0.00010679454229251807,199,30,0.0016426647983434866,0.17308683817960907
development,Backhand Return Win ,Ridge,0.0013153078131315666,8.004464379943288e-05,199,30,0.0013089267049347221,0.13153078131315665
development,Backhand Return Win ,Lasso,0.0,0.0,199,30,0.0,0.0
development,Backhand Return Win ,GB,0.0033696418413110413,0.0007447561035801686,199,30,0.008856883057825502,0.3369641841311041
development,Backhand Return Win ,AdaB,0.0009699033124924737,0.0001133179462246817,199,30,0.005162413728931606,0.09699033124924737
development,Backhand Return Win ,DT,0.0,0.0,199,30,0.0,0.0
development,Backhand Return Win ,GNB,0.002304512654398085,0.00021752933812448614,199,30,0.006223992045178637,0.2304512654398085
development,Forehand Returns,LR,0.09310356138929454,0.006522579379225525,199,30,0.08835908293379595,9.310356138929453
development,Forehand Returns,Ridge,0.07798964567714158,0.005706789257867264,199,30,0.07761128529462812,7.798964567714157
development,Forehand Returns,Lasso,0.0,0.0,199,30,0.0,0.0
development,Forehand Returns,GB,0.004144272073080935,0.0005203469713141502,199,30,0.01089294792731111,0.41442720730809346
development,Forehand Returns,AdaB,0.0006057560824935498,8.685666364510419e-05,199,30,0.0032242012955005705,0.06057560824935498
development,Forehand Returns,DT,0.009394203795058191,0.002764905977582343,199,30,0.02721741914825488,0.9394203795058191
development,Forehand Returns,GNB,0.009699629156267818,0.0008755140299802825,199,30,0.026196608031020686,0.9699629156267817
development,Forehand Returns Won,LR,0.0,0.0,199,30,0.0,0.0
development,Forehand Returns Won,Ridge,0.0,0.0,199,30,0.0,0.0
development,Forehand Returns Won,Lasso,0.0,0.0,199,30,0.0,0.0
development,Forehand Returns Won,GB,0.0,0.0,199,30,0.0,0.0
development,Forehand Returns Won,AdaB,0.0,0.0,199,30,0.0,0.0
development,Forehand Returns Won,DT,0.0,0.0,199,30,0.0,0.0
development,Forehand Returns Won,GNB,0.0,0.0,199,30,0.0,0.0
development,Forehand Return Win ,LR,0.01722512988201358,0.0010783812965755601,199,30,0.016347351885136915,1.722512988201358
development,Forehand Return Win ,Ridge,0.017140647231048523,0.0010807398191578722,199,30,0.01705749078397713,1.7140647231048523
development,Forehand Return Win ,Lasso,0.0,0.0,199,30,0.0,0.0
development,Forehand Return Win ,GB,0.001791252237433918,0.00018456681470726446,199,30,0.004708189279798313,0.1791252237433918
development,Forehand Return Win ,AdaB,0.0017318383416292352,0.00018392994210747525,199,30,0.00921789410961135,0.17318383416292352
development,Forehand Return Win ,DT,0.0,0.0,199,30,0.0,0.0
development,Forehand Return Win ,GNB,0.005842555496852884,0.0007590881773811874,199,30,0.015779483296187398,0.5842555496852884
development,Drive (3rd Shot),LR,0.002868277745358873,0.00022032244216306407,199,30,0.0027221127462527697,0.2868277745358873
development,Drive (3rd Shot),Ridge,0.002331506281358803,0.00017914045983849903,199,30,0.0023201951694696767,0.2331506281358803
development,Drive (3rd Shot),Lasso,0.0,0.0,199,30,0.0,0.0
development,Drive (3rd Shot),GB,0.0003905214399431813,3.146496005544675e-05,199,30,0.0010264600476959445,0.039052143994318125
development,Drive (3rd Shot),AdaB,7.207477925161204e-05,2.0270119117113065e-05,199,30,0.0003836256925054312,0.007207477925161204
development,Drive (3rd Shot),DT,0.0,0.0,199,30,0.0,0.0
development,Drive (3rd Shot),GNB,0.006652105390427116,0.0009222063468315301,199,30,0.017965903096558284,0.6652105390427117
development,Slice/Block (3rd Shot),LR,0.002766781208939593,0.00018476819202090274,199,30,0.0026257883871719646,0.27667812089395927
development,Slice/Block (3rd Shot),Ridge,0.001957526401719959,0.00013185934641343858,199,30,0.0019480296226064716,0.19575264017199592
development,Slice/Block (3rd Shot),Lasso,0.0,0.0,199,30,0.0,0.0
development,Slice/Block (3rd Shot),GB,0.002034294191280263,0.00034173039822759646,199,30,0.005347009149902069,0.2034294191280263
development,Slice/Block (3rd Shot),AdaB,0.0006342233336301865,7.599151930407469e-05,199,30,0.00337572127300746,0.06342233336301864
development,Slice/Block (3rd Shot),DT,0.0037576815180232767,0.0014395428743202603,199,30,0.010886967659301952,0.3757681518023277
development,Slice/Block (3rd Shot),GNB,0.005390917027585574,0.0011463450829563798,199,30,0.014559705121113506,0.5390917027585573
development,Aces,LR,0.0012143880763894946,7.258714074455388e-05,199,30,0.0011525038908753319,0.12143880763894946
development,Aces,Ridge,0.0014295949557611037,8.505197121522438e-05,199,30,0.0014226593928462483,0.14295949557611037
development,Aces,Lasso,0.0,0.0,199,30,0.0,0.0
development,Aces,GB,0.0005382991557211475,0.00012567391952156788,199,30,0.0014148841024877086,0.053829915572114743
development,Aces,AdaB,0.0003778883315750244,4.5880419708184244e-05,199,30,0.002011350910754935,0.037788833157502436
development,Aces,DT,0.0,0.0,199,30,0.0,0.0
development,Aces,GNB,0.0036963982256701384,0.0004240996253937156,199,30,0.009983175014672416,0.36963982256701383
development,Double Faults,LR,0.05904956163538809,0.004158964625769408,199,30,0.056040446099900644,5.904956163538809
development,Double Faults,Ridge,0.0588920725018539,0.0040525671849272575,199,30,0.058606362432455,5.8892072501853905
development,Double Faults,Lasso,0.0,0.0,199,30,0.0,0.0
development,Double Faults,GB,0.006147036340558962,0.00040307780450540604,199,30,0.016157082735936037,0.6147036340558962
development,Double Faults,AdaB,0.0011966135713756888,0.0001305986520529916,199,30,0.006369103238982569,0.11966135713756887
development,Double Faults,DT,0.0,0.0,199,30,0.0,0.0
development,Double Faults,GNB,0.01952910398527519,0.0027559177742699104,199,30,0.05274390124169943,1.9529103985275191
development,1st Serve In ,LR,0.0202528449042252,0.0019274843758960883,199,30,0.019220777119955675,2.02528449042252
development,1st Serve In ,Ridge,0.020397436931725486,0.0019114093744481834,199,30,0.02029848043599103,2.0397436931725488
development,1st Serve In ,Lasso,0.0,0.0,199,30,0.0,0.0
development,1st Serve In ,GB,0.005268961165123571,0.0005639176425361165,199,30,0.013849119601852613,0.5268961165123571
development,1st Serve In ,AdaB,0.0017205448367187618,0.00014019727095679742,199,30,0.009157783226344276,0.17205448367187617
development,1st Serve In ,DT,0.0,0.0,199,30,0.0,0.0
development,1st Serve In ,GNB,0.006895903261566921,0.0018234086193848027,199,30,0.018624348606809542,0.6895903261566921
development,2nd Serve In ,LR,0.008962840085722642,0.000691942838672771,199,30,0.008506101363247953,0.8962840085722642
development,2nd Serve In ,Ridge,0.008355053688231603,0.0006394315681109394,199,30,0.008314519829128222,0.8355053688231603
development,2nd Serve In ,Lasso,0.0,0.0,199,30,0.0,0.0
development,2nd Serve In ,GB,0.014374921962106704,0.0019650169944169602,199,30,0.037783541628332466,1.4374921962106704
development,2nd Serve In ,AdaB,0.0037569495355896146,0.0005723255962290985,199,30,0.01999676422548722,0.3756949535589615
development,2nd Serve In ,DT,0.01956204790265059,0.004952396953828242,199,30,0.056676272814601344,1.9562047902650588
development,2nd Serve In ,GNB,0.015808983629958112,0.0019511084876789838,199,30,0.04269665786709179,1.580898362995811
development,1st Serve Pts Won ,LR,0.0352138387976595,0.0027093857452120357,199,30,0.033419371464532256,3.52138387976595
development,1st Serve Pts Won ,Ridge,0.034786769081434285,0.0026491615052101855,199,30,0.03461800391854912,3.4786769081434286
development,1st Serve Pts Won ,Lasso,0.0,0.0,199,30,0.0,0.0
development,1st Serve Pts Won ,GB,0.0056211929409610015,0.001030571850389727,199,30,0.014774937773266505,0.5621192940961002
development,1st Serve Pts Won ,AdaB,0.003647210488292135,0.0004419899242642565,199,30,0.019412666452986026,0.3647210488292135
development,1st Serve Pts Won ,DT,0.0,0.0,199,30,0.0,0.0
development,1st Serve Pts Won ,GNB,0.009788591869828984,0.0011386725574724721,199,30,0.026436877148426262,0.9788591869828984
development,2nd Serve Pts Won ,LR,0.025093885100518413,0.0017133114838994853,199,30,0.02381512201726372,2.509388510051841
development,2nd Serve Pts Won ,Ridge,0.025731823077714336,0.0017782279435690324,199,30,0.02560698724421463,2.5731823077714338
development,2nd Serve Pts Won ,Lasso,0.03896475772058862,0.0028954657419339655,199,30,0.13887765445196668,3.896475772058862
development,2nd Serve Pts Won ,GB,0.018099165423835207,0.0017487424623517144,199,30,0.04757247183895891,1.8099165423835206
development,2nd Serve Pts Won ,AdaB,0.008319181762234224,0.001394493506076892,199,30,0.044279731381130484,0.8319181762234223
development,2nd Serve Pts Won ,DT,0.0,0.0,199,30,0.0,0.0
development,2nd Serve Pts Won ,GNB,0.029807598824140046,0.0036382878162122875,199,30,0.08050390073287762,2.9807598824140045
development,1st Serve Speed (km/h),LR,0.002905632766925352,0.00018853177909796456,199,30,0.00275756418762981,0.2905632766925352
development,1st Serve Speed (km/h),Ridge,0.004099301897330237,0.00026982203630641465,199,30,0.004079414469705128,0.40993018973302364
development,1st Serve Speed (km/h),Lasso,0.0,0.0,199,30,0.0,0.0
development,1st Serve Speed (km/h),GB,0.0017745681297154088,0.00021955082907365917,199,30,0.004664336194531094,0.17745681297154087
development,1st Serve Speed (km/h),AdaB,0.0007084071178867591,8.299177524383199e-05,199,30,0.0037705723693771333,0.07084071178867592
development,1st Serve Speed (km/h),DT,0.0,0.0,199,30,0.0,0.0
development,1st Serve Speed (km/h),GNB,0.00780787159588426,0.0009734890760990297,199,30,0.021087378543925884,0.780787159588426
development,2nd Serve Speed (km/h),LR,0.023689641428550144,0.002048799411025975,199,30,0.022482437410797425,2.3689641428550146
development,2nd Serve Speed (km/h),Ridge,0.024226935621946454,0.002043879342840371,199,30,0.02410940062676266,2.4226935621946453
development,2nd Serve Speed (km/h),Lasso,0.0,0.0,199,30,0.0,0.0
development,2nd Serve Speed (km/h),GB,0.004770366684706624,0.00039292191775703293,199,30,0.012538596639978415,0.4770366684706624
development,2nd Serve Speed (km/h),AdaB,0.0010981240867820959,9.411017755060015e-05,199,30,0.005844882462671623,0.10981240867820959
development,2nd Serve Speed (km/h),DT,0.00419976169661425,0.0019339646681166265,199,30,0.012167787383925712,0.41997616966142504
development,2nd Serve Speed (km/h),GNB,0.005666939191914308,0.0006805133334295927,199,30,0.015305181502766852,0.5666939191914309
development,Unforced Errors,LR,0.040434383090247494,0.0031964783325947777,199,30,0.038373881251537865,4.043438309024749
development,Unforced Errors,Ridge,0.04340168710791451,0.003425454786646965,199,30,0.043191127375358976,4.340168710791451
development,Unforced Errors,Lasso,0.028362939194044957,0.0018943167331331818,199,30,0.10109079843069056,2.8362939194044956
development,Unforced Errors,GB,0.03546890689770119,0.0038374102431124033,199,30,0.09322770056167584,3.546890689770119
development,Unforced Errors,AdaB,0.00652265055642986,0.0008319030990215328,199,30,0.034717502608589336,0.652265055642986
development,Unforced Errors,DT,0.07924287201243206,0.009941085820630713,199,30,0.2295869356388089,7.924287201243206
development,Unforced Errors,GNB,0.03598115215215627,0.0037952805310772397,199,30,0.09717733783929917,3.598115215215627
development,Forehand Avg Speed,LR,0.0023570790251787694,0.00015746639598519316,199,30,0.002236964278911349,0.23570790251787693
development,Forehand Avg Speed,Ridge,0.003157221358905885,0.00020903107790796454,199,30,0.0031419043579032067,0.3157221358905885
development,Forehand Avg Speed,Lasso,0.0,0.0,199,30,0.0,0.0
development,Forehand Avg Speed,GB,0.00243880075940754,0.00045960054220409223,199,30,0.006410228191790417,0.243880075940754
development,Forehand Avg Speed,AdaB,0.00045027074811373617,6.52711603086961e-05,199,30,0.0023966140355012907,0.045027074811373614
development,Forehand Avg Speed,DT,0.004973402009148454,0.002423980694071448,199,30,0.014409221902017287,0.4973402009148454
development,Forehand Avg Speed,GNB,0.006937644764001688,0.0005944886801633666,199,30,0.01873708340937701,0.6937644764001688
development,Backhand Avg Speed,LR,0.0330311591981204,0.002504793692412458,199,30,0.03134791936457257,3.30311591981204
development,Backhand Avg Speed,Ridge,0.03073054741186045,0.0023289935133360144,199,30,0.03058146067640157,3.073054741186045
development,Backhand Avg Speed,Lasso,0.0,0.0,199,30,0.0,0.0
development,Backhand Avg Speed,GB,0.005267144314750943,0.0005831691278679008,199,30,0.013844344129549694,0.5267144314750943
development,Backhand Avg Speed,AdaB,0.0005946839614942391,7.666341599615145e-05,199,30,0.003165268751690254,0.05946839614942391
development,Backhand Avg Speed,DT,0.0,0.0,199,30,0.0,0.0
development,Backhand Avg Speed,GNB,0.004996823231043402,0.0006776521430194427,199,30,0.01349534270589675,0.49968232310434024
development,Rally ≤4 Shots,LR,0.005273895566935974,0.00030501291707773327,199,30,0.005005142325701161,0.5273895566935973
development,Rally ≤4 Shots,Ridge,0.003697405523499968,0.00021701588871363045,199,30,0.0036794678632370895,0.3697405523499968
development,Rally ≤4 Shots,Lasso,0.0,0.0,199,30,0.0,0.0
development,Rally ≤4 Shots,GB,0.0027017662431602692,0.0002344069792169356,199,30,0.007101415756382226,0.2701766243160269
development,Rally ≤4 Shots,AdaB,0.0014988245489012204,0.00013838140694387338,199,30,0.007977653368997464,0.14988245489012203
development,Rally ≤4 Shots,DT,0.0,0.0,199,30,0.0,0.0
development,Rally ≤4 Shots,GNB,0.006130338512271829,0.0006460075576827511,199,30,0.0165567232021114,0.6130338512271829
development,Rally 5–9 Shots,LR,0.008553202060853039,0.0006752337253639467,199,30,0.008117338144395922,0.8553202060853039
development,Rally 5–9 Shots,Ridge,0.009162105876110504,0.0007141430620334223,199,30,0.00911765666937523,0.9162105876110503
development,Rally 5–9 Shots,Lasso,0.0,0.0,199,30,0.0,0.0
development,Rally 5–9 Shots,GB,0.001426935493988128,0.00014429025452531057,199,30,0.00375060656191167,0.1426935493988128
development,Rally 5–9 Shots,AdaB,0.0011426392122719953,9.753595863249372e-05,199,30,0.0060818189614073705,0.11426392122719953
development,Rally 5–9 Shots,DT,0.0,0.0,199,30,0.0,0.0
development,Rally 5–9 Shots,GNB,0.0039534072108957695,0.0013860430341198337,199,30,0.01067730089700634,0.39534072108957696
development,Rally ≥10 Shots,LR,0.007710840614736332,0.0005485826902111777,199,30,0.007317902722517242,0.7710840614736332
development,Rally ≥10 Shots,Ridge,0.0061780668290155865,0.00044065495592747445,199,30,0.006148094443472293,0.6178066829015586
development,Rally ≥10 Shots,Lasso,0.0,0.0,199,30,0.0,0.0
development,Rally ≥10 Shots,GB,0.0001272426148087789,3.242611871999441e-05,199,30,0.00033444888578864924,0.01272426148087789
development,Rally ≥10 Shots,AdaB,0.0005136590497748117,6.492708364925547e-05,199,30,0.0027340050254421916,0.051365904977481176
development,Rally ≥10 Shots,DT,0.0,0.0,199,30,0.0,0.0
development,Rally ≥10 Shots,GNB,0.002832764598115164,0.0005460769355755275,199,30,0.007650686704142877,0.2832764598115164
development,Total Points Won,LR,0.15302637617911513,0.01141100175077101,199,30,0.14522828194865836,15.302637617911513
development,Total Points Won,Ridge,0.15246408046049348,0.011402474779841234,199,30,0.1517244134533961,15.246408046049348
development,Total Points Won,Lasso,0.0,0.0,199,30,0.0,0.0
development,Total Points Won,GB,0.05764611976802945,0.007553596809934045,199,30,0.15151905323094872,5.764611976802945
development,Total Points Won,AdaB,0.013927096012855071,0.0032912684758669743,199,30,0.07412845253218946,1.3927096012855071
development,Total Points Won,DT,0.07913235196778431,0.009763454798496631,199,30,0.22926673070765294,7.913235196778431
development,Total Points Won,GNB,0.013959783193883735,0.0017547660703125722,199,30,0.03770236600147653,1.3959783193883735
development,Net Approaches,LR,0.0033631497257150004,0.0002688417948569506,199,30,0.0031917664705723506,0.33631497257150006
development,Net Approaches,Ridge,0.004190132399683225,0.00033039882685861004,199,30,0.00416980431531047,0.4190132399683225
development,Net Approaches,Lasso,0.0,0.0,199,30,0.0,0.0
development,Net Approaches,GB,0.0024758515836373783,0.00016636697768647232,199,30,0.006507613858532984,0.24758515836373782
development,Net Approaches,AdaB,0.0014685792253747337,0.00010910426541366418,199,30,0.007816669411732832,0.14685792253747337
development,Net Approaches,DT,0.0,0.0,199,30,0.0,0.0
development,Net Approaches,GNB,0.005402913102301102,0.0007675707038418764,199,30,0.014592103933704238,0.5402913102301102
development,Winners,LR,0.0,0.0,199,30,0.0,0.0
development,Winners,Ridge,0.0,0.0,199,30,0.0,0.0
development,Winners,Lasso,0.0,0.0,199,30,0.0,0.0
development,Winners,GB,0.0,0.0,199,30,0.0,0.0
development,Winners,AdaB,0.0,0.0,199,30,0.0,0.0
development,Winners,DT,0.0,0.0,199,30,0.0,0.0
development,Winners,GNB,0.0,0.0,199,30,0.0,0.0
development,Distance per Set (m),LR,0.006430946206802105,0.00044186913749003255,199,30,0.006103230647146281,0.6430946206802105
development,Distance per Set (m),Ridge,0.004942482981085825,0.0003484599124117505,199,30,0.0049185049294476445,0.4942482981085825
development,Distance per Set (m),Lasso,0.0,0.0,199,30,0.0,0.0
development,Distance per Set (m),GB,0.0018916630333171453,0.00019262162979713257,199,30,0.004972112485516496,0.18916630333171452
development,Distance per Set (m),AdaB,0.001497674228023326,0.00015502403390303207,199,30,0.00797153066355226,0.1497674228023326
development,Distance per Set (m),DT,0.0,0.0,199,30,0.0,0.0
development,Distance per Set (m),GNB,0.00663274395444335,0.0011636732958699048,199,30,0.017913612030455342,0.663274395444335
development,Forecourt Short Balls,LR,0.00022025556984467908,1.8777662459085638e-05,199,30,0.00020903153297392835,0.022025556984467908
development,Forecourt Short Balls,Ridge,0.00043812833480383654,3.699590894027795e-05,199,30,0.00043600279104854606,0.04381283348038365
development,Forecourt Short Balls,Lasso,0.0,0.0,199,30,0.0,0.0
development,Forecourt Short Balls,GB,0.004611733953488687,0.0007297921999743921,199,30,0.012121640887495806,0.4611733953488687
development,Forecourt Short Balls,AdaB,0.00041253441527571626,4.456676859687035e-05,199,30,0.002195758382970422,0.04125344152757163
development,Forecourt Short Balls,DT,0.00607860245562589,0.0030267160755023596,199,30,0.017611271213576692,0.607860245562589
development,Forecourt Short Balls,GNB,0.015427500462474547,0.002722622668423516,199,30,0.0416663540433068,1.5427500462474546
development,Midcourt Balls,LR,0.0,0.0,199,30,0.0,0.0
development,Midcourt Balls,Ridge,0.0,0.0,199,30,0.0,0.0
development,Midcourt Balls,Lasso,0.0,0.0,199,30,0.0,0.0
development,Midcourt Balls,GB,0.0,0.0,199,30,0.0,0.0
development,Midcourt Balls,AdaB,0.0,0.0,199,30,0.0,0.0
development,Midcourt Balls,DT,0.0,0.0,199,30,0.0,0.0
development,Midcourt Balls,GNB,0.0,0.0,199,30,0.0,0.0
development,Backcourt Deep Balls,LR,0.019017761604254356,0.0012881550531115978,199,30,0.018048632616525125,1.9017761604254355
development,Backcourt Deep Balls,Ridge,0.019852999700680028,0.001345973661949985,199,30,0.019756684497609544,1.9852999700680027
development,Backcourt Deep Balls,Lasso,0.0,0.0,199,30,0.0,0.0
development,Backcourt Deep Balls,GB,0.00040217296598388957,7.481765194561277e-05,199,30,0.0010570853213741733,0.040217296598388956
development,Backcourt Deep Balls,AdaB,0.0006505399356199742,8.231654036099877e-05,199,30,0.003462568125716035,0.06505399356199743
development,Backcourt Deep Balls,DT,0.0,0.0,199,30,0.0,0.0
development,Backcourt Deep Balls,GNB,0.007798218289094173,0.0008145469457278314,199,30,0.02106130704262321,0.7798218289094173
2025,Break Points,LR,0.0036264132331741343,0.0006514144035607627,40,30,0.0034416142931680857,0.36264132331741344
2025,Break Points,Ridge,0.00275079725050756,0.0004897648977716544,40,30,0.002737451982800772,0.275079725050756
2025,Break Points,Lasso,0.0,0.0,40,30,0.0,0.0
2025,Break Points,GB,0.0002655218505872192,0.00023082971640877017,40,30,0.0006979068075179857,0.026552185058721922
2025,Break Points,AdaB,0.001464772190310176,0.0005810323395828891,40,30,0.007796406061942542,0.1464772190310176
2025,Break Points,DT,0.0,0.0,40,30,0.0,0.0
2025,Break Points,GNB,0.015767660729034037,0.003911036291442598,40,30,0.042585053616993926,1.5767660729034036
2025,Service Breaks,LR,0.12411190751831622,0.020282259079756053,40,30,0.11778727006616399,12.411190751831622
2025,Service Breaks,Ridge,0.13150381363621708,0.021332644481877164,40,30,0.13086583364801,13.150381363621708
2025,Service Breaks,Lasso,0.21980570934206925,0.033327298972529146,40,30,0.7834284911374569,21.980570934206924
2025,Service Breaks,GB,0.2375452888745787,0.041292668885672436,40,30,0.6243722459479382,23.75452888745787
2025,Service Breaks,AdaB,0.20465245471255022,0.03977613541917536,40,30,1.089284496980024,20.465245471255024
2025,Service Breaks,DT,0.18694465552165804,0.03528070876471122,40,30,0.5416266410502721,18.694465552165802
2025,Service Breaks,GNB,0.07167037995696245,0.01788266423597478,40,30,0.1935662509276067,7.167037995696244
2025,Drive Returns,LR,0.018841161722835665,0.004256483193868036,40,30,0.017881032115153038,1.8841161722835664
2025,Drive Returns,Ridge,0.020983561124658143,0.004494252381820605,40,30,0.020881761095376213,2.0983561124658143
2025,Drive Returns,Lasso,0.0,0.0,40,30,0.0,0.0
2025,Drive Returns,GB,0.0003867601571583236,0.00011006400445236366,40,30,0.0010165737620484658,0.03867601571583236
2025,Drive Returns,AdaB,0.0028327841373632905,0.001448854069031745,40,30,0.01507779541884739,0.28327841373632906
2025,Drive Returns,DT,0.0,0.0,40,30,0.0,0.0
2025,Drive Returns,GNB,0.002100569242057954,0.0014756110257388183,40,30,0.005673184839304082,0.21005692420579541
2025,Slice/Block Returns,LR,0.0006619801636013141,0.00011764713169949551,40,30,0.0006282462163998592,0.06619801636013141
2025,Slice/Block Returns,Ridge,0.001317387435148543,0.00023131663206097527,40,30,0.0013109962378357013,0.1317387435148543
2025,Slice/Block Returns,Lasso,0.0,0.0,40,30,0.0,0.0
2025,Slice/Block Returns,GB,0.00031008688650079676,0.0004021840075678144,40,30,0.0008150430879129312,0.031008688650079677
2025,Slice/Block Returns,AdaB,0.008137622231210808,0.0015841572933957087,40,30,0.043313361431155765,0.8137622231210808
2025,Slice/Block Returns,DT,0.0,0.0,40,30,0.0,0.0
2025,Slice/Block Returns,GNB,0.021625963453757724,0.0045925905827715685,40,30,0.05840706678205162,2.162596345375772
2025,Total Returns,LR,0.19163627578570316,0.029016159825459072,40,30,0.1818706538461132,19.163627578570317
2025,Total Returns,Ridge,0.17751045880022293,0.027563823926982436,40,30,0.1766492813386682,17.751045880022293
2025,Total Returns,Lasso,0.0,0.0,40,30,0.0,0.0
2025,Total Returns,GB,0.0009095973934587588,0.0008153336102352642,40,30,0.002390817221225107,0.09095973934587588
2025,Total Returns,AdaB,0.010515280425321922,0.002934591109118998,40,30,0.055968700521031485,1.0515280425321922
2025,Total Returns,DT,0.0005498372221225237,0.003011582495124846,40,30,0.0015930195325008006,0.05498372221225237
2025,Total Returns,GNB,0.012172873503784475,0.0026034990535695845,40,30,0.03287630801676336,1.2172873503784476
2025,Backhand Returns,LR,0.08842651690010936,0.011679777175143017,40,30,0.08392037666157288,8.842651690010936
2025,Backhand Returns,Ridge,0.07466088745604857,0.009557015643460271,40,30,0.07429867627158432,7.466088745604857
2025,Backhand Returns,Lasso,0.0,0.0,40,30,0.0,0.0
2025,Backhand Returns,GB,0.0009875401588631187,0.0002980156204873333,40,30,0.0025956846792221724,0.09875401588631187
2025,Backhand Returns,AdaB,0.0014217292994991768,0.00029486787941005566,40,30,0.007567305689159424,0.14217292994991768
2025,Backhand Returns,DT,0.0,0.0,40,30,0.0,0.0
2025,Backhand Returns,GNB,0.010960733281789614,0.001731028070164387,40,30,0.029602578499618407,1.0960733281789614
2025,Backhand Returns Won,LR,0.0,0.0,40,30,0.0,0.0
2025,Backhand Returns Won,Ridge,0.0,0.0,40,30,0.0,0.0
2025,Backhand Returns Won,Lasso,0.0,0.0,40,30,0.0,0.0
2025,Backhand Returns Won,GB,0.0,0.0,40,30,0.0,0.0
2025,Backhand Returns Won,AdaB,0.0,0.0,40,30,0.0,0.0
2025,Backhand Returns Won,DT,0.0,0.0,40,30,0.0,0.0
2025,Backhand Returns Won,GNB,0.0,0.0,40,30,0.0,0.0
2025,Backhand Return Win ,LR,0.001867141608184227,0.00028237063682104067,40,30,0.001771993656793254,0.1867141608184227
2025,Backhand Return Win ,Ridge,0.001446433495996584,0.00021095752407361822,40,30,0.0014394162422820189,0.1446433495996584
2025,Backhand Return Win ,Lasso,0.0,0.0,40,30,0.0,0.0
2025,Backhand Return Win ,GB,0.002020053821496135,0.000905756268241606,40,30,0.005309579269867952,0.2020053821496135
2025,Backhand Return Win ,AdaB,0.007465843852691638,0.002816742649418234,40,30,0.039737749430043344,0.7465843852691637
2025,Backhand Return Win ,DT,0.0,0.0,40,30,0.0,0.0
2025,Backhand Return Win ,GNB,0.0016915979450852566,0.0006646122607702533,40,30,0.004568641501602472,0.16915979450852567
2025,Forehand Returns,LR,0.06719629247962987,0.009907873597937477,40,30,0.06377202645584225,6.719629247962986
2025,Forehand Returns,Ridge,0.05802545288677439,0.008275541433927289,40,30,0.05774394715150482,5.802545288677439
2025,Forehand Returns,Lasso,0.0,0.0,40,30,0.0,0.0
2025,Forehand Returns,GB,0.002482158710418583,0.0005302498558477065,40,30,0.0065241917285152355,0.24821587104185827
2025,Forehand Returns,AdaB,0.004066774332965945,0.0006844328383404312,40,30,0.02164583972294969,0.4066774332965945
2025,Forehand Returns,DT,0.0,0.0,40,30,0.0,0.0
2025,Forehand Returns,GNB,0.004245719213901017,0.0009713742554292503,40,30,0.011466772622380782,0.4245719213901017
2025,Forehand Returns Won,LR,0.0,0.0,40,30,0.0,0.0
2025,Forehand Returns Won,Ridge,0.0,0.0,40,30,0.0,0.0
2025,Forehand Returns Won,Lasso,0.0,0.0,40,30,0.0,0.0
2025,Forehand Returns Won,GB,0.0,0.0,40,30,0.0,0.0
2025,Forehand Returns Won,AdaB,0.0,0.0,40,30,0.0,0.0
2025,Forehand Returns Won,DT,0.0,0.0,40,30,0.0,0.0
2025,Forehand Returns Won,GNB,0.0,0.0,40,30,0.0,0.0
2025,Forehand Return Win ,LR,0.017834723799805014,0.002393396576998859,40,30,0.01692588141434421,1.7834723799805015
2025,Forehand Return Win ,Ridge,0.018135631022143658,0.0023504505915035315,40,30,0.018047647492649657,1.8135631022143657
2025,Forehand Return Win ,Lasso,0.0,0.0,40,30,0.0,0.0
2025,Forehand Return Win ,GB,0.0009802821652769825,0.00021211235493086097,40,30,0.0025766075180714654,0.09802821652769825
2025,Forehand Return Win ,AdaB,0.007466679794025124,0.0024778987008371796,40,30,0.03974219881686468,0.7466679794025124
2025,Forehand Return Win ,DT,0.0,0.0,40,30,0.0,0.0
2025,Forehand Return Win ,GNB,0.005483023377256516,0.0018642278420432077,40,30,0.014808464522181805,0.5483023377256516
2025,Drive (3rd Shot),LR,0.00363464414241664,0.0007671547035421028,40,30,0.0034494257622625724,0.363464414241664
2025,Drive (3rd Shot),Ridge,0.003014741555689348,0.0006361282706105257,40,30,0.0030001157837899355,0.3014741555689348
2025,Drive (3rd Shot),Lasso,0.0,0.0,40,30,0.0,0.0
2025,Drive (3rd Shot),GB,0.000573698924487996,0.0001291438139850297,40,30,0.0015079300779970981,0.0573698924487996
2025,Drive (3rd Shot),AdaB,0.001988705613960646,0.000370777143080013,40,30,0.010585097537125348,0.1988705613960646
2025,Drive (3rd Shot),DT,0.0,0.0,40,30,0.0,0.0
2025,Drive (3rd Shot),GNB,0.007067884450889895,0.0029822031337927843,40,30,0.019088832736338494,0.7067884450889895
2025,Slice/Block (3rd Shot),LR,0.0029623934722259955,0.000543044637208692,40,30,0.002811432415570841,0.29623934722259954
2025,Slice/Block (3rd Shot),Ridge,0.002131797973704503,0.00038039805269005924,40,30,0.0021214557303237424,0.21317979737045029
2025,Slice/Block (3rd Shot),Lasso,0.0,0.0,40,30,0.0,0.0
2025,Slice/Block (3rd Shot),GB,0.0002837425672460961,5.671568425505968e-05,40,30,0.0007457987688234809,0.02837425672460961
2025,Slice/Block (3rd Shot),AdaB,0.00867202207739602,0.0028678900028856944,40,30,0.04615776155553093,0.867202207739602
2025,Slice/Block (3rd Shot),DT,0.0,0.0,40,30,0.0,0.0
2025,Slice/Block (3rd Shot),GNB,0.0034699991483356954,0.0018735529933271752,40,30,0.00937171989695973,0.3469999148335695
2025,Aces,LR,0.0012371866418507266,0.0002549901625594695,40,30,0.0011741406607936973,0.12371866418507266
2025,Aces,Ridge,0.0014864903230055828,0.00030722519538482946,40,30,0.0014792787368734534,0.1486490323005583
2025,Aces,Lasso,0.0,0.0,40,30,0.0,0.0
2025,Aces,GB,0.00023310517971098933,0.0003746696719149433,40,30,0.0006127017095889197,0.023310517971098933
2025,Aces,AdaB,0.0010357335489190277,0.0005180340936391098,40,30,0.005512802176862485,0.10357335489190277
2025,Aces,DT,0.0,0.0,40,30,0.0,0.0
2025,Aces,GNB,0.0018575894594236619,0.0007178342177860278,40,30,0.005016948809803925,0.1857589459423662
2025,Double Faults,LR,0.058626621829746844,0.01143739680253211,40,30,0.055639058947733605,5.8626621829746846
2025,Double Faults,Ridge,0.05948903215483847,0.011640435679902729,40,30,0.059200425984544544,5.948903215483847
2025,Double Faults,Lasso,0.0,0.0,40,30,0.0,0.0
2025,Double Faults,GB,0.004622591736925024,0.0008752953119312007,40,30,0.012150179860683952,0.4622591736925024
2025,Double Faults,AdaB,0.008329611604727187,0.0033037495531602168,40,30,0.04433524532915269,0.8329611604727187
2025,Double Faults,DT,0.0,0.0,40,30,0.0,0.0
2025,Double Faults,GNB,0.011923800166475623,0.0041319457035950925,40,30,0.032203614609279646,1.1923800166475624
2025,1st Serve In ,LR,0.0189803674956759,0.0031303543648905346,40,30,0.01801314407997706,1.89803674956759
2025,1st Serve In ,Ridge,0.019425934440146543,0.003187493893788949,40,30,0.019331691109232045,1.9425934440146544
2025,1st Serve In ,Lasso,0.0,0.0,40,30,0.0,0.0
2025,1st Serve In ,GB,0.004580070572914941,0.001220867372703961,40,30,0.012038415763828662,0.45800705729149405
2025,1st Serve In ,AdaB,0.008489571711408322,0.0031821514658039946,40,30,0.04518665004153577,0.8489571711408322
2025,1st Serve In ,DT,0.0,0.0,40,30,0.0,0.0
2025,1st Serve In ,GNB,0.0034845311623843732,0.0013013296000134453,40,30,0.009410967735181307,0.34845311623843733
2025,2nd Serve In ,LR,0.009258878692728475,0.0014404590015963214,40,30,0.008787054094139313,0.9258878692728475
2025,2nd Serve In ,Ridge,0.00876004685285354,0.001376787256727134,40,30,0.008717548202560876,0.876004685285354
2025,2nd Serve In ,Lasso,0.0,0.0,40,30,0.0,0.0
2025,2nd Serve In ,GB,0.007985404813289684,0.003035132219983873,40,30,0.020989113956748,0.7985404813289684
2025,2nd Serve In ,AdaB,0.02301279347552484,0.009277335021135556,40,30,0.12248804540508157,2.3012793475524838
2025,2nd Serve In ,DT,0.006048209443347759,0.008084793062655605,40,30,0.017523214857508802,0.604820944334776
2025,2nd Serve In ,GNB,0.00875478151820744,0.001946199547984112,40,30,0.023644778180153758,0.8754781518207441
2025,1st Serve Pts Won ,LR,0.026796768281455927,0.004144802606614621,40,30,0.025431227716828562,2.6796768281455927
2025,1st Serve Pts Won ,Ridge,0.027341539311641412,0.00412127598682095,40,30,0.02720889407158884,2.7341539311641414
2025,1st Serve Pts Won ,Lasso,0.0,0.0,40,30,0.0,0.0
2025,1st Serve Pts Won ,GB,0.007326868071645539,0.0014169034907329258,40,30,0.019258193228462433,0.7326868071645539
2025,1st Serve Pts Won ,AdaB,0.017617499255004797,0.006851472677027462,40,30,0.09377101701999277,1.7617499255004796
2025,1st Serve Pts Won ,DT,0.0,0.0,40,30,0.0,0.0
2025,1st Serve Pts Won ,GNB,0.004913330921210965,0.0013104176052016177,40,30,0.013269847970062282,0.4913330921210965
2025,2nd Serve Pts Won ,LR,0.029381338913223275,0.004728918541210028,40,30,0.02788409082316773,2.9381338913223276
2025,2nd Serve Pts Won ,Ridge,0.031127659607521004,0.004959293595812514,40,30,0.0309766463147487,3.1127659607521005
2025,2nd Serve Pts Won ,Lasso,0.04845549127643903,0.006217220032085439,40,30,0.1727043966767395,4.845549127643903
2025,2nd Serve Pts Won ,GB,0.019359535908804012,0.003577545157380135,40,30,0.05088527317530518,1.935953590880401
2025,2nd Serve Pts Won ,AdaB,0.027187667804486528,0.007571354162339126,40,30,0.14470925887532962,2.718766780448653
2025,2nd Serve Pts Won ,DT,0.0,0.0,40,30,0.0,0.0
2025,2nd Serve Pts Won ,GNB,0.03312471462773627,0.008184552754212124,40,30,0.08946271566284454,3.3124714627736274
2025,1st Serve Speed (km/h),LR,0.0028626383814265013,0.0004255440044379684,40,30,0.0027167607595193002,0.2862638381426501
2025,1st Serve Speed (km/h),Ridge,0.004151953971178548,0.0006089476783029402,40,30,0.004131811106326761,0.4151953971178548
2025,1st Serve Speed (km/h),Lasso,0.0,0.0,40,30,0.0,0.0
2025,1st Serve Speed (km/h),GB,0.006511281893958711,0.0009926328044368973,40,30,0.017114478335445604,0.651128189395871
2025,1st Serve Speed (km/h),AdaB,0.001166356186966605,0.000825542202193205,40,30,0.006208055086385165,0.1166356186966605
2025,1st Serve Speed (km/h),DT,0.0,0.0,40,30,0.0,0.0
2025,1st Serve Speed (km/h),GNB,0.009708715091212464,0.002810085766964222,40,30,0.02622114718324038,0.9708715091212464
2025,2nd Serve Speed (km/h),LR,0.011723861161932258,0.0026217299617962366,40,30,0.01112642314916425,1.1723861161932259
2025,2nd Serve Speed (km/h),Ridge,0.012216024897008649,0.002622146472296754,40,30,0.012156759852108196,1.2216024897008648
2025,2nd Serve Speed (km/h),Lasso,0.0,0.0,40,30,0.0,0.0
2025,2nd Serve Speed (km/h),GB,0.00024614484628259143,0.00010908930938098087,40,30,0.0006469756198074555,0.02461448462825914
2025,2nd Serve Speed (km/h),AdaB,0.003491615083476596,0.00174323436029866,40,30,0.018584493331364027,0.3491615083476596
2025,2nd Serve Speed (km/h),DT,0.0,0.0,40,30,0.0,0.0
2025,2nd Serve Speed (km/h),GNB,0.001840164743772041,0.0007315564576011881,40,30,0.004969888407944897,0.1840164743772041
2025,Unforced Errors,LR,0.03762078567249351,0.004750645634282046,40,30,0.035703662369811776,3.762078567249351
2025,Unforced Errors,Ridge,0.04204770301375407,0.005249276814521978,40,30,0.04184371202420712,4.204770301375407
2025,Unforced Errors,Lasso,0.028197327566357257,0.003032673638350334,40,30,0.10050052774125966,2.8197327566357258
2025,Unforced Errors,GB,0.015119523399674484,0.004131645554586946,40,30,0.039740677777455276,1.5119523399674484
2025,Unforced Errors,AdaB,0.023382623741365013,0.006011318360479443,40,30,0.12445650640233438,2.338262374136501
2025,Unforced Errors,DT,0.03793876832645414,0.016294821609286986,40,30,0.10991834774255527,3.793876832645414
2025,Unforced Errors,GNB,0.033845232070283865,0.010434924246724585,40,30,0.09140867799994438,3.3845232070283866
2025,Forehand Avg Speed,LR,0.0014899065104933518,0.00023291364609736654,40,30,0.0014139821394568255,0.14899065104933518
2025,Forehand Avg Speed,Ridge,0.0020438835659893333,0.0003139139863150553,40,30,0.0020339678321617677,0.20438835659893334
2025,Forehand Avg Speed,Lasso,0.0,0.0,40,30,0.0,0.0
2025,Forehand Avg Speed,GB,0.0004819531298482019,0.00014870406939434811,40,30,0.001266782260976944,0.04819531298482019
2025,Forehand Avg Speed,AdaB,0.00014242885914691623,0.00038246616561812716,40,30,0.0007580927793375405,0.014242885914691623
2025,Forehand Avg Speed,DT,0.0,0.0,40,30,0.0,0.0
2025,Forehand Avg Speed,GNB,0.005293295457598175,0.0014295765812080545,40,30,0.014296050298528849,0.5293295457598175
2025,Backhand Avg Speed,LR,0.01810612414773844,0.0026833637775265672,40,30,0.017183451430930793,1.810612414773844
2025,Backhand Avg Speed,Ridge,0.017239670163156893,0.002532873116230784,40,30,0.01715603331443545,1.7239670163156893
2025,Backhand Avg Speed,Lasso,0.0,0.0,40,30,0.0,0.0
2025,Backhand Avg Speed,GB,3.372122128744931e-05,4.507600116740353e-05,40,30,8.863402331026124e-05,0.0033721221287449305
2025,Backhand Avg Speed,AdaB,0.001501993845814794,0.0020016988299138023,40,30,0.007994522289524858,0.15019938458147938
2025,Backhand Avg Speed,DT,0.0,0.0,40,30,0.0,0.0
2025,Backhand Avg Speed,GNB,0.002242920090630455,0.0006526060412459076,40,30,0.006057643803957105,0.22429200906304553
2025,Rally ≤4 Shots,LR,0.004313228650470698,0.0007805287263677318,40,30,0.004093430179816808,0.4313228650470698
2025,Rally ≤4 Shots,Ridge,0.003041924033324413,0.0005438633779451658,40,30,0.0030271663878596532,0.3041924033324413
2025,Rally ≤4 Shots,Lasso,0.0,0.0,40,30,0.0,0.0
2025,Rally ≤4 Shots,GB,0.0017602581256843065,0.00033748440959735813,40,30,0.004626723285435933,0.17602581256843064
2025,Rally ≤4 Shots,AdaB,0.0024072736139227526,0.0009875548205066959,40,30,0.012812970317498588,0.24072736139227527
2025,Rally ≤4 Shots,DT,0.0,0.0,40,30,0.0,0.0
2025,Rally ≤4 Shots,GNB,0.004113444321761116,0.0007706061908535739,40,30,0.011109526644631686,0.4113444321761116
2025,Rally 5–9 Shots,LR,0.00908904472726241,0.0012179343561939384,40,30,0.008625874723386294,0.908904472726241
2025,Rally 5–9 Shots,Ridge,0.00986615627504654,0.0013070630351408302,40,30,0.009818291425427684,0.986615627504654
2025,Rally 5–9 Shots,Lasso,0.0,0.0,40,30,0.0,0.0
2025,Rally 5–9 Shots,GB,0.0008824295363980658,0.00021718977016850177,40,30,0.0023194082869080236,0.08824295363980658
2025,Rally 5–9 Shots,AdaB,0.003727701448123202,0.0017199394816487603,40,30,0.01984108816341297,0.37277014481232024
2025,Rally 5–9 Shots,DT,0.0,0.0,40,30,0.0,0.0
2025,Rally 5–9 Shots,GNB,0.002071585037748361,0.0009540353712085208,40,30,0.005594904749709237,0.20715850377483613
2025,Rally ≥10 Shots,LR,0.006779908977857062,0.0009640078024573929,40,30,0.006434410571612603,0.6779908977857062
2025,Rally ≥10 Shots,Ridge,0.005535716938692637,0.0007754174947927166,40,30,0.005508860861065605,0.5535716938692637
2025,Rally ≥10 Shots,Lasso,0.0,0.0,40,30,0.0,0.0
2025,Rally ≥10 Shots,GB,0.00010983485864073096,8.98461961707209e-05,40,30,0.0002886937379300999,0.010983485864073097
2025,Rally ≥10 Shots,AdaB,0.007010996195666813,0.002872276441140269,40,30,0.03731677430916958,0.7010996195666813
2025,Rally ≥10 Shots,DT,0.0,0.0,40,30,0.0,0.0
2025,Rally ≥10 Shots,GNB,0.0016715190441129008,0.0005425590535543252,40,30,0.004514412717182751,0.16715190441129008
2025,Total Points Won,LR,0.11475748346552167,0.01681881859880166,40,30,0.10890953952240191,11.475748346552168
2025,Total Points Won,Ridge,0.11503343069646556,0.016436872676041554,40,30,0.11447535542298208,11.503343069646556
2025,Total Points Won,Lasso,0.0,0.0,40,30,0.0,0.0
2025,Total Points Won,GB,0.034082954210563204,0.011943167640189795,40,30,0.08958481462550044,3.4082954210563203
2025,Total Points Won,AdaB,0.04402288399642972,0.017867594881368125,40,30,0.2343164909358899,4.4022883996429725
2025,Total Points Won,DT,0.04728600110253703,0.018749035043156,40,30,0.13699967979506883,4.728600110253703
2025,Total Points Won,GNB,0.006320248110174153,0.0019952281976012014,40,30,0.017069628099548758,0.6320248110174154
2025,Net Approaches,LR,0.005244200994774127,0.0009124994211533777,40,30,0.004976960963729825,0.5244200994774126
2025,Net Approaches,Ridge,0.006673092698054964,0.0011227565250708136,40,30,0.006640718735026127,0.6673092698054964
2025,Net Approaches,Lasso,0.0,0.0,40,30,0.0,0.0
2025,Net Approaches,GB,0.002187188030344799,0.0004736998804295055,40,30,0.005748880599934193,0.21871880303447988
2025,Net Approaches,AdaB,0.010669792880220678,0.0038101943967893087,40,30,0.05679110952632752,1.0669792880220679
2025,Net Approaches,DT,0.0,0.0,40,30,0.0,0.0
2025,Net Approaches,GNB,0.011921748154252503,0.002944566132357981,40,30,0.0321980725664842,1.1921748154252503
2025,Winners,LR,0.0,0.0,40,30,0.0,0.0
2025,Winners,Ridge,0.0,0.0,40,30,0.0,0.0
2025,Winners,Lasso,0.0,0.0,40,30,0.0,0.0
2025,Winners,GB,0.0,0.0,40,30,0.0,0.0
2025,Winners,AdaB,0.0,0.0,40,30,0.0,0.0
2025,Winners,DT,0.0,0.0,40,30,0.0,0.0
2025,Winners,GNB,0.0,0.0,40,30,0.0,0.0
2025,Distance per Set (m),LR,0.0034066942295174455,0.0004340829273622143,40,30,0.0032330919834246833,0.34066942295174457
2025,Distance per Set (m),Ridge,0.0026584695830296884,0.00033498885826389185,40,30,0.0026455722354446058,0.26584695830296884
2025,Distance per Set (m),Lasso,0.0,0.0,40,30,0.0,0.0
2025,Distance per Set (m),GB,0.00015219435470128123,6.334861933091487e-05,40,30,0.00040003290116020254,0.015219435470128124
2025,Distance per Set (m),AdaB,0.003447839531929806,0.001113822804658352,40,30,0.01835149329374589,0.3447839531929806
2025,Distance per Set (m),DT,0.0,0.0,40,30,0.0,0.0
2025,Distance per Set (m),GNB,0.001228575539161359,0.0005416511171323225,40,30,0.003318117766916137,0.1228575539161359
2025,Forecourt Short Balls,LR,9.457686489878074e-05,1.7025128936001267e-05,40,30,8.975730814708314e-05,0.009457686489878074
2025,Forecourt Short Balls,Ridge,0.00019330463847811984,3.487392495588586e-05,40,30,0.00019236683684661885,0.019330463847811983
2025,Forecourt Short Balls,Lasso,0.0,0.0,40,30,0.0,0.0
2025,Forecourt Short Balls,GB,0.000840870980312699,0.00022656342248478272,40,30,0.0022101743419861604,0.0840870980312699
2025,Forecourt Short Balls,AdaB,0.001042008056651643,0.0007547438783191481,40,30,0.005546198912850427,0.1042008056651643
2025,Forecourt Short Balls,DT,0.0,0.0,40,30,0.0,0.0
2025,Forecourt Short Balls,GNB,0.0013998818992411665,0.0005399081550976561,40,30,0.0037807793280884763,0.13998818992411666
2025,Midcourt Balls,LR,0.0,0.0,40,30,0.0,0.0
2025,Midcourt Balls,Ridge,0.0,0.0,40,30,0.0,0.0
2025,Midcourt Balls,Lasso,0.0,0.0,40,30,0.0,0.0
2025,Midcourt Balls,GB,0.0,0.0,40,30,0.0,0.0
2025,Midcourt Balls,AdaB,0.0,0.0,40,30,0.0,0.0
2025,Midcourt Balls,DT,0.0,0.0,40,30,0.0,0.0
2025,Midcourt Balls,GNB,0.0,0.0,40,30,0.0,0.0
2025,Backcourt Deep Balls,LR,0.005115948593638498,0.0007827308255898016,40,30,0.004855244196086342,0.5115948593638499
2025,Backcourt Deep Balls,Ridge,0.005427208998873028,0.0008042032687142391,40,30,0.0054008793386346055,0.5427208998873028
2025,Backcourt Deep Balls,Lasso,0.0,0.0,40,30,0.0,0.0
2025,Backcourt Deep Balls,GB,4.838050663448905e-05,3.515892041376224e-05,40,30,0.00012716499548607867,0.004838050663448905
2025,Backcourt Deep Balls,AdaB,0.001015920762183656,0.001706792260127089,40,30,0.005407346508309059,0.1015920762183656
2025,Backcourt Deep Balls,DT,0.0,0.0,40,30,0.0,0.0
2025,Backcourt Deep Balls,GNB,0.002021526205376212,0.0006286857715651304,40,30,0.005459706631408357,0.20215262053762123
