evaluation_sample,source_row,match_id,observed_set_win,predicted_p_win,probability_quintile
2019-2024 outer CV,186,2024_AO_SF_Djokovic,0,0.0714470877549341,Q1
2019-2024 outer CV,197,2024_USO_R32_Djokovic,0,0.0973070416941171,Q1
2019-2024 outer CV,56,2020_AO_F_Djokovic,0,0.1294425384555255,Q1
2019-2024 outer CV,111,2021_USO_QF_Djokovic,0,0.1892684673547275,Q1
2019-2024 outer CV,118,2021_USO_SF_Djokovic,0,0.1982867634331844,Q1
2019-2024 outer CV,107,2021_USO_R16_Djokovic,0,0.1989628818259096,Q1
2019-2024 outer CV,34,2019_USO_R16_Djokovic,0,0.2125500872609429,Q1
2019-2024 outer CV,115,2021_USO_SF_Djokovic,0,0.2152353378459524,Q1
2019-2024 outer CV,187,2024_AO_SF_Djokovic,0,0.2293214058608605,Q1
2019-2024 outer CV,151,2023_USO_R32_Djokovic,0,0.2316284416520037,Q1
2019-2024 outer CV,32,2019_USO_R16_Djokovic,0,0.2580859854796956,Q1
2019-2024 outer CV,166,2023_USO_F_Djokovic,1,0.2644973338999967,Q1
2019-2024 outer CV,183,2024_AO_QF_Djokovic,0,0.3338129445165128,Q1
2019-2024 outer CV,33,2019_USO_R16_Djokovic,0,0.3478493163215638,Q1
2019-2024 outer CV,80,2021_AO_R32_Djokovic,0,0.349202259894616,Q1
2019-2024 outer CV,120,2021_USO_F_Djokovic,0,0.3528227015622764,Q1
2019-2024 outer CV,189,2024_AO_SF_Djokovic,0,0.3540569760094987,Q1
2019-2024 outer CV,188,2024_AO_SF_Djokovic,1,0.3621063469907452,Q1
2019-2024 outer CV,152,2023_USO_R32_Djokovic,0,0.3665993028307833,Q1
2019-2024 outer CV,143,2023_AO_F_Djokovic,1,0.3674519891763336,Q1
2019-2024 outer CV,83,2021_AO_R16_Djokovic,0,0.3675916256241862,Q1
2019-2024 outer CV,55,2020_AO_F_Djokovic,0,0.3761635637333914,Q1
2019-2024 outer CV,86,2021_AO_QF_Djokovic,0,0.3896096573976875,Q1
2019-2024 outer CV,196,2024_USO_R32_Djokovic,0,0.4045147113551234,Q1
2019-2024 outer CV,37,2020_AO_R128_Djokovic,0,0.4140166285082108,Q1
2019-2024 outer CV,121,2021_USO_F_Djokovic,0,0.4342590957926455,Q1
2019-2024 outer CV,103,2021_USO_R32_Djokovic,0,0.4684664970803213,Q1
2019-2024 outer CV,79,2021_AO_R32_Djokovic,0,0.5064230518511444,Q1
2019-2024 outer CV,199,2024_USO_R32_Djokovic,0,0.5082116477236122,Q1
2019-2024 outer CV,122,2021_USO_F_Djokovic,0,0.5095653497982979,Q1
2019-2024 outer CV,35,2020_AO_R128_Djokovic,1,0.5284565695386737,Q1
2019-2024 outer CV,89,2021_AO_QF_Djokovic,1,0.5655724581418838,Q1
2019-2024 outer CV,50,2020_AO_QF_Djokovic,1,0.5683870659986473,Q1
2019-2024 outer CV,9,2019_AO_R32_Djokovic,0,0.5753034575508605,Q1
2019-2024 outer CV,182,2024_AO_QF_Djokovic,1,0.5761212545153863,Q1
2019-2024 outer CV,82,2021_AO_R16_Djokovic,1,0.576762051324014,Q1
2019-2024 outer CV,69,2020_USO_R16_Djokovic,0,0.5805256836124932,Q1
2019-2024 outer CV,173,2024_AO_R64_Djokovic,0,0.6304688980956527,Q1
2019-2024 outer CV,74,2021_AO_R64_Djokovic,0,0.638331916462627,Q1
2019-2024 outer CV,178,2024_AO_R32_Djokovic,1,0.6400134828455954,Q1
2019-2024 outer CV,12,2019_AO_R16_Djokovic,0,0.6618806334201403,Q2
2019-2024 outer CV,25,2019_USO_R128_Djokovic,1,0.6751460956632926,Q2
2019-2024 outer CV,195,2024_USO_R64_Djokovic,1,0.6773524325533329,Q2
2019-2024 outer CV,117,2021_USO_SF_Djokovic,1,0.6785138062954186,Q2
2019-2024 outer CV,164,2023_USO_SF_Djokovic,1,0.7037557902672823,Q2
2019-2024 outer CV,181,2024_AO_R16_Djokovic,1,0.7150554492082059,Q2
2019-2024 outer CV,127,2023_AO_R64_Djokovic,0,0.7217908571558134,Q2
2019-2024 outer CV,88,2021_AO_QF_Djokovic,1,0.724278562054513,Q2
2019-2024 outer CV,139,2023_AO_SF_Djokovic,1,0.7332732593799991,Q2
2019-2024 outer CV,174,2024_AO_R64_Djokovic,1,0.7467768506020814,Q2
2019-2024 outer CV,40,2020_AO_R64_Djokovic,1,0.7608035941250871,Q2
2019-2024 outer CV,158,2023_USO_R16_Djokovic,1,0.7746421471654021,Q2
2019-2024 outer CV,192,2024_USO_R128_Djokovic,1,0.7749802163772456,Q2
2019-2024 outer CV,162,2023_USO_SF_Djokovic,1,0.7825178262203157,Q2
2019-2024 outer CV,177,2024_AO_R32_Djokovic,1,0.7827184026888382,Q2
2019-2024 outer CV,60,2020_USO_R128_Djokovic,1,0.7892271568185656,Q2
2019-2024 outer CV,147,2023_USO_R128_Djokovic,1,0.7898266523968483,Q2
2019-2024 outer CV,132,2023_AO_R32_Djokovic,1,0.8004035748521048,Q2
2019-2024 outer CV,176,2024_AO_R32_Djokovic,1,0.8181187851077966,Q2
2019-2024 outer CV,48,2020_AO_QF_Djokovic,1,0.8250701367930356,Q2
2019-2024 outer CV,185,2024_AO_QF_Djokovic,1,0.8287181565644519,Q2
2019-2024 outer CV,108,2021_USO_R16_Djokovic,1,0.8340309682152333,Q2
2019-2024 outer CV,30,2019_USO_R32_Djokovic,1,0.8424094199824921,Q2
2019-2024 outer CV,193,2024_USO_R64_Djokovic,1,0.8486512085978937,Q2
2019-2024 outer CV,26,2019_USO_R64_Djokovic,1,0.8548559668238215,Q2
2019-2024 outer CV,130,2023_AO_R32_Djokovic,1,0.8555928751218571,Q2
2019-2024 outer CV,53,2020_AO_SF_Djokovic,1,0.8580395704008055,Q2
2019-2024 outer CV,97,2021_USO_R128_Djokovic,0,0.8611568924848714,Q2
2019-2024 outer CV,160,2023_USO_QF_Djokovic,1,0.8660446608288854,Q2
2019-2024 outer CV,57,2020_AO_F_Djokovic,1,0.8694480022919544,Q2
2019-2024 outer CV,62,2020_USO_R64_Djokovic,0,0.8726757842617401,Q2
2019-2024 outer CV,23,2019_USO_R128_Djokovic,1,0.8742420170784135,Q2
2019-2024 outer CV,165,2023_USO_F_Djokovic,1,0.8746424372271657,Q2
2019-2024 outer CV,27,2019_USO_R64_Djokovic,1,0.8774945183219794,Q2
2019-2024 outer CV,58,2020_AO_F_Djokovic,1,0.8827886110678383,Q2
2019-2024 outer CV,6,2019_AO_R64_Djokovic,1,0.8856842528735586,Q2
2019-2024 outer CV,136,2023_AO_QF_Djokovic,1,0.8879773451243643,Q2
2019-2024 outer CV,169,2024_AO_R128_Djokovic,0,0.8906482857696926,Q2
2019-2024 outer CV,72,2021_AO_R128_Djokovic,1,0.8940745128734717,Q2
2019-2024 outer CV,3,2019_AO_R128_Djokovic,1,0.90334701505759,Q2
2019-2024 outer CV,144,2023_AO_F_Djokovic,1,0.9035086769874556,Q3
2019-2024 outer CV,49,2020_AO_QF_Djokovic,1,0.9045818679687336,Q3
2019-2024 outer CV,45,2020_AO_R16_Djokovic,1,0.90477134443945,Q3
2019-2024 outer CV,157,2023_USO_R16_Djokovic,1,0.9048449260572644,Q3
2019-2024 outer CV,142,2023_AO_F_Djokovic,1,0.9133911663872162,Q3
2019-2024 outer CV,8,2019_AO_R32_Djokovic,1,0.915707415744436,Q3
2019-2024 outer CV,77,2021_AO_R32_Djokovic,1,0.9171528791144876,Q3
2019-2024 outer CV,14,2019_AO_R16_Djokovic,1,0.9185411197105422,Q3
2019-2024 outer CV,167,2023_USO_F_Djokovic,1,0.9194427837564024,Q3
2019-2024 outer CV,85,2021_AO_R16_Djokovic,1,0.9203761666099292,Q3
2019-2024 outer CV,65,2020_USO_R64_Djokovic,1,0.921312785761593,Q3
2019-2024 outer CV,123,2023_AO_R128_Djokovic,1,0.9221510095422428,Q3
2019-2024 outer CV,16,2019_AO_QF_Djokovic,1,0.9255731394680832,Q3
2019-2024 outer CV,64,2020_USO_R64_Djokovic,1,0.9256300732072628,Q3
2019-2024 outer CV,44,2020_AO_R32_Djokovic,1,0.9285593595371936,Q3
2019-2024 outer CV,31,2019_USO_R32_Djokovic,1,0.9290841158045908,Q3
2019-2024 outer CV,81,2021_AO_R32_Djokovic,1,0.9294944209341548,Q3
2019-2024 outer CV,194,2024_USO_R64_Djokovic,1,0.93002008766363,Q3
2019-2024 outer CV,47,2020_AO_R16_Djokovic,1,0.93016482282937,Q3
2019-2024 outer CV,161,2023_USO_QF_Djokovic,1,0.9309292742453767,Q3
2019-2024 outer CV,105,2021_USO_R32_Djokovic,1,0.9316119578211336,Q3
2019-2024 outer CV,5,2019_AO_R64_Djokovic,1,0.9321570666788056,Q3
2019-2024 outer CV,11,2019_AO_R16_Djokovic,1,0.9327248350433084,Q3
2019-2024 outer CV,135,2023_AO_R16_Djokovic,1,0.9332854234012304,Q3
2019-2024 outer CV,129,2023_AO_R64_Djokovic,1,0.9360688860277058,Q3
2019-2024 outer CV,175,2024_AO_R64_Djokovic,1,0.9365593183639064,Q3
2019-2024 outer CV,46,2020_AO_R16_Djokovic,1,0.93753322986341,Q3
2019-2024 outer CV,190,2024_USO_R128_Djokovic,1,0.937935651576542,Q3
2019-2024 outer CV,138,2023_AO_QF_Djokovic,1,0.9381060624165052,Q3
2019-2024 outer CV,113,2021_USO_QF_Djokovic,1,0.9383623866495964,Q3
2019-2024 outer CV,63,2020_USO_R64_Djokovic,1,0.9383764735109972,Q3
2019-2024 outer CV,114,2021_USO_QF_Djokovic,1,0.9384779391131024,Q3
2019-2024 outer CV,133,2023_AO_R16_Djokovic,1,0.939064652034059,Q3
2019-2024 outer CV,124,2023_AO_R128_Djokovic,1,0.9393103857090022,Q3
2019-2024 outer CV,109,2021_USO_R16_Djokovic,1,0.9394832449592456,Q3
2019-2024 outer CV,131,2023_AO_R32_Djokovic,1,0.9395099473101516,Q3
2019-2024 outer CV,102,2021_USO_R64_Djokovic,1,0.9398676108935876,Q3
2019-2024 outer CV,29,2019_USO_R32_Djokovic,1,0.9398916504886284,Q3
2019-2024 outer CV,95,2021_AO_F_Djokovic,1,0.9401010098450412,Q3
2019-2024 outer CV,155,2023_USO_R32_Djokovic,1,0.940600768509488,Q3
2019-2024 outer CV,125,2023_AO_R128_Djokovic,1,0.9420273518110508,Q4
2019-2024 outer CV,78,2021_AO_R32_Djokovic,1,0.9422012987363352,Q4
2019-2024 outer CV,1,2019_AO_R128_Djokovic,1,0.9425629397322284,Q4
2019-2024 outer CV,41,2020_AO_R64_Djokovic,1,0.9428792808335844,Q4
2019-2024 outer CV,172,2024_AO_R64_Djokovic,1,0.9430897478782472,Q4
2019-2024 outer CV,42,2020_AO_R32_Djokovic,1,0.9432687384404508,Q4
2019-2024 outer CV,21,2019_AO_F_Djokovic,1,0.9434714496303452,Q4
2019-2024 outer CV,128,2023_AO_R64_Djokovic,1,0.9439496658370016,Q4
2019-2024 outer CV,126,2023_AO_R64_Djokovic,1,0.94441344767358,Q4
2019-2024 outer CV,13,2019_AO_R16_Djokovic,1,0.9450419745677392,Q4
2019-2024 outer CV,4,2019_AO_R64_Djokovic,1,0.9455028592261367,Q4
2019-2024 outer CV,112,2021_USO_QF_Djokovic,1,0.9455449986880398,Q4
2019-2024 outer CV,150,2023_USO_R64_Djokovic,1,0.9467359559632592,Q4
2019-2024 outer CV,20,2019_AO_F_Djokovic,1,0.9485711834225352,Q4
2019-2024 outer CV,163,2023_USO_SF_Djokovic,1,0.9490475219520438,Q4
2019-2024 outer CV,93,2021_AO_F_Djokovic,1,0.949112545138568,Q4
2019-2024 outer CV,145,2023_USO_R128_Djokovic,1,0.9491355492483882,Q4
2019-2024 outer CV,39,2020_AO_R64_Djokovic,1,0.9491778720747868,Q4
2019-2024 outer CV,51,2020_AO_SF_Djokovic,1,0.9498756942381372,Q4
2019-2024 outer CV,104,2021_USO_R32_Djokovic,1,0.9503909268545268,Q4
2019-2024 outer CV,38,2020_AO_R128_Djokovic,1,0.9512516173380762,Q4
2019-2024 outer CV,10,2019_AO_R32_Djokovic,1,0.9513766251614644,Q4
2019-2024 outer CV,106,2021_USO_R32_Djokovic,1,0.95148593214423,Q4
2019-2024 outer CV,22,2019_AO_F_Djokovic,1,0.951557773406624,Q4
2019-2024 outer CV,99,2021_USO_R128_Djokovic,1,0.95177502440364,Q4
2019-2024 outer CV,148,2023_USO_R64_Djokovic,1,0.9518020000698618,Q4
2019-2024 outer CV,146,2023_USO_R128_Djokovic,1,0.952049195510605,Q4
2019-2024 outer CV,98,2021_USO_R128_Djokovic,1,0.9521612814187238,Q4
2019-2024 outer CV,54,2020_AO_F_Djokovic,1,0.9522340182876552,Q4
2019-2024 outer CV,94,2021_AO_F_Djokovic,1,0.9526119837817664,Q4
2019-2024 outer CV,153,2023_USO_R32_Djokovic,1,0.9526227244092992,Q4
2019-2024 outer CV,134,2023_AO_R16_Djokovic,1,0.9531898376529634,Q4
2019-2024 outer CV,140,2023_AO_SF_Djokovic,1,0.9534513796331928,Q4
2019-2024 outer CV,116,2021_USO_SF_Djokovic,1,0.9539682714012794,Q4
2019-2024 outer CV,101,2021_USO_R64_Djokovic,1,0.9545417308376916,Q4
2019-2024 outer CV,2,2019_AO_R128_Djokovic,1,0.9546346679389676,Q4
2019-2024 outer CV,141,2023_AO_SF_Djokovic,1,0.9546671624235602,Q4
2019-2024 outer CV,70,2021_AO_R128_Djokovic,1,0.9551908217142284,Q4
2019-2024 outer CV,149,2023_USO_R64_Djokovic,1,0.9552650455290156,Q4
2019-2024 outer CV,66,2020_USO_R32_Djokovic,1,0.955911983548532,Q4
2019-2024 outer CV,87,2021_AO_QF_Djokovic,1,0.9565969853768028,Q5
2019-2024 outer CV,96,2021_USO_R128_Djokovic,1,0.9571442131826512,Q5
2019-2024 outer CV,18,2019_AO_SF_Djokovic,1,0.9572065879323376,Q5
2019-2024 outer CV,180,2024_AO_R16_Djokovic,1,0.9573417872142466,Q5
2019-2024 outer CV,119,2021_USO_SF_Djokovic,1,0.9574739957415842,Q5
2019-2024 outer CV,19,2019_AO_SF_Djokovic,1,0.9577091001987206,Q5
2019-2024 outer CV,71,2021_AO_R128_Djokovic,1,0.9578624778690864,Q5
2019-2024 outer CV,24,2019_USO_R128_Djokovic,1,0.9578997821489476,Q5
2019-2024 outer CV,75,2021_AO_R64_Djokovic,1,0.9581347326982718,Q5
2019-2024 outer CV,28,2019_USO_R64_Djokovic,1,0.9581389225392112,Q5
2019-2024 outer CV,17,2019_AO_SF_Djokovic,1,0.9582287436685752,Q5
2019-2024 outer CV,171,2024_AO_R128_Djokovic,1,0.9582631559061942,Q5
2019-2024 outer CV,159,2023_USO_QF_Djokovic,1,0.9609398748918824,Q5
2019-2024 outer CV,179,2024_AO_R16_Djokovic,1,0.9624422294594892,Q5
2019-2024 outer CV,110,2021_USO_R16_Djokovic,1,0.9633192089863416,Q5
2019-2024 outer CV,170,2024_AO_R128_Djokovic,1,0.9634426270983236,Q5
2019-2024 outer CV,184,2024_AO_QF_Djokovic,1,0.9640609564471284,Q5
2019-2024 outer CV,36,2020_AO_R128_Djokovic,1,0.9644424115487934,Q5
2019-2024 outer CV,154,2023_USO_R32_Djokovic,1,0.96619315308678,Q5
2019-2024 outer CV,156,2023_USO_R16_Djokovic,1,0.9678257624512074,Q5
2019-2024 outer CV,84,2021_AO_R16_Djokovic,1,0.968616881340909,Q5
2019-2024 outer CV,76,2021_AO_R64_Djokovic,1,0.9699107905988792,Q5
2019-2024 outer CV,91,2021_AO_SF_Djokovic,1,0.9701459041147792,Q5
2019-2024 outer CV,59,2020_USO_R128_Djokovic,1,0.9705561586383272,Q5
2019-2024 outer CV,15,2019_AO_QF_Djokovic,1,0.9708447569237412,Q5
2019-2024 outer CV,100,2021_USO_R64_Djokovic,1,0.9709358511517842,Q5
2019-2024 outer CV,191,2024_USO_R128_Djokovic,1,0.9713438914684928,Q5
2019-2024 outer CV,52,2020_AO_SF_Djokovic,1,0.9720839153922948,Q5
2019-2024 outer CV,73,2021_AO_R64_Djokovic,1,0.972634514581372,Q5
2019-2024 outer CV,67,2020_USO_R32_Djokovic,1,0.973476767385516,Q5
2019-2024 outer CV,68,2020_USO_R32_Djokovic,1,0.974226914903683,Q5
2019-2024 outer CV,90,2021_AO_SF_Djokovic,1,0.9749192048526548,Q5
2019-2024 outer CV,7,2019_AO_R32_Djokovic,1,0.9767763617123766,Q5
2019-2024 outer CV,168,2024_AO_R128_Djokovic,1,0.9771062530862132,Q5
2019-2024 outer CV,198,2024_USO_R32_Djokovic,1,0.9792486359220856,Q5
2019-2024 outer CV,43,2020_AO_R32_Djokovic,1,0.9798334565584392,Q5
2019-2024 outer CV,137,2023_AO_QF_Djokovic,1,0.9806055499209756,Q5
2019-2024 outer CV,92,2021_AO_SF_Djokovic,1,0.9806682960040618,Q5
2019-2024 outer CV,61,2020_USO_R128_Djokovic,1,0.9820233364657184,Q5
2025 temporal test,40,2025_USO_SF_Djokovic,0,0.1255612655005875,Q1
2025 temporal test,36,2025_USO_QF_Djokovic,0,0.1605755084845114,Q1
2025 temporal test,1,2025_AO_R128_Djokovic,0,0.1724645580443523,Q1
2025 temporal test,28,2025_USO_R32_Djokovic,0,0.2240554419814662,Q1
2025 temporal test,38,2025_USO_SF_Djokovic,0,0.2807355335109046,Q1
2025 temporal test,21,2025_USO_R128_Djokovic,1,0.2888598236338907,Q1
2025 temporal test,23,2025_USO_R64_Djokovic,0,0.3488496214066714,Q1
2025 temporal test,19,2025_AO_SF_Djokovic,0,0.669899554599145,Q1
2025 temporal test,39,2025_USO_SF_Djokovic,0,0.7899762898799152,Q2
2025 temporal test,14,2025_AO_R16_Djokovic,1,0.803029813774503,Q2
2025 temporal test,15,2025_AO_QF_Djokovic,0,0.8304229774973132,Q2
2025 temporal test,37,2025_USO_QF_Djokovic,1,0.8732395995509837,Q2
2025 temporal test,6,2025_AO_R64_Djokovic,0,0.9014768472224516,Q2
2025 temporal test,34,2025_USO_QF_Djokovic,1,0.9025450188840978,Q2
2025 temporal test,2,2025_AO_R128_Djokovic,1,0.9101095704126676,Q2
2025 temporal test,18,2025_AO_QF_Djokovic,1,0.914445170863534,Q2
2025 temporal test,16,2025_AO_QF_Djokovic,1,0.91797794557706,Q3
2025 temporal test,7,2025_AO_R64_Djokovic,1,0.924681397127823,Q3
2025 temporal test,10,2025_AO_R32_Djokovic,1,0.925770764120697,Q3
2025 temporal test,13,2025_AO_R16_Djokovic,1,0.9312575152124316,Q3
2025 temporal test,30,2025_USO_R32_Djokovic,1,0.9349093506854554,Q3
2025 temporal test,12,2025_AO_R16_Djokovic,1,0.9394110586289638,Q3
2025 temporal test,11,2025_AO_R32_Djokovic,1,0.940724534500182,Q3
2025 temporal test,24,2025_USO_R64_Djokovic,1,0.9438123669168128,Q3
2025 temporal test,27,2025_USO_R32_Djokovic,1,0.9465897188792972,Q4
2025 temporal test,35,2025_USO_QF_Djokovic,1,0.949054131413227,Q4
2025 temporal test,3,2025_AO_R128_Djokovic,1,0.9512193054306072,Q4
2025 temporal test,31,2025_USO_R16_Djokovic,1,0.9523142751432838,Q4
2025 temporal test,9,2025_AO_R32_Djokovic,1,0.9541299219022914,Q4
2025 temporal test,4,2025_AO_R128_Djokovic,1,0.9561888602693198,Q4
2025 temporal test,26,2025_USO_R64_Djokovic,1,0.9571203376967636,Q4
2025 temporal test,5,2025_AO_R64_Djokovic,1,0.9581539679009592,Q4
2025 temporal test,29,2025_USO_R32_Djokovic,1,0.9582447110793748,Q5
2025 temporal test,22,2025_USO_R128_Djokovic,1,0.958886228750423,Q5
2025 temporal test,17,2025_AO_QF_Djokovic,1,0.9589187439360716,Q5
2025 temporal test,8,2025_AO_R64_Djokovic,1,0.9594264251639014,Q5
2025 temporal test,32,2025_USO_R16_Djokovic,1,0.9608921343620512,Q5
2025 temporal test,20,2025_USO_R128_Djokovic,1,0.9609748291085164,Q5
2025 temporal test,33,2025_USO_R16_Djokovic,1,0.9611279864014308,Q5
2025 temporal test,25,2025_USO_R64_Djokovic,1,0.961302171736034,Q5
