match_id,label,f1_selector_score,f1_selector_pred,auc_selector_score,auc_selector_pred,logistic_l2_score,logistic_l2_pred,logistic_l1_score,logistic_l1_pred,random_forest_score,random_forest_pred
2019_AO_R128_Djokovic,1,0.9376964368947693,1,0.9425629397322285,1,0.944211930835041,1,0.975067136919686,1,0.9737083333333332,1
2019_AO_R128_Djokovic,1,0.9545470519107442,1,0.9546346679389675,1,0.9985028675581024,1,0.9986234711526739,1,0.9796666666666666,1
2019_AO_R128_Djokovic,1,0.9211171914627926,1,0.90334701505759,1,0.9980440635789922,1,0.9976865816263889,1,0.8448663003663002,1
2019_AO_R64_Djokovic,1,0.9433777177756014,1,0.9455028592261369,1,0.9874077364324773,1,0.9999977838233627,1,0.954540404040404,1
2019_AO_R64_Djokovic,1,0.9271881198941058,1,0.9321570666788057,1,0.9896153087895039,1,0.9999706577151087,1,0.8718993506493504,1
2019_AO_R64_Djokovic,1,0.8837710691317485,1,0.8856842528735586,1,0.8943980232115599,1,0.9989138515159978,1,0.90240873015873,1
2019_AO_R32_Djokovic,1,0.9415065539667132,1,0.9767763617123766,1,0.9997518408304864,1,0.9999173800759212,1,0.9834583333333332,1
2019_AO_R32_Djokovic,1,0.8906372651373802,1,0.915707415744436,1,0.9166903362144379,1,0.974233453364376,1,0.921910714285714,1
2019_AO_R32_Djokovic,0,0.7555435123551562,1,0.5753034575508605,0,0.27251418940300787,0,0.2687816531693635,0,0.6449880952380951,0
2019_AO_R32_Djokovic,1,0.9408054273863318,1,0.9513766251614645,1,0.9983609171228175,1,0.9997840625225036,1,0.9834880952380953,1
2019_AO_R16_Djokovic,1,0.9262985710368855,1,0.9327248350433085,1,0.9887873058186838,1,0.9999945321132923,1,0.9740833333333334,1
2019_AO_R16_Djokovic,0,0.770254380376936,1,0.6618806334201403,0,0.6652897155056741,0,0.41546324374152743,0,0.6355463564213563,0
2019_AO_R16_Djokovic,1,0.941951160248978,1,0.9450419745677391,1,0.9940753003132726,1,0.9999995419271421,1,0.9678273809523809,1
2019_AO_R16_Djokovic,1,0.9058002884030184,1,0.9185411197105422,1,0.8764017015692943,1,0.9939445376697933,1,0.8863988095238095,1
2019_AO_QF_Djokovic,1,0.9790146435484853,1,0.9708447569237412,1,0.9867756547295006,1,0.9966188559459636,1,0.9955357142857143,1
2019_AO_QF_Djokovic,1,0.9719240173724875,1,0.9255731394680833,1,0.9982485218359419,1,0.9995044625352247,1,0.8916349206349207,1
2019_AO_SF_Djokovic,1,0.9649986187066993,1,0.9582287436685751,1,0.9998414702040946,1,0.999945038465735,1,0.9958333333333332,1
2019_AO_SF_Djokovic,1,0.9631471180852216,1,0.9572065879323375,1,0.9974692931373899,1,0.9992587788470922,1,0.9863928571428572,1
2019_AO_SF_Djokovic,1,0.9636562996949299,1,0.9577091001987206,1,0.9997680991132321,1,0.9998641831024068,1,0.9623690476190478,1
2019_AO_F_Djokovic,1,0.9090167845171369,1,0.9485711834225352,1,0.9940741499081343,1,0.9982249691938968,1,0.987,1
2019_AO_F_Djokovic,1,0.8942122030362764,1,0.9434714496303453,1,0.99893750917125,1,0.999852300644261,1,0.9975,1
2019_AO_F_Djokovic,1,0.9121678296210044,1,0.951557773406624,1,0.9971948991927693,1,0.9995402210537602,1,0.99875,1
2019_USO_R128_Djokovic,1,0.8261720619668856,1,0.8742420170784135,1,0.8800429325286996,1,0.9007997844721605,1,0.8010313852813852,1
2019_USO_R128_Djokovic,1,0.9366670736793972,1,0.9578997821489476,1,0.9982002169803812,1,0.9996164922192969,1,0.9792380952380952,1
2019_USO_R128_Djokovic,1,0.8004976514323341,1,0.6751460956632926,0,0.37336841009630506,0,0.7431161084506146,0,0.8676468253968256,1
2019_USO_R64_Djokovic,1,0.8170810308858826,1,0.8548559668238215,1,0.7529313498096734,1,0.8944385758913326,1,0.6995604256854258,0
2019_USO_R64_Djokovic,1,0.8504027503908015,1,0.8774945183219794,1,0.6010546003928793,0,0.8684452246565397,1,0.46505321067821037,0
2019_USO_R64_Djokovic,1,0.9660892639760913,1,0.9581389225392112,1,0.9990283526397196,1,0.9995294681354873,1,0.9205753968253967,1
2019_USO_R32_Djokovic,1,0.896656248203079,1,0.9398916504886283,1,0.9854412491127513,1,0.9945445421213079,1,0.952273088023088,1
2019_USO_R32_Djokovic,1,0.8586155722491747,1,0.8424094199824921,1,0.7168373626291937,1,0.8745764720512953,1,0.8252404817404816,1
2019_USO_R32_Djokovic,1,0.8984173050474767,1,0.9290841158045909,1,0.9194049865010373,1,0.970520007788309,1,0.7341507936507935,0
2019_USO_R16_Djokovic,0,0.5182578837526776,0,0.25808598547969563,0,0.05638547293464279,0,0.05620404559290417,0,0.5909978632478632,0
2019_USO_R16_Djokovic,0,0.508528850194339,0,0.3478493163215638,0,0.07055523143365613,0,0.07828876092288699,0,0.5012835775335777,0
2019_USO_R16_Djokovic,0,0.32645436790848725,0,0.21255008726094293,0,0.00029577414618976044,0,0.0003911150074736276,0,0.31195944333444336,0
2020_AO_R128_Djokovic,1,0.6129046244972147,0,0.5284565695386737,0,0.14948655201940478,0,0.5644964510789774,0,0.7160615079365081,0
2020_AO_R128_Djokovic,1,0.9367555356804886,1,0.9644424115487934,1,0.9979069319203789,1,0.9995262876281862,1,0.9517261904761906,1
2020_AO_R128_Djokovic,0,0.5919328654583679,0,0.4140166285082108,0,0.014231108835130506,0,0.014555703157378364,0,0.610922619047619,0
2020_AO_R128_Djokovic,1,0.9403086542892786,1,0.9512516173380762,1,0.9979626467927168,1,0.9998015252937545,1,0.9278134920634922,1
2020_AO_R64_Djokovic,1,0.9478567583981513,1,0.9491778720747869,1,0.9958436894945712,1,0.9999999996943931,1,0.9286666666666664,1
2020_AO_R64_Djokovic,1,0.8398832642991159,1,0.7608035941250871,0,0.6885995544514313,0,0.9949676351306442,1,0.7659900793650793,1
2020_AO_R64_Djokovic,1,0.9408471459570288,1,0.9428792808335845,1,0.9539415140581567,1,0.9999930135959715,1,0.9252103174603173,1
2020_AO_R32_Djokovic,1,0.9254297775837627,1,0.9432687384404508,1,0.9117061012854729,1,0.933775013072337,1,0.9510833333333334,1
2020_AO_R32_Djokovic,1,0.9895436478204158,1,0.9798334565584393,1,0.999184187619534,1,0.9997886219261051,1,0.971015873015873,1
2020_AO_R32_Djokovic,1,0.9267107497833168,1,0.9285593595371936,1,0.9459398575507463,1,0.9816260167738476,1,0.8649365079365077,1
2020_AO_R16_Djokovic,1,0.9380927329085971,1,0.9047713444394501,1,0.9711538700051247,1,0.9999938076364465,1,0.9124940476190475,1
2020_AO_R16_Djokovic,1,0.9379572888247133,1,0.9375332298634101,1,0.9761946074357137,1,0.9999947065459781,1,0.9459709595959598,1
2020_AO_R16_Djokovic,1,0.9113953539863049,1,0.93016482282937,1,0.9790315099061737,1,0.9999923626641527,1,0.865642857142857,1
2020_AO_QF_Djokovic,1,0.8563356378889372,1,0.8250701367930356,1,0.9618791038543866,1,0.986486582839646,1,0.7563990592740591,1
2020_AO_QF_Djokovic,1,0.8789098250685057,1,0.9045818679687335,1,0.819384468212817,0,0.87037464969341,1,0.9221011904761904,1
2020_AO_QF_Djokovic,1,0.5075819986339609,0,0.5683870659986473,0,0.32554114489571667,0,0.38374910547103896,0,0.46458195970696,0
2020_AO_SF_Djokovic,1,0.9711177015322683,1,0.9498756942381371,1,0.9884112720910045,1,0.9933586422285453,1,0.8388731962481962,1
2020_AO_SF_Djokovic,1,0.9463565858754747,1,0.9720839153922949,1,0.9933111560847857,1,0.9959104181575036,1,0.9263690476190476,1
2020_AO_SF_Djokovic,1,0.7958765074463372,1,0.8580395704008055,1,0.7569265360883272,0,0.8895302003528863,1,0.8228015873015871,1
2020_AO_F_Djokovic,1,0.9685814905943063,1,0.9522340182876551,1,0.9652667373769406,1,0.98787114904133,1,0.7872348484848488,1
2020_AO_F_Djokovic,0,0.2898306818017886,0,0.3761635637333914,0,0.022636334510001785,0,0.02746470056465578,0,0.6426634199134196,0
2020_AO_F_Djokovic,0,0.1941699828380802,0,0.12944253845552559,0,0.004866025204504467,0,0.0050449350364191224,0,0.36660948773448787,0
2020_AO_F_Djokovic,1,0.8123299856029075,1,0.8694480022919544,1,0.7447829889293861,0,0.8132447079188524,0,0.8145205627705627,1
2020_AO_F_Djokovic,1,0.8424809985668933,1,0.8827886110678383,1,0.745310669385664,0,0.907018892564277,1,0.8583829365079363,1
2020_USO_R128_Djokovic,1,0.9357281574013048,1,0.9705561586383271,1,0.9930454234450694,1,0.9985092879001977,1,0.9545,1
2020_USO_R128_Djokovic,1,0.8211245183780527,1,0.7892271568185656,0,0.861870188488327,1,0.7086613042586811,0,0.6847853535353535,0
2020_USO_R128_Djokovic,1,0.9305990438782463,1,0.9820233364657184,1,0.9996406332977017,1,0.9998035027280265,1,0.8144033882783881,1
2020_USO_R64_Djokovic,0,0.8616256061830101,1,0.8726757842617401,1,0.8914799671634221,1,0.769110229034448,1,0.6437076118326119,0
2020_USO_R64_Djokovic,1,0.8949573126233726,1,0.9383764735109971,1,0.9739800140005841,1,0.9886784511221963,1,0.9638968253968254,1
2020_USO_R64_Djokovic,1,0.9025451090949432,1,0.9256300732072628,1,0.9143322925558178,1,0.9731171513136297,1,0.925565476190476,1
2020_USO_R64_Djokovic,1,0.9083889198615732,1,0.921312785761593,1,0.9936100746761487,1,0.9982595210909404,1,0.8818712121212121,1
2020_USO_R32_Djokovic,1,0.9179320517006054,1,0.9559119835485319,1,0.87802771138221,1,0.9220261619722908,1,0.9215882034632032,1
2020_USO_R32_Djokovic,1,0.9770145299784015,1,0.9734767673855161,1,0.9828286681112934,1,0.9890961449308778,1,0.9415773809523809,1
2020_USO_R32_Djokovic,1,0.9740369602160186,1,0.974226914903683,1,0.9830672106691768,1,0.9911780009264609,1,0.95475,1
2020_USO_R16_Djokovic,0,0.525899272989702,0,0.5805256836124932,0,0.8204456467477678,0,0.6610669395196695,0,0.5394536435786434,0
2021_AO_R128_Djokovic,1,0.9608097669358069,1,0.9551908217142285,1,0.9972833748219254,1,0.9982656646345422,1,0.9180436507936508,1
2021_AO_R128_Djokovic,1,0.9661843097070948,1,0.9578624778690865,1,0.9998274938827437,1,0.9999100068449525,1,0.9104444444444444,1
2021_AO_R128_Djokovic,1,0.8535011200323381,1,0.8940745128734717,1,0.9812344572400217,1,0.9926067899769163,1,0.9616031746031746,1
2021_AO_R64_Djokovic,1,0.9715308002850432,1,0.9726345145813721,1,0.9768556494335993,1,0.9633560151301597,1,0.9331051587301584,1
2021_AO_R64_Djokovic,0,0.4475280273401081,0,0.638331916462627,0,0.359098178096236,0,0.21349243651013622,0,0.58090854978355,0
2021_AO_R64_Djokovic,1,0.9522099096492737,1,0.9581347326982718,1,0.9956790345873064,1,0.9967165488691767,1,0.9000683621933622,1
2021_AO_R64_Djokovic,1,0.9720404348147512,1,0.9699107905988793,1,0.9845143628617407,1,0.9889182273684436,1,0.9654861111111112,1
2021_AO_R32_Djokovic,1,0.9294050781798736,1,0.9171528791144876,1,0.9408749360861898,1,0.9999692415318643,1,0.7175694444444446,0
2021_AO_R32_Djokovic,1,0.9395463142273007,1,0.9422012987363352,1,0.9919317662077917,1,0.9999976364076794,1,0.9522420634920635,1
2021_AO_R32_Djokovic,0,0.4722076705117397,0,0.5064230518511444,0,0.9277625929754403,1,0.9989320503543196,1,0.4885481601731601,0
2021_AO_R32_Djokovic,0,0.37971247582233786,0,0.34920225989461606,0,0.36222225389677765,0,0.23082091196030308,0,0.4387678571428571,0
2021_AO_R32_Djokovic,1,0.9376092183132304,1,0.9294944209341548,1,0.9977001545976456,1,0.9999999996836724,1,0.9209285714285714,1
2021_AO_R16_Djokovic,1,0.506953947492015,0,0.576762051324014,0,0.7132143859705307,0,0.7547131836917251,0,0.5886322150072152,0
2021_AO_R16_Djokovic,0,0.3090617891515576,0,0.36759162562418624,0,0.44372817682220556,0,0.1654293264988415,0,0.5315178571428573,0
2021_AO_R16_Djokovic,1,0.9256579579296379,1,0.968616881340909,1,0.9989150964760606,1,0.9989457125677552,1,0.9702857142857144,1
2021_AO_R16_Djokovic,1,0.8914639815273615,1,0.9203761666099292,1,0.9882861061127808,1,0.9833346040057245,1,0.9768333333333333,1
2021_AO_QF_Djokovic,0,0.3961399848144701,0,0.3896096573976875,0,0.3327693016833147,0,0.42309789883266674,0,0.5413170995670994,0
2021_AO_QF_Djokovic,1,0.9647000017991566,1,0.9565969853768028,1,0.998471232704841,1,0.999701301169298,1,0.9841428571428571,1
2021_AO_QF_Djokovic,1,0.7650252285240241,1,0.724278562054513,1,0.8090106980440622,1,0.9223273740137945,1,0.8080079365079367,1
2021_AO_QF_Djokovic,1,0.631549333569054,0,0.5655724581418838,0,0.2885355183542812,0,0.502154385823731,0,0.5933519119769118,0
2021_AO_SF_Djokovic,1,0.9501251959275976,1,0.9749192048526547,1,0.9885733685877708,1,0.9959473227611804,1,0.9294365079365079,1
2021_AO_SF_Djokovic,1,0.9713865300145454,1,0.9701459041147791,1,0.9798557859157269,1,0.9934449350969958,1,0.898440476190476,1
2021_AO_SF_Djokovic,1,0.9935674968482381,1,0.9806682960040618,1,0.9939542979832704,1,0.9982516721249468,1,0.9682738095238095,1
2021_AO_F_Djokovic,1,0.9031188792264707,1,0.9491125451385679,1,0.9997236133604049,1,0.9999228535714344,1,0.9748869047619049,1
2021_AO_F_Djokovic,1,0.9130728245547507,1,0.9526119837817664,1,0.9991934202393992,1,0.9997536523377736,1,0.9082678571428572,1
2021_AO_F_Djokovic,1,0.9149841375834188,1,0.9401010098450412,1,0.9865704591482705,1,0.9962980263861282,1,0.9005806277056275,1
2021_USO_R128_Djokovic,1,0.9161044571055275,1,0.9571442131826513,1,0.9957120018190364,1,0.9978311416652916,1,0.9906944444444443,1
2021_USO_R128_Djokovic,0,0.773005300411589,1,0.8611568924848714,1,0.9500836486702404,1,0.9748740760585115,1,0.7084610805860807,0
2021_USO_R128_Djokovic,1,0.9166459858047468,1,0.9521612814187238,1,0.9751654290939057,1,0.993284920712015,1,0.9395238095238093,1
2021_USO_R128_Djokovic,1,0.9201049717569753,1,0.9517750244036401,1,0.985788631213907,1,0.9949734681328104,1,0.9211785714285713,1
2021_USO_R64_Djokovic,1,0.9730654953676562,1,0.9709358511517842,1,0.9775851195375439,1,0.9894615005903159,1,0.99875,1
2021_USO_R64_Djokovic,1,0.9595940240782014,1,0.9545417308376916,1,0.9089184332763728,1,0.9512497564740081,1,0.9604047619047619,1
2021_USO_R64_Djokovic,1,0.9300322515259195,1,0.9398676108935876,1,0.8676697739561867,1,0.9487101080809807,1,0.9398214285714286,1
2021_USO_R32_Djokovic,0,0.5307390009671855,0,0.4684664970803213,0,0.7831601784527338,1,0.7662257109784519,0,0.6485912698412699,0
2021_USO_R32_Djokovic,1,0.9548171118284966,1,0.9503909268545268,1,0.9663598868207598,1,0.9862853379973171,1,0.8746626984126984,1
2021_USO_R32_Djokovic,1,0.9345694143664748,1,0.9316119578211335,1,0.905383120382676,1,0.9282894472079192,1,0.830404761904762,1
2021_USO_R32_Djokovic,1,0.9504436963978268,1,0.9514859321442299,1,0.9521610381412181,1,0.9655857115882418,1,0.9052738095238094,1
2021_USO_R16_Djokovic,0,0.2840284750577098,0,0.1989628818259096,0,0.03958192400655732,0,0.015061461974459529,0,0.45319372294372284,0
2021_USO_R16_Djokovic,1,0.9091165820462029,1,0.8340309682152333,1,0.7265806491295274,0,0.8110417446588022,0,0.8175734126984127,1
2021_USO_R16_Djokovic,1,0.9316400810279795,1,0.9394832449592455,1,0.9619649849482143,1,0.9849357856120223,1,0.9397857142857142,1
2021_USO_R16_Djokovic,1,0.9369691690624187,1,0.9633192089863417,1,0.9979783728467287,1,0.9993493036269319,1,0.977654761904762,1
2021_USO_QF_Djokovic,0,0.40962503300984193,0,0.1892684673547275,0,0.04856527272738804,0,0.04199143590561507,0,0.5489253663003663,0
2021_USO_QF_Djokovic,1,0.8971764328091472,1,0.9455449986880398,1,0.9989606778797565,1,0.9995900035686337,1,0.9975,1
2021_USO_QF_Djokovic,1,0.8855144840514148,1,0.9383623866495965,1,0.997419302325972,1,0.999152651822297,1,0.976638888888889,1
2021_USO_QF_Djokovic,1,0.9022129351663232,1,0.9384779391131023,1,0.9100312506757515,1,0.9602929336534283,1,0.9448531746031746,1
2021_USO_SF_Djokovic,0,0.18844401724574958,0,0.2152353378459524,0,0.05639042769508818,0,0.03185402928773688,0,0.40485714285714297,0
2021_USO_SF_Djokovic,1,0.9620112336945214,1,0.9539682714012794,1,0.9833671414069032,1,0.9952449464704858,1,0.9913333333333333,1
2021_USO_SF_Djokovic,1,0.7267196878206427,1,0.6785138062954186,0,0.8871577676227869,1,0.8739549510403789,1,0.7344007936507938,1
2021_USO_SF_Djokovic,0,0.22394333593514038,0,0.1982867634331844,0,0.15078659093284277,0,0.14204357662975844,0,0.47447420634920623,0
2021_USO_SF_Djokovic,1,0.963734958752703,1,0.9574739957415842,1,0.9966534117526478,1,0.9991276628710798,1,0.9758333333333333,1
2021_USO_F_Djokovic,0,0.44757893390676134,0,0.3528227015622764,0,0.19713828889216875,0,0.015018631544459605,0,0.45442640692640696,0
2021_USO_F_Djokovic,0,0.36490795488672595,0,0.43425909579264554,0,0.1734866121386585,0,0.0014953817435774067,0,0.5288288239538239,0
2021_USO_F_Djokovic,0,0.568915863103861,0,0.5095653497982979,0,0.3091330691630753,0,0.007992645820581736,0,0.6838796897546899,0
2023_AO_R128_Djokovic,1,0.8678476802013827,1,0.9221510095422427,1,0.9560919604741841,1,0.9712350701501448,1,0.9668492063492063,1
2023_AO_R128_Djokovic,1,0.9172164308550044,1,0.9393103857090022,1,0.9803761533611342,1,0.9894630967850756,1,0.9277242063492064,1
2023_AO_R128_Djokovic,1,0.8881042715183621,1,0.9420273518110509,1,0.999758884110756,1,0.9999492402852398,1,0.9642521645021646,1
2023_AO_R64_Djokovic,1,0.9478253790772065,1,0.94441344767358,1,0.9958831161873903,1,0.999999529701662,1,0.9188208874458874,1
2023_AO_R64_Djokovic,0,0.735654091473704,1,0.7217908571558134,0,0.6646342616023121,0,0.611955311224322,0,0.5987869769119769,0
2023_AO_R64_Djokovic,1,0.9466732837484727,1,0.9439496658370015,1,0.9940539210619238,1,0.9999789925656516,1,0.9732718253968254,1
2023_AO_R64_Djokovic,1,0.9546804531245542,1,0.9360688860277058,1,0.999280965105048,1,0.9999999001945963,1,0.9149642857142859,1
2023_AO_R32_Djokovic,1,0.8606326315744252,1,0.8555928751218571,1,0.6781920084318113,0,0.9149511767377327,1,0.7965496031746032,1
2023_AO_R32_Djokovic,1,0.9381222918188197,1,0.9395099473101517,1,0.8521403002625398,1,0.9083526171687533,1,0.9207797619047621,1
2023_AO_R32_Djokovic,1,0.825581843001401,1,0.8004035748521048,1,0.9054323747253009,1,0.9694980996891289,1,0.8230503246753247,1
2023_AO_R16_Djokovic,1,0.9372851226067406,1,0.939064652034059,1,0.9854097283175404,1,0.9999994082949986,1,0.9790153318903319,1
2023_AO_R16_Djokovic,1,0.9532998145998638,1,0.9531898376529634,1,0.9990584887470192,1,0.999999999793413,1,0.9661984126984124,1
2023_AO_R16_Djokovic,1,0.9369214230720023,1,0.9332854234012303,1,0.9571015411077246,1,0.9997636405656217,1,0.8633531746031744,1
2023_AO_QF_Djokovic,1,0.8817237404296052,1,0.8879773451243643,1,0.8324673244024593,1,0.9132191845223373,1,0.8849186507936508,1
2023_AO_QF_Djokovic,1,0.9786754772205303,1,0.9806055499209756,1,0.9949206357340659,1,0.9979892421844312,1,0.9763928571428571,1
2023_AO_QF_Djokovic,1,0.9002208483339501,1,0.9381060624165052,1,0.9271748257218324,1,0.970268734313031,1,0.9231111111111112,1
2023_AO_SF_Djokovic,1,0.7617227913655917,1,0.7332732593799991,1,0.6721817082355094,0,0.8986081681921987,1,0.5861239177489178,0
2023_AO_SF_Djokovic,1,0.9618538607028839,1,0.9534513796331927,1,0.9964242914348849,1,0.9971559297765237,1,0.976452380952381,1
2023_AO_SF_Djokovic,1,0.9634522531367204,1,0.9546671624235602,1,0.9952545365859182,1,0.9950282446866595,1,0.9805595238095239,1
2023_AO_F_Djokovic,1,0.8733004022867487,1,0.9133911663872162,1,0.9887478692390738,1,0.9855613402301644,1,0.9131666666666667,1
2023_AO_F_Djokovic,1,0.2219343545845408,0,0.36745198917633365,0,0.178094240201338,0,0.17602157626108697,0,0.3432949134199134,0
2023_AO_F_Djokovic,1,0.8590915830937803,1,0.9035086769874557,1,0.9412214626955594,1,0.9742046770134546,1,0.8274305555555553,1
2023_USO_R128_Djokovic,1,0.9516294137205764,1,0.9491355492483882,1,0.9990466867032,1,0.9999999999465106,1,0.9598928571428571,1
2023_USO_R128_Djokovic,1,0.9507461938768559,1,0.952049195510605,1,0.9993152590425372,1,0.9999999996590918,1,0.9720892857142858,1
2023_USO_R128_Djokovic,1,0.8932752054331199,1,0.7898266523968483,0,0.9494918642092408,1,0.9999907553102397,1,0.821827380952381,1
2023_USO_R64_Djokovic,1,0.9524270606675347,1,0.9518020000698618,1,0.9976676412305582,1,0.9999999987809602,1,0.9818928571428573,1
2023_USO_R64_Djokovic,1,0.9563268988249322,1,0.9552650455290155,1,0.9999659534213718,1,0.9999999999999951,1,0.9850039682539683,1
2023_USO_R64_Djokovic,1,0.9510482182898268,1,0.9467359559632592,1,0.9969540904105202,1,0.9999999918987145,1,0.9955714285714286,1
2023_USO_R32_Djokovic,0,0.4617843541619078,0,0.23162844165200372,0,0.04631886921140464,0,0.03881259048980719,0,0.5105021645021643,0
2023_USO_R32_Djokovic,0,0.5272110990608425,0,0.36659930283078335,0,0.23343214891602754,0,0.44109234669690833,0,0.5379188311688311,0
2023_USO_R32_Djokovic,1,0.9161676761265314,1,0.9526227244092993,1,0.9970351002203344,1,0.9993124586673522,1,0.9597321428571428,1
2023_USO_R32_Djokovic,1,0.9293608124819542,1,0.96619315308678,1,0.9992253825903217,1,0.9998902051687977,1,0.9769285714285714,1
2023_USO_R32_Djokovic,1,0.8928521651182075,1,0.9406007685094879,1,0.9908242128515369,1,0.9963161820522266,1,0.9553412698412697,1
2023_USO_R16_Djokovic,1,0.9366626261654963,1,0.9678257624512074,1,0.9993693300714045,1,0.9997794578745804,1,0.9110158730158731,1
2023_USO_R16_Djokovic,1,0.9318053823548929,1,0.9048449260572645,1,0.9799937695355799,1,0.994452236198853,1,0.8434484126984125,1
2023_USO_R16_Djokovic,1,0.8619751085756824,1,0.7746421471654021,0,0.8399650668658337,0,0.9482214328994019,1,0.7494047619047616,0
2023_USO_QF_Djokovic,1,0.9760885355678509,1,0.9609398748918823,1,0.956202397874112,1,0.9764832447820293,1,0.8598234126984127,1
2023_USO_QF_Djokovic,1,0.8166544523079091,1,0.8660446608288854,1,0.637758280963159,0,0.8038417595134565,0,0.8005555555555552,1
2023_USO_QF_Djokovic,1,0.9480886272862813,1,0.9309292742453769,1,0.9723875745294291,1,0.984872229102563,1,0.8127056277056277,1
2023_USO_SF_Djokovic,1,0.7991683870319516,1,0.7825178262203157,1,0.8981947820778374,1,0.8410495063583407,1,0.8457341269841271,1
2023_USO_SF_Djokovic,1,0.9527495394887155,1,0.9490475219520438,1,0.9918635179883802,1,0.991759536695475,1,0.8298928571428568,1
2023_USO_SF_Djokovic,1,0.7581636839332934,1,0.7037557902672823,0,0.9782903423878189,1,0.9806974051032277,1,0.6469900793650794,0
2023_USO_F_Djokovic,1,0.8685021222357362,1,0.8746424372271657,1,0.944466644052598,1,0.9640942202037188,1,0.9398095238095239,1
2023_USO_F_Djokovic,1,0.20858699121461605,0,0.26449733389999674,0,0.006310090844487419,0,0.0053366420883312225,0,0.33246554834054814,0
2023_USO_F_Djokovic,1,0.8904843312626789,1,0.9194427837564024,1,0.8986745476070306,1,0.9718167444004288,1,0.8977083333333334,1
2024_AO_R128_Djokovic,1,0.9817669896794067,1,0.9771062530862133,1,0.9986900120707042,1,0.9989158604688528,1,0.978875,1
2024_AO_R128_Djokovic,0,0.8268196281987467,1,0.8906482857696926,1,0.8111484111780105,1,0.7054035775373737,0,0.8898690476190477,1
2024_AO_R128_Djokovic,1,0.9251596330853736,1,0.9634426270983235,1,0.9654109523693164,1,0.9725029014986571,1,0.9754999999999999,1
2024_AO_R128_Djokovic,1,0.9084741733275106,1,0.9582631559061942,1,0.9651917485972626,1,0.9632905417193964,1,0.9553333333333335,1
2024_AO_R64_Djokovic,1,0.9512483730608341,1,0.9430897478782471,1,0.9943625247640392,1,0.9976914138243727,1,0.9966666666666666,1
2024_AO_R64_Djokovic,0,0.5771689468615169,0,0.6304688980956527,0,0.21745372805680835,0,0.4071710818436135,0,0.7742646103896105,1
2024_AO_R64_Djokovic,1,0.7761511736020253,1,0.7467768506020814,1,0.2868706944188591,0,0.7609542861204368,0,0.5771998556998555,0
2024_AO_R64_Djokovic,1,0.9198909950666072,1,0.9365593183639065,1,0.822537194980775,1,0.9263121118562841,1,0.9761666666666664,1
2024_AO_R32_Djokovic,1,0.9368374587119704,1,0.8181187851077966,1,0.9882519128167336,1,0.9999999752653066,1,0.9014007936507936,1
2024_AO_R32_Djokovic,1,0.8849096985308244,1,0.7827184026888382,0,0.9724068652134176,1,0.9999889439707805,1,0.9307420634920635,1
2024_AO_R32_Djokovic,1,0.6314246870652566,0,0.6400134828455954,0,0.3373754454950526,0,0.9459530827100194,1,0.4972611832611832,0
2024_AO_R16_Djokovic,1,0.9263329581289065,1,0.9624422294594892,1,0.9985398559169482,1,0.9997005017909676,1,0.9127104978354975,1
2024_AO_R16_Djokovic,1,0.9271301133079923,1,0.9573417872142466,1,0.9951075907945096,1,0.9992056438522531,1,0.8998511904761906,1
2024_AO_R16_Djokovic,1,0.7955135552795972,1,0.7150554492082059,0,0.8352168557934941,1,0.9032333460020033,1,0.7715676406926407,0
2024_AO_QF_Djokovic,1,0.5732181112867494,0,0.5761212545153863,0,0.606285746748274,0,0.5740220379898376,0,0.4679004329004332,0
2024_AO_QF_Djokovic,0,0.3211966757366192,0,0.33381294451651283,0,0.3550311908500441,0,0.17032865360932015,0,0.4651725080475082,0
2024_AO_QF_Djokovic,1,0.9355439400671272,1,0.9640609564471285,1,0.996914059802997,1,0.9994974443378902,1,0.9275555555555557,1
2024_AO_QF_Djokovic,1,0.9210044640606022,1,0.8287181565644519,1,0.9718437250503351,1,0.9899594909504906,1,0.8658954517704517,1
2024_AO_SF_Djokovic,0,0.19192138620234833,0,0.07144708775493418,0,0.0037858425670382802,0,0.0020445109184468193,0,0.2957472943722944,0
2024_AO_SF_Djokovic,0,0.2722632547365187,0,0.22932140586086056,0,0.12167311384663676,0,0.05238707898886247,0,0.37310245310245316,0
2024_AO_SF_Djokovic,1,0.36809214433245874,0,0.36210634699074523,0,0.11547938106783592,0,0.08623699088017371,0,0.37404888167388156,0
2024_AO_SF_Djokovic,0,0.34943282005466786,0,0.35405697600949876,0,0.1798190785956159,0,0.0787995130655379,0,0.363179834054834,0
2024_USO_R128_Djokovic,1,0.960608397319231,1,0.9379356515765421,1,0.994008160626641,1,0.9935612446407469,1,0.8850198412698415,1
2024_USO_R128_Djokovic,1,0.9843416756053894,1,0.9713438914684929,1,0.9705951153483815,1,0.9873752320170418,1,0.894827380952381,1
2024_USO_R128_Djokovic,1,0.7539851756526449,1,0.7749802163772456,0,0.46673194581786714,0,0.3886176206999498,0,0.8463690476190477,1
2024_USO_R64_Djokovic,1,0.8358023301283032,1,0.8486512085978937,1,0.9186093240718843,1,0.8792496633460863,1,0.6424392829392831,0
2024_USO_R64_Djokovic,1,0.9143204504062634,1,0.93002008766363,1,0.970525606922413,1,0.9685153649638287,1,0.7632408424908422,0
2024_USO_R64_Djokovic,1,0.8463079867027838,1,0.6773524325533329,0,0.777693608128273,1,0.7041222170959359,0,0.7286546092796092,0
2024_USO_R32_Djokovic,0,0.5078316303125361,0,0.40451471135512346,0,0.6052431455287758,0,0.46601364047485966,0,0.6528531746031746,0
2024_USO_R32_Djokovic,0,0.21180327190594836,0,0.09730704169411715,0,0.03206207144896377,0,0.019508034904190546,0,0.4458852813852813,0
2024_USO_R32_Djokovic,1,0.9933121885635202,1,0.9792486359220857,1,0.9934408322227603,1,0.9977290334846503,1,0.896345238095238,1
2024_USO_R32_Djokovic,0,0.44787335384294275,0,0.5082116477236122,0,0.07271774622333844,0,0.050966801898974616,0,0.686615079365079,0
