seed,backhand_rank,top_six
42,6,Service Breaks | Total Returns | Total Points Won | Unforced Errors | 2nd Serve Pts Won  | Backhand Returns
142,6,Service Breaks | Total Returns | Total Points Won | Unforced Errors | 2nd Serve Pts Won  | Backhand Returns
242,6,Service Breaks | Total Returns | Total Points Won | Unforced Errors | 2nd Serve Pts Won  | Backhand Returns
342,6,Service Breaks | Total Returns | Total Points Won | Unforced Errors | 2nd Serve Pts Won  | Backhand Returns
442,6,Service Breaks | Total Returns | Total Points Won | Unforced Errors | 2nd Serve Pts Won  | Backhand Returns
542,6,Service Breaks | Total Returns | Total Points Won | Unforced Errors | 2nd Serve Pts Won  | Backhand Returns
642,6,Service Breaks | Total Returns | Total Points Won | Unforced Errors | 2nd Serve Pts Won  | Backhand Returns
742,6,Service Breaks | Total Returns | Total Points Won | Unforced Errors | 2nd Serve Pts Won  | Backhand Returns
842,6,Service Breaks | Total Returns | Total Points Won | Unforced Errors | 2nd Serve Pts Won  | Backhand Returns
942,6,Service Breaks | Total Returns | Total Points Won | Unforced Errors | 2nd Serve Pts Won  | Backhand Returns
1042,6,Service Breaks | Total Returns | Total Points Won | Unforced Errors | 2nd Serve Pts Won  | Backhand Returns
1142,6,Service Breaks | Total Returns | Total Points Won | Unforced Errors | 2nd Serve Pts Won  | Backhand Returns
1242,6,Service Breaks | Total Returns | Total Points Won | Unforced Errors | 2nd Serve Pts Won  | Backhand Returns
1342,6,Service Breaks | Total Returns | Total Points Won | Unforced Errors | 2nd Serve Pts Won  | Backhand Returns
1442,6,Service Breaks | Total Returns | Total Points Won | Unforced Errors | 2nd Serve Pts Won  | Backhand Returns
1542,6,Service Breaks | Total Returns | Total Points Won | Unforced Errors | 2nd Serve Pts Won  | Backhand Returns
1642,6,Service Breaks | Total Returns | Total Points Won | Unforced Errors | 2nd Serve Pts Won  | Backhand Returns
1742,6,Service Breaks | Total Returns | Total Points Won | Unforced Errors | 2nd Serve Pts Won  | Backhand Returns
1842,6,Service Breaks | Total Returns | Total Points Won | Unforced Errors | 2nd Serve Pts Won  | Backhand Returns
1942,6,Service Breaks | Total Returns | Total Points Won | Unforced Errors | 2nd Serve Pts Won  | Backhand Returns
2042,6,Service Breaks | Total Returns | Total Points Won | Unforced Errors | 2nd Serve Pts Won  | Backhand Returns
2142,6,Service Breaks | Total Returns | Total Points Won | Unforced Errors | 2nd Serve Pts Won  | Backhand Returns
2242,6,Service Breaks | Total Returns | Total Points Won | Unforced Errors | 2nd Serve Pts Won  | Backhand Returns
2342,6,Service Breaks | Total Returns | Total Points Won | Unforced Errors | 2nd Serve Pts Won  | Backhand Returns
2442,6,Service Breaks | Total Returns | Total Points Won | Unforced Errors | 2nd Serve Pts Won  | Backhand Returns
2542,6,Service Breaks | Total Returns | Total Points Won | Unforced Errors | 2nd Serve Pts Won  | Backhand Returns
2642,6,Service Breaks | Total Returns | Total Points Won | Unforced Errors | 2nd Serve Pts Won  | Backhand Returns
2742,6,Service Breaks | Total Returns | Total Points Won | Unforced Errors | 2nd Serve Pts Won  | Backhand Returns
2842,6,Service Breaks | Total Returns | Total Points Won | Unforced Errors | 2nd Serve Pts Won  | Backhand Returns
2942,6,Service Breaks | Total Returns | Total Points Won | Unforced Errors | 2nd Serve Pts Won  | Backhand Returns
