model,feature,mean_abs_shap,rank_low,rank_high,display_order,screen_retained
LR,Break Points,0.003054906191864813,24,24,24,True
LR,Service Breaks,0.10250049356565868,2,2,2,True
LR,Drive Returns,0.021606217585614335,10,10,10,True
LR,Slice/Block Returns,0.0012723539152019827,29,29,29,True
LR,Total Returns,0.14941712325801013,1,1,1,True
LR,Backhand Returns,0.06713473365171022,4,4,4,True
LR,Backhand Returns Won,0.0,31,34,31,False
LR,Backhand Return Win ,0.0019341667416774798,26,26,26,True
LR,Forehand Returns,0.05022347463549694,5,5,5,True
LR,Forehand Returns Won,0.0,31,34,32,False
LR,Forehand Return Win ,0.014126977355273837,13,13,13,True
LR,Drive (3rd Shot),0.0032446803123178324,23,23,23,True
LR,Slice/Block (3rd Shot),0.002530682429136168,25,25,25,True
LR,Aces,0.0018323793979468212,28,28,28,True
LR,Double Faults,0.04460658075541407,6,6,6,True
LR,1st Serve In ,0.01554132357261249,11,11,11,True
LR,2nd Serve In ,0.009329037829623287,15,15,15,True
LR,1st Serve Pts Won ,0.02334931042188849,9,9,9,True
LR,2nd Serve Pts Won ,0.0251208810451679,8,8,8,True
LR,1st Serve Speed (km/h),0.0036740527386355812,22,22,22,True
LR,2nd Serve Speed (km/h),0.009610447954762128,14,14,14,True
LR,Unforced Errors,0.031214780841722585,7,7,7,True
LR,Forehand Avg Speed,0.0019033674818071133,27,27,27,True
LR,Backhand Avg Speed,0.014347729555804193,12,12,12,True
LR,Rally ≤4 Shots,0.005152442096998016,19,19,19,True
LR,Rally 5–9 Shots,0.006779986576007447,16,16,16,True
LR,Rally ≥10 Shots,0.005848925583418227,17,17,17,True
LR,Total Points Won,0.08079171726000331,3,3,3,True
LR,Net Approaches,0.003829147214093246,20,20,20,True
LR,Winners,0.0,31,34,33,False
LR,Distance per Set (m),0.0037733180010182435,21,21,21,True
LR,Forecourt Short Balls,0.0010609732573714896,30,30,30,True
LR,Midcourt Balls,0.0,31,34,34,False
LR,Backcourt Deep Balls,0.005196849079028397,18,18,18,True
Ridge,Break Points,0.0024104081662713493,24,24,24,True
Ridge,Service Breaks,0.10699646036667712,2,2,2,True
Ridge,Drive Returns,0.023680444983390246,9,9,9,True
Ridge,Slice/Block Returns,0.0018156285848841748,28,28,28,True
Ridge,Total Returns,0.13582169670780772,1,1,1,True
Ridge,Backhand Returns,0.05785340460262724,4,4,4,True
Ridge,Backhand Returns Won,0.0,31,34,31,False
Ridge,Backhand Return Win ,0.0016030812162972567,29,29,29,True
Ridge,Forehand Returns,0.043187810594933235,6,6,6,True
Ridge,Forehand Returns Won,0.0,31,34,32,False
Ridge,Forehand Return Win ,0.014235392938826637,12,12,12,True
Ridge,Drive (3rd Shot),0.0026584200475525048,23,23,23,True
Ridge,Slice/Block (3rd Shot),0.0019732869699305355,26,26,26,True
Ridge,Aces,0.0018971865990113864,27,27,27,True
Ridge,Double Faults,0.04509325064163515,5,5,5,True
Ridge,1st Serve In ,0.015824764708880064,11,11,11,True
Ridge,2nd Serve In ,0.008708038774520881,15,15,15,True
Ridge,1st Serve Pts Won ,0.023541428069110314,10,10,10,True
Ridge,2nd Serve Pts Won ,0.026052263854456154,8,8,8,True
Ridge,1st Serve Speed (km/h),0.005171298868066884,18,18,18,True
Ridge,2nd Serve Speed (km/h),0.009964813280253585,14,14,14,True
Ridge,Unforced Errors,0.03410787799192415,7,7,7,True
Ridge,Forehand Avg Speed,0.0022092366412579615,25,25,25,True
Ridge,Backhand Avg Speed,0.013574387047283526,13,13,13,True
Ridge,Rally ≤4 Shots,0.003659409234421983,21,21,21,True
Ridge,Rally 5–9 Shots,0.007348859897466249,16,16,16,True
Ridge,Rally ≥10 Shots,0.004712052594086347,20,20,20,True
Ridge,Total Points Won,0.08176899599266398,3,3,3,True
Ridge,Net Approaches,0.004762072876752306,19,19,19,True
Ridge,Winners,0.0,31,34,33,False
Ridge,Distance per Set (m),0.0029476627239457464,22,22,22,True
Ridge,Forecourt Short Balls,0.0010495230979574977,30,30,30,True
Ridge,Midcourt Balls,0.0,31,34,34,False
Ridge,Backcourt Deep Balls,0.005406298753772172,17,17,17,True
Lasso,Break Points,9.777647482570975e-05,30,30,30,True
Lasso,Service Breaks,0.16860557883066865,1,1,1,True
Lasso,Drive Returns,0.00012762924561159666,10,10,10,True
Lasso,Slice/Block Returns,0.00010886336107109563,26,26,26,True
Lasso,Total Returns,0.0001337241685430216,8,8,8,True
Lasso,Backhand Returns,0.0001305805804945923,9,9,9,True
Lasso,Backhand Returns Won,0.0,31,34,31,False
Lasso,Backhand Return Win ,0.00012299151312944754,14,14,14,True
Lasso,Forehand Returns,0.00011884926240106023,20,20,20,True
Lasso,Forehand Returns Won,0.0,31,34,32,False
Lasso,Forehand Return Win ,0.00010800930587208859,28,28,28,True
Lasso,Drive (3rd Shot),0.00010996046778671531,25,25,25,True
Lasso,Slice/Block (3rd Shot),0.0001157984777190989,22,22,22,True
Lasso,Aces,0.00011902394441950335,19,19,19,True
Lasso,Double Faults,0.00012710891998090452,11,11,11,True
Lasso,1st Serve In ,0.00010797278320625785,29,29,29,True
Lasso,2nd Serve In ,0.00012617956788169672,13,13,13,True
Lasso,1st Serve Pts Won ,0.00012031679999583045,15,15,15,True
Lasso,2nd Serve Pts Won ,0.03319281636850411,2,2,2,True
Lasso,1st Serve Speed (km/h),0.00014325951908836796,4,4,4,True
Lasso,2nd Serve Speed (km/h),0.00011865522986675825,21,21,21,True
Lasso,Unforced Errors,0.020058858017776682,3,3,3,True
Lasso,Forehand Avg Speed,0.00011053988505495354,24,24,24,True
Lasso,Backhand Avg Speed,0.00010864155988430375,27,27,27,True
Lasso,Rally ≤4 Shots,0.0001199378687908941,17,17,17,True
Lasso,Rally 5–9 Shots,0.00012005275321663581,16,16,16,True
Lasso,Rally ≥10 Shots,0.00014044142412395042,5,5,5,True
Lasso,Total Points Won,0.0001266087791268076,12,12,12,True
Lasso,Net Approaches,0.0001338244144114495,7,7,7,True
Lasso,Winners,0.0,31,34,33,False
Lasso,Distance per Set (m),0.00011301722607856636,23,23,23,True
Lasso,Forecourt Short Balls,0.00011988526315917413,18,18,18,True
Lasso,Midcourt Balls,0.0,31,34,34,False
Lasso,Backcourt Deep Balls,0.0001362583719733382,6,6,6,True
RF,Break Points,0.002122906275870088,13,13,13,True
RF,Service Breaks,0.23450801343989097,1,1,1,True
RF,Drive Returns,0.000538520964614737,28,28,28,True
RF,Slice/Block Returns,0.0029717819928243598,11,11,11,True
RF,Total Returns,0.0011679242380043828,20,20,20,True
RF,Backhand Returns,0.001022542888694193,22,22,22,True
RF,Backhand Returns Won,0.0,31,34,31,False
RF,Backhand Return Win ,0.0030990806685144597,10,10,10,True
RF,Forehand Returns,0.0011671591919910262,21,21,21,True
RF,Forehand Returns Won,0.0,31,34,32,False
RF,Forehand Return Win ,0.0014844723484146488,18,18,18,True
RF,Drive (3rd Shot),0.00041683121311214744,30,30,30,True
RF,Slice/Block (3rd Shot),0.0019317155896643521,14,14,14,True
RF,Aces,0.0006142278558376663,26,26,26,True
RF,Double Faults,0.008179724144581752,4,4,4,True
RF,1st Serve In ,0.0008374416034674589,24,24,24,True
RF,2nd Serve In ,0.003699961754814851,7,7,7,True
RF,1st Serve Pts Won ,0.0018332039816859867,17,17,17,True
RF,2nd Serve Pts Won ,0.006570672483485649,5,5,5,True
RF,1st Serve Speed (km/h),0.0052096075457920875,6,6,6,True
RF,2nd Serve Speed (km/h),0.003275753840983486,9,9,9,True
RF,Unforced Errors,0.021409372871735895,3,3,3,True
RF,Forehand Avg Speed,0.0007243175329102933,25,25,25,True
RF,Backhand Avg Speed,0.0005955894938469628,27,27,27,True
RF,Rally ≤4 Shots,0.001009970080217416,23,23,23,True
RF,Rally 5–9 Shots,0.0018343994762730776,16,16,16,True
RF,Rally ≥10 Shots,0.0005250714806542361,29,29,29,True
RF,Total Points Won,0.02597670928616768,2,2,2,True
RF,Net Approaches,0.0033513458112408414,8,8,8,True
RF,Winners,0.0,31,34,33,False
RF,Distance per Set (m),0.0027656460829101046,12,12,12,True
RF,Forecourt Short Balls,0.0018773112751598105,15,15,15,True
RF,Midcourt Balls,0.0,31,34,34,False
RF,Backcourt Deep Balls,0.0012572996295776612,19,19,19,True
GB,Break Points,0.0011910777969595093,19,19,19,True
GB,Service Breaks,0.20329787190459592,1,1,1,True
GB,Drive Returns,0.0007987415757918368,24,24,24,True
GB,Slice/Block Returns,0.0005894780590536374,26,26,26,True
GB,Total Returns,0.001011858465904555,22,22,22,True
GB,Backhand Returns,0.001248225324749966,18,18,18,True
GB,Backhand Returns Won,0.0,31,34,31,False
GB,Backhand Return Win ,0.0016423346143039155,13,13,13,True
GB,Forehand Returns,0.0013756027616686026,17,17,17,True
GB,Forehand Returns Won,0.0,31,34,32,False
GB,Forehand Return Win ,0.0011048562953418618,21,21,21,True
GB,Drive (3rd Shot),0.0006216850394695748,25,25,25,True
GB,Slice/Block (3rd Shot),0.0037417963804180407,10,10,10,True
GB,Aces,0.0005350171639819448,27,27,27,True
GB,Double Faults,0.004834040513156554,8,8,8,True
GB,1st Serve In ,0.004517858153121741,9,9,9,True
GB,2nd Serve In ,0.009369069166343693,5,5,5,True
GB,1st Serve Pts Won ,0.006785404629607113,6,6,6,True
GB,2nd Serve Pts Won ,0.018203244420578905,4,4,4,True
GB,1st Serve Speed (km/h),0.005132978681696739,7,7,7,True
GB,2nd Serve Speed (km/h),0.0023372309349350877,12,12,12,True
GB,Unforced Errors,0.022744949674830036,3,3,3,True
GB,Forehand Avg Speed,0.00098109226253006,23,23,23,True
GB,Backhand Avg Speed,0.00041644001819216524,28,28,28,True
GB,Rally ≤4 Shots,0.0014051246421171344,15,15,15,True
GB,Rally 5–9 Shots,0.0014011276488868599,16,16,16,True
GB,Rally ≥10 Shots,0.0004126678483136178,29,29,29,True
GB,Total Points Won,0.03935485192388126,2,2,2,True
GB,Net Approaches,0.0030325145715469704,11,11,11,True
GB,Winners,0.0,31,34,33,False
GB,Distance per Set (m),0.0011147835051876687,20,20,20,True
GB,Forecourt Short Balls,0.0015826376461301275,14,14,14,True
GB,Midcourt Balls,0.0,31,34,34,False
GB,Backcourt Deep Balls,0.00036290872741481046,30,30,30,True
SVR,Break Points,0.02240202956058502,6,6,6,True
SVR,Service Breaks,0.1001791361119857,1,1,1,True
SVR,Drive Returns,0.0053751036149844635,20,20,20,True
SVR,Slice/Block Returns,0.007101046477731769,16,16,16,True
SVR,Total Returns,0.020827270257959208,7,7,7,True
SVR,Backhand Returns,0.006857515253564574,18,18,18,True
SVR,Backhand Returns Won,0.0,31,34,31,False
SVR,Backhand Return Win ,0.0034404465607156534,28,28,28,True
SVR,Forehand Returns,0.006865646708114313,17,17,17,True
SVR,Forehand Returns Won,0.0,31,34,32,False
SVR,Forehand Return Win ,0.004118071200080929,25,25,25,True
SVR,Drive (3rd Shot),0.005089635679875698,22,22,22,True
SVR,Slice/Block (3rd Shot),0.008247058963033276,13,13,13,True
SVR,Aces,0.007214160167267156,15,15,15,True
SVR,Double Faults,0.02404995986054425,5,5,5,True
SVR,1st Serve In ,0.005221831997312927,21,21,21,True
SVR,2nd Serve In ,0.012340369075773053,11,11,11,True
SVR,1st Serve Pts Won ,0.01993119167282203,8,8,8,True
SVR,2nd Serve Pts Won ,0.03638286453445336,3,3,3,True
SVR,1st Serve Speed (km/h),0.014431481542809516,9,9,9,True
SVR,2nd Serve Speed (km/h),0.007503202906816374,14,14,14,True
SVR,Unforced Errors,0.03177735966008925,4,4,4,True
SVR,Forehand Avg Speed,0.005860524055400262,19,19,19,True
SVR,Backhand Avg Speed,0.0032335142590501098,29,29,29,True
SVR,Rally ≤4 Shots,0.0040878241995051644,26,26,26,True
SVR,Rally 5–9 Shots,0.004387885230207748,23,23,23,True
SVR,Rally ≥10 Shots,0.008419844662819548,12,12,12,True
SVR,Total Points Won,0.04884837916938463,2,2,2,True
SVR,Net Approaches,0.013145095383449771,10,10,10,True
SVR,Winners,0.0,31,34,33,False
SVR,Distance per Set (m),0.00424468200370092,24,24,24,True
SVR,Forecourt Short Balls,0.0035876370066687127,27,27,27,True
SVR,Midcourt Balls,0.0,31,34,34,False
SVR,Backcourt Deep Balls,0.0029228073914579445,30,30,30,True
AdaB,Break Points,0.0022597870585224855,20,20,20,True
AdaB,Service Breaks,0.17034705413851742,1,1,1,True
AdaB,Drive Returns,0.0019338139418150885,23,23,23,True
AdaB,Slice/Block Returns,0.0036133852862338793,16,16,16,True
AdaB,Total Returns,0.00646886348016334,10,10,10,True
AdaB,Backhand Returns,0.001657134759123995,27,27,27,True
AdaB,Backhand Returns Won,0.0,31,34,31,False
AdaB,Backhand Return Win ,0.0027061728291175946,19,19,19,True
AdaB,Forehand Returns,0.002159996417003255,22,22,22,True
AdaB,Forehand Returns Won,0.0,31,34,32,False
AdaB,Forehand Return Win ,0.007222293195353181,8,8,8,True
AdaB,Drive (3rd Shot),0.0012989344291189614,29,29,29,True
AdaB,Slice/Block (3rd Shot),0.00511801772624767,12,12,12,True
AdaB,Aces,0.0015305997050775735,28,28,28,True
AdaB,Double Faults,0.005294546923982585,11,11,11,True
AdaB,1st Serve In ,0.006875861238610122,9,9,9,True
AdaB,2nd Serve In ,0.01963612662692942,5,5,5,True
AdaB,1st Serve Pts Won ,0.01627734671862583,6,6,6,True
AdaB,2nd Serve Pts Won ,0.023250568749732352,3,3,3,True
AdaB,1st Serve Speed (km/h),0.002174337469440338,21,21,21,True
AdaB,2nd Serve Speed (km/h),0.0036496599477451553,15,15,15,True
AdaB,Unforced Errors,0.020884537630458565,4,4,4,True
AdaB,Forehand Avg Speed,0.0010515747224186572,30,30,30,True
AdaB,Backhand Avg Speed,0.001813037006517932,26,26,26,True
AdaB,Rally ≤4 Shots,0.0040398820278589286,13,13,13,True
AdaB,Rally 5–9 Shots,0.003143163010363698,17,17,17,True
AdaB,Rally ≥10 Shots,0.003123840204573977,18,18,18,True
AdaB,Total Points Won,0.03286431358862982,2,2,2,True
AdaB,Net Approaches,0.00860783810735184,7,7,7,True
AdaB,Winners,0.0,31,34,33,False
AdaB,Distance per Set (m),0.0037546966819615017,14,14,14,True
AdaB,Forecourt Short Balls,0.0018729199933295137,25,25,25,True
AdaB,Midcourt Balls,0.0,31,34,34,False
AdaB,Backcourt Deep Balls,0.0018821970763231958,24,24,24,True
DT,Break Points,0.0005815145196194785,19,19,19,True
DT,Service Breaks,0.15295482992956488,1,1,1,True
DT,Drive Returns,0.0006059563838709859,12,12,12,True
DT,Slice/Block Returns,0.0004897724342012942,27,27,27,True
DT,Total Returns,0.001259626058621662,7,7,7,True
DT,Backhand Returns,0.0005722742552027276,20,20,20,True
DT,Backhand Returns Won,0.0,31,34,31,False
DT,Backhand Return Win ,0.0005836920006503778,18,18,18,True
DT,Forehand Returns,0.007450782814803379,5,5,5,True
DT,Forehand Returns Won,0.0,31,34,32,False
DT,Forehand Return Win ,0.0007012424490157258,9,9,9,True
DT,Drive (3rd Shot),0.0005851981758963927,17,17,17,True
DT,Slice/Block (3rd Shot),0.0058230372930482615,6,6,6,True
DT,Aces,0.0005996646165045689,13,13,13,True
DT,Double Faults,0.0005702694520502957,21,21,21,True
DT,1st Serve In ,0.0005148361378402186,26,26,26,True
DT,2nd Serve In ,0.011252225764652051,4,4,4,True
DT,1st Serve Pts Won ,0.00044583449132422337,30,30,30,True
DT,2nd Serve Pts Won ,0.0005188972519462192,25,25,25,True
DT,1st Serve Speed (km/h),0.0005868566334291702,16,16,16,True
DT,2nd Serve Speed (km/h),0.0005988636782478342,14,14,14,True
DT,Unforced Errors,0.04969332489192488,2,2,2,True
DT,Forehand Avg Speed,0.0004729459724726024,29,29,29,True
DT,Backhand Avg Speed,0.0006454666641946837,11,11,11,True
DT,Rally ≤4 Shots,0.0005305195193468112,24,24,24,True
DT,Rally 5–9 Shots,0.0005602042620258333,22,22,22,True
DT,Rally ≥10 Shots,0.0005566983548081291,23,23,23,True
DT,Total Points Won,0.045834566783551134,3,3,3,True
DT,Net Approaches,0.0006591376554316866,10,10,10,True
DT,Winners,0.0,31,34,33,False
DT,Distance per Set (m),0.00048153113964426403,28,28,28,True
DT,Forecourt Short Balls,0.0007656984937406935,8,8,8,True
DT,Midcourt Balls,0.0,31,34,34,False
DT,Backcourt Deep Balls,0.0005982178978760871,15,15,15,True
KNN,Break Points,0.01768708046160759,6,6,6,True
KNN,Service Breaks,0.04993802689453546,1,1,1,True
KNN,Drive Returns,0.006743419941715066,24,24,24,True
KNN,Slice/Block Returns,0.006960173774817021,22,22,22,True
KNN,Total Returns,0.012251572013599285,9,9,9,True
KNN,Backhand Returns,0.01209840727690376,12,12,12,True
KNN,Backhand Returns Won,0.0,31,34,31,False
KNN,Backhand Return Win ,0.0074887851243776475,20,20,20,True
KNN,Forehand Returns,0.007726049659948765,19,19,19,True
KNN,Forehand Returns Won,0.0,31,34,32,False
KNN,Forehand Return Win ,0.006173735798633406,27,27,27,True
KNN,Drive (3rd Shot),0.006508370782943672,25,25,25,True
KNN,Slice/Block (3rd Shot),0.009126994699603128,14,14,14,True
KNN,Aces,0.009171254048165638,13,13,13,True
KNN,Double Faults,0.012160355353917181,11,11,11,True
KNN,1st Serve In ,0.006759157533266305,23,23,23,True
KNN,2nd Serve In ,0.007398725542107069,21,21,21,True
KNN,1st Serve Pts Won ,0.008772389199804815,16,16,16,True
KNN,2nd Serve Pts Won ,0.025069625728688105,2,2,2,True
KNN,1st Serve Speed (km/h),0.01849645948122541,5,5,5,True
KNN,2nd Serve Speed (km/h),0.012246220171517544,10,10,10,True
KNN,Unforced Errors,0.023130960475494934,3,3,3,True
KNN,Forehand Avg Speed,0.01338839507625611,7,7,7,True
KNN,Backhand Avg Speed,0.008539239481221546,17,17,17,True
KNN,Rally ≤4 Shots,0.003992279262938313,30,30,30,True
KNN,Rally 5–9 Shots,0.004062576598516557,29,29,29,True
KNN,Rally ≥10 Shots,0.009024727883326752,15,15,15,True
KNN,Total Points Won,0.012861640545107873,8,8,8,True
KNN,Net Approaches,0.020478027223943575,4,4,4,True
KNN,Winners,0.0,31,34,33,False
KNN,Distance per Set (m),0.006302432748165393,26,26,26,True
KNN,Forecourt Short Balls,0.008501725017226899,18,18,18,True
KNN,Midcourt Balls,0.0,31,34,34,False
KNN,Backcourt Deep Balls,0.004414839604108837,28,28,28,True
MLP,Break Points,0.021110193938934263,9,9,9,True
MLP,Service Breaks,0.07398046929210825,1,1,1,True
MLP,Drive Returns,0.015637709652335425,16,16,16,True
MLP,Slice/Block Returns,0.04458501016587332,2,2,2,True
MLP,Total Returns,0.017753845903181152,12,12,12,True
MLP,Backhand Returns,0.01228618738234034,22,22,22,True
MLP,Backhand Returns Won,0.0,31,34,31,False
MLP,Backhand Return Win ,0.016178288217198786,15,15,15,True
MLP,Forehand Returns,0.005849023935741067,30,30,30,True
MLP,Forehand Returns Won,0.0,31,34,32,False
MLP,Forehand Return Win ,0.02377192664281704,5,5,5,True
MLP,Drive (3rd Shot),0.022598254296169504,7,7,7,True
MLP,Slice/Block (3rd Shot),0.014471664550683615,18,18,18,True
MLP,Aces,0.012637737445906,21,21,21,True
MLP,Double Faults,0.009946181033716825,27,27,27,True
MLP,1st Serve In ,0.014380261950617193,19,19,19,True
MLP,2nd Serve In ,0.023763058737426727,6,6,6,True
MLP,1st Serve Pts Won ,0.021477750927894928,8,8,8,True
MLP,2nd Serve Pts Won ,0.02742442867876983,4,4,4,True
MLP,1st Serve Speed (km/h),0.011983176244196758,23,23,23,True
MLP,2nd Serve Speed (km/h),0.006153351808949958,29,29,29,True
MLP,Unforced Errors,0.017090930911390405,13,13,13,True
MLP,Forehand Avg Speed,0.010717733100602613,24,24,24,True
MLP,Backhand Avg Speed,0.010595646036257712,25,25,25,True
MLP,Rally ≤4 Shots,0.014772781173298357,17,17,17,True
MLP,Rally 5–9 Shots,0.010119579079533963,26,26,26,True
MLP,Rally ≥10 Shots,0.02046376875706447,11,11,11,True
MLP,Total Points Won,0.03511461233925484,3,3,3,True
MLP,Net Approaches,0.020707002085543096,10,10,10,True
MLP,Winners,0.0,31,34,33,False
MLP,Distance per Set (m),0.016673421719700952,14,14,14,True
MLP,Forecourt Short Balls,0.012993038258188122,20,20,20,True
MLP,Midcourt Balls,0.0,31,34,34,False
MLP,Backcourt Deep Balls,0.006766397612795923,28,28,28,True
GNB,Break Points,0.013471942659759404,6,6,6,True
GNB,Service Breaks,0.06032155885823226,1,1,1,True
GNB,Drive Returns,0.0038735201708161903,23,23,23,True
GNB,Slice/Block Returns,0.01369032086532058,5,5,5,True
GNB,Total Returns,0.011397999412124844,8,8,8,True
GNB,Backhand Returns,0.010250245576693073,11,11,11,True
GNB,Backhand Returns Won,0.0,31,34,31,False
GNB,Backhand Return Win ,0.0018261713826658755,30,30,30,True
GNB,Forehand Returns,0.004461207180756013,21,21,21,True
GNB,Forehand Returns Won,0.0,31,34,32,False
GNB,Forehand Return Win ,0.0052053781222096765,16,16,16,True
GNB,Drive (3rd Shot),0.005927865917409647,14,14,14,True
GNB,Slice/Block (3rd Shot),0.004864379348789876,19,19,19,True
GNB,Aces,0.002902504032666864,26,26,26,True
GNB,Double Faults,0.014738153502690355,4,4,4,True
GNB,1st Serve In ,0.004281977334744274,22,22,22,True
GNB,2nd Serve In ,0.011389619309750671,9,9,9,True
GNB,1st Serve Pts Won ,0.004902105018754085,18,18,18,True
GNB,2nd Serve Pts Won ,0.022672152857852384,3,3,3,True
GNB,1st Serve Speed (km/h),0.011783853671580354,7,7,7,True
GNB,2nd Serve Speed (km/h),0.0029743084544076007,25,25,25,True
GNB,Unforced Errors,0.028449471493104134,2,2,2,True
GNB,Forehand Avg Speed,0.0051090485319193555,17,17,17,True
GNB,Backhand Avg Speed,0.002539107615316528,29,29,29,True
GNB,Rally ≤4 Shots,0.005761789822839392,15,15,15,True
GNB,Rally 5–9 Shots,0.0037787319564335105,24,24,24,True
GNB,Rally ≥10 Shots,0.0027202468365348977,28,28,28,True
GNB,Total Points Won,0.01002695021847184,12,12,12,True
GNB,Net Approaches,0.009031239354177163,13,13,13,True
GNB,Winners,0.0,31,34,33,False
GNB,Distance per Set (m),0.00484370642446264,20,20,20,True
GNB,Forecourt Short Balls,0.01033364887012727,10,10,10,True
GNB,Midcourt Balls,0.0,31,34,34,False
GNB,Backcourt Deep Balls,0.0028444890186409724,27,27,27,True
LDA,Break Points,0.0030751522835862286,23,23,23,True
LDA,Service Breaks,0.09197124732525058,2,2,2,True
LDA,Drive Returns,0.019024490570951364,10,10,10,True
LDA,Slice/Block Returns,0.0016867585101201798,29,29,29,True
LDA,Total Returns,0.13625576188113503,1,1,1,True
LDA,Backhand Returns,0.06242048593224645,4,4,4,True
LDA,Backhand Returns Won,0.0,31,34,31,False
LDA,Backhand Return Win ,0.002207750908201493,27,27,27,True
LDA,Forehand Returns,0.04516346426638417,5,5,5,True
LDA,Forehand Returns Won,0.0,31,34,32,False
LDA,Forehand Return Win ,0.011841578387942949,12,12,12,True
LDA,Drive (3rd Shot),0.002836861717429958,24,24,24,True
LDA,Slice/Block (3rd Shot),0.00245643772344738,25,25,25,True
LDA,Aces,0.0023275233624622032,26,26,26,True
LDA,Double Faults,0.040275801675221365,6,6,6,True
LDA,1st Serve In ,0.0131954168199762,11,11,11,True
LDA,2nd Serve In ,0.007783115664475605,15,15,15,True
LDA,1st Serve Pts Won ,0.019873673558120624,9,9,9,True
LDA,2nd Serve Pts Won ,0.020686470272087427,8,8,8,True
LDA,1st Serve Speed (km/h),0.003217794219423879,22,22,22,True
LDA,2nd Serve Speed (km/h),0.008355537820134196,14,14,14,True
LDA,Unforced Errors,0.02721059469506512,7,7,7,True
LDA,Forehand Avg Speed,0.0020734202784620653,28,28,28,True
LDA,Backhand Avg Speed,0.011384884216256807,13,13,13,True
LDA,Rally ≤4 Shots,0.0047021500893175226,18,18,18,True
LDA,Rally 5–9 Shots,0.006086976689247788,16,16,16,True
LDA,Rally ≥10 Shots,0.005233668170782588,17,17,17,True
LDA,Total Points Won,0.07442143404276651,3,3,3,True
LDA,Net Approaches,0.0037637596561143015,20,20,20,True
LDA,Winners,0.0,31,34,33,False
LDA,Distance per Set (m),0.0034902216553562584,21,21,21,True
LDA,Forecourt Short Balls,0.0013892800967291767,30,30,30,True
LDA,Midcourt Balls,0.0,31,34,34,False
LDA,Backcourt Deep Balls,0.00460024395122775,19,19,19,True
