training_auc_order,feature,shap_rank,mean_absolute_shap,top6,top10
1,Break Points,23,0.0018135735764734072,0,0
1,Service Breaks,1,0.13283696447955715,1,1
1,Drive Returns,10,0.007266393460086284,0,1
1,Slice/Block Returns,18,0.002252861854968152,0,0
1,Total Returns,2,0.04328647951537149,1,1
1,Backhand Returns,6,0.016506885040121152,1,1
1,Backhand Returns Won,31,0.0,0,0
1,Backhand Return Win,28,0.0007974303434099193,0,0
1,Forehand Returns,8,0.012152501792226418,0,1
1,Forehand Returns Won,32,0.0,0,0
1,Forehand Return Win,16,0.003205707259316805,0,0
1,Drive (3rd Shot),30,0.0005911484166996648,0,0
1,Slice/Block (3rd Shot),22,0.0020881194122435802,0,0
1,Aces,29,0.0006880871915188564,0,0
1,Double Faults,7,0.015979771255809166,0,1
1,1st Serve In,15,0.0032462297507173062,0,0
1,2nd Serve In,11,0.004516084667818605,0,0
1,1st Serve Pts Won,9,0.010565986169675195,0,1
1,2nd Serve Pts Won,5,0.02087221938096081,1,1
1,1st Serve Speed (km/h),21,0.0021035738899339764,0,0
1,2nd Serve Speed (km/h),14,0.003461388280517445,0,0
1,Unforced Errors,4,0.02771146156752079,1,1
1,Forehand Avg Speed,26,0.0008474597068159461,0,0
1,Backhand Avg Speed,12,0.004266796279070636,0,0
1,Rally ≤4 Shots,27,0.0008312261413467699,0,0
1,Rally 5–9 Shots,17,0.0026606346653175487,0,0
1,Rally ≥10 Shots,19,0.0022459447235088762,0,0
1,Total Points Won,3,0.0375733202517828,1,1
1,Net Approaches,13,0.00388082129444709,0,0
1,Winners,33,0.0,0,0
1,Distance per Set (m),20,0.0021204156051079087,0,0
1,Forecourt Short Balls,24,0.001747866908415415,0,0
1,Midcourt Balls,34,0.0,0,0
1,Backcourt Deep Balls,25,0.0012306999533591681,0,0
2,Break Points,25,0.0023152416595791435,0,0
2,Service Breaks,1,0.11511992180576779,1,1
2,Drive Returns,13,0.006698905025135777,0,0
2,Slice/Block Returns,8,0.009314012417241991,0,1
2,Total Returns,3,0.03068686243611741,1,1
2,Backhand Returns,9,0.008582445133608025,0,1
2,Backhand Returns Won,31,0.0,0,0
2,Backhand Return Win,20,0.0030478469321388517,0,0
2,Forehand Returns,11,0.007474694028238316,0,0
2,Forehand Returns Won,32,0.0,0,0
2,Forehand Return Win,16,0.004256496790075542,0,0
2,Drive (3rd Shot),17,0.0039207318260391566,0,0
2,Slice/Block (3rd Shot),22,0.002525177401305846,0,0
2,Aces,23,0.0024091705855809995,0,0
2,Double Faults,7,0.010358165381293154,0,1
2,1st Serve In,21,0.0026530104747303196,0,0
2,2nd Serve In,10,0.008566772393684665,0,1
2,1st Serve Pts Won,6,0.010848706693014413,1,1
2,2nd Serve Pts Won,5,0.02181294516369569,1,1
2,1st Serve Speed (km/h),18,0.003635634164403476,0,0
2,2nd Serve Speed (km/h),26,0.0022419725409041965,0,0
2,Unforced Errors,4,0.026227827793294616,1,1
2,Forehand Avg Speed,29,0.0019645328825070806,0,0
2,Backhand Avg Speed,28,0.0021471265996833738,0,0
2,Rally ≤4 Shots,24,0.0023838374605471774,0,0
2,Rally 5–9 Shots,19,0.0031657947801339843,0,0
2,Rally ≥10 Shots,14,0.0050248782670684515,0,0
2,Total Points Won,2,0.03177900925593842,1,1
2,Net Approaches,12,0.006812536277310956,0,0
2,Winners,33,0.0,0,0
2,Distance per Set (m),15,0.004296295842618533,0,0
2,Forecourt Short Balls,27,0.0021900234243462146,0,0
2,Midcourt Balls,34,0.0,0,0
2,Backcourt Deep Balls,30,0.0014808237557874177,0,0
3,Break Points,23,0.0018097412328154545,0,0
3,Service Breaks,1,0.13221636130077488,1,1
3,Drive Returns,10,0.00660035914913359,0,1
3,Slice/Block Returns,20,0.00208658114456372,0,0
3,Total Returns,2,0.04334848882584683,1,1
3,Backhand Returns,6,0.017109436561452782,1,1
3,Backhand Returns Won,31,0.0,0,0
3,Backhand Return Win,27,0.0008429353620535517,0,0
3,Forehand Returns,8,0.012442155758117284,0,1
3,Forehand Returns Won,32,0.0,0,0
3,Forehand Return Win,15,0.0029377127662624978,0,0
3,Drive (3rd Shot),30,0.0006469528577686076,0,0
3,Slice/Block (3rd Shot),21,0.0020756544145727287,0,0
3,Aces,29,0.0007170265283449651,0,0
3,Double Faults,7,0.015275059422406836,0,1
3,1st Serve In,16,0.002908814940264778,0,0
3,2nd Serve In,11,0.004618536671958746,0,0
3,1st Serve Pts Won,9,0.010007276994288985,0,1
3,2nd Serve Pts Won,5,0.020102386459671506,1,1
3,1st Serve Speed (km/h),22,0.0019166414457029693,0,0
3,2nd Serve Speed (km/h),14,0.0032155298497745944,0,0
3,Unforced Errors,4,0.026831626579226508,1,1
3,Forehand Avg Speed,26,0.0008628482024213125,0,0
3,Backhand Avg Speed,12,0.003926269403979086,0,0
3,Rally ≤4 Shots,28,0.0008201167225301751,0,0
3,Rally 5–9 Shots,17,0.0024832007646145835,0,0
3,Rally ≥10 Shots,18,0.002305870866572549,0,0
3,Total Points Won,3,0.03647350050323627,1,1
3,Net Approaches,13,0.003715492230014474,0,0
3,Winners,33,0.0,0,0
3,Distance per Set (m),19,0.00216420403025213,0,0
3,Forecourt Short Balls,24,0.001776523638665653,0,0
3,Midcourt Balls,34,0.0,0,0
3,Backcourt Deep Balls,25,0.0011192045248471178,0,0
4,Break Points,22,0.0019750610493118334,0,0
4,Service Breaks,1,0.12116974742117693,1,1
4,Drive Returns,10,0.008360874614594106,0,1
4,Slice/Block Returns,19,0.0026307613946132432,0,0
4,Total Returns,2,0.05038767905692323,1,1
4,Backhand Returns,6,0.019374074437174586,1,1
4,Backhand Returns Won,31,0.0,0,0
4,Backhand Return Win,28,0.0008296296596324921,0,0
4,Forehand Returns,8,0.014309097741144283,0,1
4,Forehand Returns Won,32,0.0,0,0
4,Forehand Return Win,16,0.0036102415905530363,0,0
4,Drive (3rd Shot),30,0.0006265129245728203,0,0
4,Slice/Block (3rd Shot),23,0.0019272846399302629,0,0
4,Aces,29,0.0007617241303120033,0,0
4,Double Faults,7,0.018196695094093853,0,1
4,1st Serve In,13,0.004084506575776104,0,0
4,2nd Serve In,15,0.0038500231910293422,0,0
4,1st Serve Pts Won,9,0.011290935921137314,0,1
4,2nd Serve Pts Won,5,0.021620733171473592,1,1
4,1st Serve Speed (km/h),17,0.0031677793997655725,0,0
4,2nd Serve Speed (km/h),14,0.003960746825551154,0,0
4,Unforced Errors,4,0.028847124785123465,1,1
4,Forehand Avg Speed,27,0.0008789120230563373,0,0
4,Backhand Avg Speed,11,0.00495988173389881,0,0
4,Rally ≤4 Shots,26,0.0009278261432416945,0,0
4,Rally 5–9 Shots,18,0.002931094543456844,0,0
4,Rally ≥10 Shots,20,0.0025992067669922832,0,0
4,Total Points Won,3,0.03953403237576637,1,1
4,Net Approaches,12,0.00427032057738882,0,0
4,Winners,33,0.0,0,0
4,Distance per Set (m),21,0.0023030031078054005,0,0
4,Forecourt Short Balls,24,0.0017842666596926712,0,0
4,Midcourt Balls,34,0.0,0,0
4,Backcourt Deep Balls,25,0.0014186730965055116,0,0
5,Break Points,28,0.001748260905244262,0,0
5,Service Breaks,1,0.12328049857071617,1,1
5,Drive Returns,10,0.008050937685048857,0,1
5,Slice/Block Returns,11,0.007154153139291001,0,0
5,Total Returns,2,0.04007776919882167,1,1
5,Backhand Returns,7,0.013481020674618519,0,1
5,Backhand Returns Won,31,0.0,0,0
5,Backhand Return Win,23,0.002470196133181818,0,0
5,Forehand Returns,9,0.01089962209666216,0,1
5,Forehand Returns Won,32,0.0,0,0
5,Forehand Return Win,20,0.0029019202224289473,0,0
5,Drive (3rd Shot),17,0.0031032402425879304,0,0
5,Slice/Block (3rd Shot),24,0.002283002012500757,0,0
5,Aces,25,0.00199295913690092,0,0
5,Double Faults,6,0.0137302424823928,1,1
5,1st Serve In,22,0.0026228076353689692,0,0
5,2nd Serve In,12,0.006606045469887025,0,0
5,1st Serve Pts Won,8,0.011874615277825124,0,1
5,2nd Serve Pts Won,5,0.02166388393431432,1,1
5,1st Serve Speed (km/h),21,0.0026654606174027645,0,0
5,2nd Serve Speed (km/h),19,0.002909789376422437,0,0
5,Unforced Errors,4,0.02624496526607038,1,1
5,Forehand Avg Speed,29,0.00161878268345774,0,0
5,Backhand Avg Speed,18,0.0030969324339398707,0,0
5,Rally ≤4 Shots,26,0.0019122885394111924,0,0
5,Rally 5–9 Shots,16,0.0032673490279431392,0,0
5,Rally ≥10 Shots,14,0.004345814614086315,0,0
5,Total Points Won,3,0.037236065471293864,1,1
5,Net Approaches,13,0.005831114951131286,0,0
5,Winners,33,0.0,0,0
5,Distance per Set (m),15,0.0036587824777352305,0,0
5,Forecourt Short Balls,27,0.0017586587324968214,0,0
5,Midcourt Balls,34,0.0,0,0
5,Backcourt Deep Balls,30,0.0012618511409477854,0,0
6,Break Points,29,0.002187909651091174,0,0
6,Service Breaks,1,0.10972960966599227,1,1
6,Drive Returns,10,0.007813434497116266,0,1
6,Slice/Block Returns,12,0.006297829587932749,0,0
6,Total Returns,2,0.045943719421083544,1,1
6,Backhand Returns,6,0.015988652756432797,1,1
6,Backhand Returns Won,31,0.0,0,0
6,Backhand Return Win,22,0.0033389573802086467,0,0
6,Forehand Returns,8,0.01251365591530149,0,1
6,Forehand Returns Won,32,0.0,0,0
6,Forehand Return Win,20,0.003518812049427876,0,0
6,Drive (3rd Shot),21,0.0034757428130122803,0,0
6,Slice/Block (3rd Shot),23,0.0031370427740894506,0,0
6,Aces,25,0.0027041798684397447,0,0
6,Double Faults,7,0.014090906738435988,0,1
6,1st Serve In,26,0.002441309192077285,0,0
6,2nd Serve In,14,0.005607330988804489,0,0
6,1st Serve Pts Won,9,0.012412676341286628,0,1
6,2nd Serve Pts Won,5,0.022010310527703577,1,1
6,1st Serve Speed (km/h),15,0.004514142493189833,0,0
6,2nd Serve Speed (km/h),17,0.00411003908800623,0,0
6,Unforced Errors,4,0.025381406751374524,1,1
6,Forehand Avg Speed,27,0.002431957310810649,0,0
6,Backhand Avg Speed,19,0.003607224751433911,0,0
6,Rally ≤4 Shots,24,0.0027968610029338453,0,0
6,Rally 5–9 Shots,18,0.003694443713034868,0,0
6,Rally ≥10 Shots,13,0.005754126386958514,0,0
6,Total Points Won,3,0.03925016961212741,1,1
6,Net Approaches,11,0.007376704793684422,0,0
6,Winners,33,0.0,0,0
6,Distance per Set (m),16,0.0042980217569841125,0,0
6,Forecourt Short Balls,28,0.002297447404109401,0,0
6,Midcourt Balls,34,0.0,0,0
6,Backcourt Deep Balls,30,0.0016414318752845376,0,0
7,Break Points,28,0.0017458368005501337,0,0
7,Service Breaks,1,0.12273747078928167,1,1
7,Drive Returns,10,0.007471669120533793,0,1
7,Slice/Block Returns,11,0.006958825665018944,0,0
7,Total Returns,2,0.040132027345487584,1,1
7,Backhand Returns,6,0.014040239465645277,1,1
7,Backhand Returns Won,31,0.0,0,0
7,Backhand Return Win,21,0.0024945745854908588,0,0
7,Forehand Returns,9,0.011153069316816666,0,1
7,Forehand Returns Won,32,0.0,0,0
7,Forehand Return Win,18,0.0029290702031060704,0,0
7,Drive (3rd Shot),17,0.0030986300673327832,0,0
7,Slice/Block (3rd Shot),24,0.0022960402196691423,0,0
7,Aces,25,0.0019881716065309643,0,0
7,Double Faults,7,0.01311361962816576,0,1
7,1st Serve In,22,0.0024740612636164764,0,0
7,2nd Serve In,12,0.006707589943703987,0,0
7,1st Serve Pts Won,8,0.011370572231646746,0,1
7,2nd Serve Pts Won,5,0.020990280128186187,1,1
7,1st Serve Speed (km/h),23,0.0024674127847579123,0,0
7,2nd Serve Speed (km/h),20,0.002680817007517212,0,0
7,Unforced Errors,4,0.025475109651312864,1,1
7,Forehand Avg Speed,29,0.0015992962018224939,0,0
7,Backhand Avg Speed,19,0.002819366046895933,0,0
7,Rally ≤4 Shots,26,0.001954223838953156,0,0
7,Rally 5–9 Shots,16,0.0031335923672313583,0,0
7,Rally ≥10 Shots,14,0.004392670842119116,0,0
7,Total Points Won,3,0.03630363948273856,1,1
7,Net Approaches,13,0.005668924982556422,0,0
7,Winners,33,0.0,0,0
7,Distance per Set (m),15,0.0037060684238395306,0,0
7,Forecourt Short Balls,27,0.0017846846422758958,0,0
7,Midcourt Balls,34,0.0,0,0
7,Backcourt Deep Balls,30,0.001191623544047026,0,0
8,Break Points,18,0.003165129090509008,0,0
8,Service Breaks,1,0.124014733993858,1,1
8,Drive Returns,11,0.005307936728410913,0,0
8,Slice/Block Returns,9,0.006777559188600588,0,1
8,Total Returns,4,0.024034811370037202,1,1
8,Backhand Returns,12,0.005296552034573502,0,0
8,Backhand Returns Won,31,0.0,0,0
8,Backhand Return Win,22,0.0026962775243092024,0,0
8,Forehand Returns,14,0.004068869968971441,0,0
8,Forehand Returns Won,32,0.0,0,0
8,Forehand Return Win,16,0.0037324737806802176,0,0
8,Drive (3rd Shot),19,0.0029260956321295706,0,0
8,Slice/Block (3rd Shot),20,0.0028951013823276936,0,0
8,Aces,24,0.0025574483518085245,0,0
8,Double Faults,7,0.010602646574999403,0,1
8,1st Serve In,23,0.0025959442151238573,0,0
8,2nd Serve In,8,0.009190736483632006,0,1
8,1st Serve Pts Won,6,0.01085141391855587,1,1
8,2nd Serve Pts Won,5,0.022392586991886062,1,1
8,1st Serve Speed (km/h),15,0.0038116820600967503,0,0
8,2nd Serve Speed (km/h),25,0.002392059759119431,0,0
8,Unforced Errors,3,0.025733730619842392,1,1
8,Forehand Avg Speed,26,0.002032278126661287,0,0
8,Backhand Avg Speed,29,0.001575496659827591,0,0
8,Rally ≤4 Shots,28,0.0018051408363828497,0,0
8,Rally 5–9 Shots,21,0.002737486281553938,0,0
8,Rally ≥10 Shots,13,0.004658319359051201,0,0
8,Total Points Won,2,0.03230704170706993,1,1
8,Net Approaches,10,0.006764689158286334,0,1
8,Winners,33,0.0,0,0
8,Distance per Set (m),17,0.0036014727142539113,0,0
8,Forecourt Short Balls,27,0.001947488544002051,0,0
8,Midcourt Balls,34,0.0,0,0
8,Backcourt Deep Balls,30,0.0012164852007607618,0,0
9,Break Points,23,0.0021122931638225604,0,0
9,Service Breaks,1,0.12702431346022783,1,1
9,Drive Returns,10,0.0084751500182072,0,1
9,Slice/Block Returns,18,0.0026309397355137832,0,0
9,Total Returns,2,0.05049936968160819,1,1
9,Backhand Returns,5,0.01925891720589619,1,1
9,Backhand Returns Won,31,0.0,0,0
9,Backhand Return Win,28,0.0009283967030092514,0,0
9,Forehand Returns,8,0.014178351093906192,0,1
9,Forehand Returns Won,32,0.0,0,0
9,Forehand Return Win,16,0.003738862810420879,0,0
9,Drive (3rd Shot),30,0.0006893276912280109,0,0
9,Slice/Block (3rd Shot),22,0.002437211949347692,0,0
9,Aces,29,0.0008001624961450274,0,0
9,Double Faults,7,0.018637519615601898,0,1
9,1st Serve In,15,0.00378825908667265,0,0
9,2nd Serve In,11,0.005267236660993999,0,0
9,1st Serve Pts Won,9,0.012324122852396925,0,1
9,2nd Serve Pts Won,6,0.018819627241896474,1,1
9,1st Serve Speed (km/h),21,0.002450788075434977,0,0
9,2nd Serve Speed (km/h),14,0.004036523821024584,0,0
9,Unforced Errors,4,0.02906305671507745,1,1
9,Forehand Avg Speed,26,0.0009858216066512,0,0
9,Backhand Avg Speed,12,0.004978297161634435,0,0
9,Rally ≤4 Shots,27,0.000968883244820887,0,0
9,Rally 5–9 Shots,17,0.0031008307891624135,0,0
9,Rally ≥10 Shots,19,0.002619085973688083,0,0
9,Total Points Won,3,0.04383820712724086,1,1
9,Net Approaches,13,0.004528928716981888,0,0
9,Winners,33,0.0,0,0
9,Distance per Set (m),20,0.0024715164900324022,0,0
9,Forecourt Short Balls,24,0.0020422971852485324,0,0
9,Midcourt Balls,34,0.0,0,0
9,Backcourt Deep Balls,25,0.0014307796778416414,0,0
10,Break Points,22,0.0019786648183226585,0,0
10,Service Breaks,1,0.12040156238761637,1,1
10,Drive Returns,10,0.0075838345851492964,0,1
10,Slice/Block Returns,20,0.002427885010505859,0,0
10,Total Returns,2,0.050460023252477754,1,1
10,Backhand Returns,6,0.020075624372119776,1,1
10,Backhand Returns Won,31,0.0,0,0
10,Backhand Return Win,28,0.0008986262609781905,0,0
10,Forehand Returns,8,0.01464702736801695,0,1
10,Forehand Returns Won,32,0.0,0,0
10,Forehand Return Win,16,0.0032943978630112195,0,0
10,Drive (3rd Shot),30,0.0006924750445421609,0,0
10,Slice/Block (3rd Shot),23,0.0019168387564560089,0,0
10,Aces,29,0.0007999623746798734,0,0
10,Double Faults,7,0.01737453128845779,0,1
10,1st Serve In,14,0.003677625755131996,0,0
10,2nd Serve In,13,0.003942470228567387,0,0
10,1st Serve Pts Won,9,0.010648607701746577,0,1
10,2nd Serve Pts Won,5,0.02072259476330273,1,1
10,1st Serve Speed (km/h),17,0.0028804762649806805,0,0
10,2nd Serve Speed (km/h),15,0.003653127377348881,0,0
10,Unforced Errors,4,0.027820650632113458,1,1
10,Forehand Avg Speed,26,0.0009229939715959125,0,0
10,Backhand Avg Speed,11,0.004561569707564981,0,0
10,Rally ≤4 Shots,27,0.0009166673559145822,0,0
10,Rally 5–9 Shots,18,0.0027270941882094404,0,0
10,Rally ≥10 Shots,19,0.0026687676490231844,0,0
10,Total Points Won,3,0.03821591809735359,1,1
10,Net Approaches,12,0.004052710454717177,0,0
10,Winners,33,0.0,0,0
10,Distance per Set (m),21,0.0023548419264226915,0,0
10,Forecourt Short Balls,24,0.0018176995116512822,0,0
10,Midcourt Balls,34,0.0,0,0
10,Backcourt Deep Balls,25,0.0012888203016976337,0,0
11,Break Points,23,0.0018538201091831193,0,0
11,Service Breaks,1,0.13292128621039948,1,1
11,Drive Returns,10,0.006896677348815863,0,1
11,Slice/Block Returns,18,0.0022795270123936854,0,0
11,Total Returns,2,0.04140628503296074,1,1
11,Backhand Returns,6,0.015782355817777007,1,1
11,Backhand Returns Won,31,0.0,0,0
11,Backhand Return Win,28,0.0008155372518472334,0,0
11,Forehand Returns,8,0.011438677316855238,0,1
11,Forehand Returns Won,32,0.0,0,0
11,Forehand Return Win,15,0.0029573538215967505,0,0
11,Drive (3rd Shot),30,0.0006268485438947778,0,0
11,Slice/Block (3rd Shot),20,0.0021104882978253514,0,0
11,Aces,29,0.0007277738746644385,0,0
11,Double Faults,7,0.015344583691866993,0,1
11,1st Serve In,16,0.0029443263201620823,0,0
11,2nd Serve In,11,0.004688505878579546,0,0
11,1st Serve Pts Won,9,0.010035329458037555,0,1
11,2nd Serve Pts Won,5,0.020235441146712697,1,1
11,1st Serve Speed (km/h),22,0.002059100761941861,0,0
11,2nd Serve Speed (km/h),14,0.003258707488164794,0,0
11,Unforced Errors,4,0.027232786321489275,1,1
11,Forehand Avg Speed,26,0.0008644584640367385,0,0
11,Backhand Avg Speed,13,0.0038186715686616087,0,0
11,Rally ≤4 Shots,27,0.0008325617523808838,0,0
11,Rally 5–9 Shots,17,0.002561610578421835,0,0
11,Rally ≥10 Shots,19,0.002135976298828878,0,0
11,Total Points Won,3,0.03661311175075921,1,1
11,Net Approaches,12,0.0038444075065481404,0,0
11,Winners,33,0.0,0,0
11,Distance per Set (m),21,0.002068632138556626,0,0
11,Forecourt Short Balls,24,0.0017532143644374035,0,0
11,Midcourt Balls,34,0.0,0,0
11,Backcourt Deep Balls,25,0.0011467344793449502,0,0
12,Break Points,25,0.0015106686644385345,0,0
12,Service Breaks,1,0.1272514045806424,1,1
12,Drive Returns,10,0.008735369878415673,0,1
12,Slice/Block Returns,21,0.002015983391072438,0,0
12,Total Returns,2,0.05490763981109195,1,1
12,Backhand Returns,5,0.022196070204051233,1,1
12,Backhand Returns Won,31,0.0,0,0
12,Backhand Return Win,27,0.0008904613319580462,0,0
12,Forehand Returns,8,0.01627887210149614,0,1
12,Forehand Returns Won,32,0.0,0,0
12,Forehand Return Win,13,0.00415383986646667,0,0
12,Drive (3rd Shot),30,0.0007496535536677593,0,0
12,Slice/Block (3rd Shot),22,0.0017864551492775597,0,0
12,Aces,29,0.0008319715209616452,0,0
12,Double Faults,7,0.01900233332481038,0,1
12,1st Serve In,12,0.004376958115125462,0,0
12,2nd Serve In,16,0.0032892642449719083,0,0
12,1st Serve Pts Won,9,0.011673832289240356,0,1
12,2nd Serve Pts Won,6,0.020846121134019593,1,1
12,1st Serve Speed (km/h),20,0.002159019681950726,0,0
12,2nd Serve Speed (km/h),14,0.0040090568257758665,0,0
12,Unforced Errors,4,0.027439582395184497,1,1
12,Forehand Avg Speed,28,0.0008477200289094073,0,0
12,Backhand Avg Speed,11,0.005124839303627305,0,0
12,Rally ≤4 Shots,26,0.0009194729110147131,0,0
12,Rally 5–9 Shots,17,0.00306592429473311,0,0
12,Rally ≥10 Shots,18,0.0025979663428458487,0,0
12,Total Points Won,3,0.04213543743941472,1,1
12,Net Approaches,15,0.003809073143942177,0,0
12,Winners,33,0.0,0,0
12,Distance per Set (m),19,0.0022086664677570867,0,0
12,Forecourt Short Balls,24,0.0015449081180999187,0,0
12,Midcourt Balls,34,0.0,0,0
12,Backcourt Deep Balls,23,0.0016279547372130235,0,0
13,Break Points,15,0.004085953451716329,0,0
13,Service Breaks,1,0.11001042633432082,1,1
13,Drive Returns,10,0.006423543746512984,0,1
13,Slice/Block Returns,25,0.00233833417011341,0,0
13,Total Returns,2,0.044880112844817535,1,1
13,Backhand Returns,7,0.01595654199236036,0,1
13,Backhand Returns Won,31,0.0,0,0
13,Backhand Return Win,26,0.0015938775802406557,0,0
13,Forehand Returns,8,0.011658595367065466,0,1
13,Forehand Returns Won,32,0.0,0,0
13,Forehand Return Win,18,0.003109421920108409,0,0
13,Drive (3rd Shot),30,0.0009860084473152025,0,0
13,Slice/Block (3rd Shot),24,0.002462876110080768,0,0
13,Aces,27,0.001451654271448934,0,0
13,Double Faults,6,0.016420125208755174,1,1
13,1st Serve In,22,0.002562456790137981,0,0
13,2nd Serve In,16,0.004083313672157672,0,0
13,1st Serve Pts Won,9,0.010228407707005484,0,1
13,2nd Serve Pts Won,5,0.021333448666650812,1,1
13,1st Serve Speed (km/h),12,0.004934191964299975,0,0
13,2nd Serve Speed (km/h),14,0.0044604908080104365,0,0
13,Unforced Errors,4,0.027128160994800764,1,1
13,Forehand Avg Speed,23,0.002474127048115589,0,0
13,Backhand Avg Speed,13,0.004773320516404719,0,0
13,Rally ≤4 Shots,29,0.0011236554781021105,0,0
13,Rally 5–9 Shots,20,0.0027475381655715763,0,0
13,Rally ≥10 Shots,17,0.0034462493566867953,0,0
13,Total Points Won,3,0.0345276961202851,1,1
13,Net Approaches,11,0.0060309054746900785,0,0
13,Winners,33,0.0,0,0
13,Distance per Set (m),19,0.002816803540469309,0,0
13,Forecourt Short Balls,21,0.0026778305127990064,0,0
13,Midcourt Balls,34,0.0,0,0
13,Backcourt Deep Balls,28,0.001448477525511462,0,0
14,Break Points,28,0.0017415550181217522,0,0
14,Service Breaks,1,0.12335428008520319,1,1
14,Drive Returns,10,0.007728792287632457,0,1
14,Slice/Block Returns,11,0.007170204800356386,0,0
14,Total Returns,2,0.03843259902671229,1,1
14,Backhand Returns,7,0.012883390466277364,0,1
14,Backhand Returns Won,31,0.0,0,0
14,Backhand Return Win,23,0.0024743023866733694,0,0
14,Forehand Returns,9,0.010275025680712372,0,1
14,Forehand Returns Won,32,0.0,0,0
14,Forehand Return Win,18,0.00292558550458629,0,0
14,Drive (3rd Shot),17,0.003071424509438448,0,0
14,Slice/Block (3rd Shot),24,0.0022779678883897234,0,0
14,Aces,25,0.002003444782160019,0,0
14,Double Faults,6,0.013174453363943383,1,1
14,1st Serve In,22,0.0024892896184443717,0,0
14,2nd Serve In,12,0.006772799961588942,0,0
14,1st Serve Pts Won,8,0.011395293996355364,0,1
14,2nd Serve Pts Won,5,0.021106702979347216,1,1
14,1st Serve Speed (km/h),21,0.0026182492376213003,0,0
14,2nd Serve Speed (km/h),20,0.002721450654785672,0,0
14,Unforced Errors,4,0.02582612442579279,1,1
14,Forehand Avg Speed,29,0.001620988472028371,0,0
14,Backhand Avg Speed,19,0.0027365000021318964,0,0
14,Rally ≤4 Shots,26,0.00188941715608757,0,0
14,Rally 5–9 Shots,16,0.003201667130446404,0,0
14,Rally ≥10 Shots,14,0.004254207673776157,0,0
14,Total Points Won,3,0.03642579932432115,1,1
14,Net Approaches,13,0.005786346330894381,0,0
14,Winners,33,0.0,0,0
14,Distance per Set (m),15,0.0036073995196905,0,0
14,Forecourt Short Balls,27,0.00178269526868988,0,0
14,Midcourt Balls,34,0.0,0,0
14,Backcourt Deep Balls,30,0.0012014121241082692,0,0
15,Break Points,23,0.002707577434494127,0,0
15,Service Breaks,1,0.1174966442461785,1,1
15,Drive Returns,12,0.004737020261796226,0,0
15,Slice/Block Returns,10,0.006921782468265939,0,1
15,Total Returns,4,0.022908410384627657,1,1
15,Backhand Returns,11,0.004787234105193963,0,0
15,Backhand Returns Won,31,0.0,0,0
15,Backhand Return Win,20,0.0029363992444504917,0,0
15,Forehand Returns,15,0.0041369094648729425,0,0
15,Forehand Returns Won,32,0.0,0,0
15,Forehand Return Win,17,0.0037012251562081734,0,0
15,Drive (3rd Shot),19,0.003103980738347842,0,0
15,Slice/Block (3rd Shot),18,0.003113185627149876,0,0
15,Aces,26,0.002342719201206969,0,0
15,Double Faults,7,0.008939227317476456,0,1
15,1st Serve In,25,0.0024250387037696047,0,0
15,2nd Serve In,8,0.00840812783914267,0,1
15,1st Serve Pts Won,6,0.009419592262903948,1,1
15,2nd Serve Pts Won,5,0.0209749915083826,1,1
15,1st Serve Speed (km/h),14,0.004199604130551272,0,0
15,2nd Serve Speed (km/h),21,0.0028249345013835764,0,0
15,Unforced Errors,3,0.024735868183797076,1,1
15,Forehand Avg Speed,24,0.0026531490686751056,0,0
15,Backhand Avg Speed,28,0.0018545060943660555,0,0
15,Rally ≤4 Shots,29,0.0018201497440052776,0,0
15,Rally 5–9 Shots,22,0.002783224087017741,0,0
15,Rally ≥10 Shots,13,0.004610781691191914,0,0
15,Total Points Won,2,0.027742443505167438,1,1
15,Net Approaches,9,0.00731190895847039,0,1
15,Winners,33,0.0,0,0
15,Distance per Set (m),16,0.003891103754051122,0,0
15,Forecourt Short Balls,27,0.0023266793761027747,0,0
15,Midcourt Balls,34,0.0,0,0
15,Backcourt Deep Balls,30,0.0011810633224976206,0,0
16,Break Points,29,0.0006100238297426175,0,0
16,Service Breaks,1,0.14421737211595423,1,1
16,Drive Returns,10,0.005662619916855869,0,1
16,Slice/Block Returns,23,0.00105593632325403,0,0
16,Total Returns,2,0.03908320667115518,1,1
16,Backhand Returns,6,0.01661286462586648,1,1
16,Backhand Returns Won,31,0.0,0,0
16,Backhand Return Win,26,0.000758661347418842,0,0
16,Forehand Returns,8,0.011643664887914351,0,1
16,Forehand Returns Won,32,0.0,0,0
16,Forehand Return Win,14,0.0030343073468978663,0,0
16,Drive (3rd Shot),24,0.00098964952098449,0,0
16,Slice/Block (3rd Shot),19,0.0021273165133352443,0,0
16,Aces,27,0.0006727287980140554,0,0
16,Double Faults,7,0.012436993023919036,0,1
16,1st Serve In,16,0.00288392133807101,0,0
16,2nd Serve In,11,0.00494050696627992,0,0
16,1st Serve Pts Won,9,0.00987243641988656,0,1
16,2nd Serve Pts Won,5,0.020301158098491475,1,1
16,1st Serve Speed (km/h),25,0.0009794622836427087,0,0
16,2nd Serve Speed (km/h),15,0.0029442912463253914,0,0
16,Unforced Errors,4,0.02828572447503323,1,1
16,Forehand Avg Speed,30,0.0005760649855975979,0,0
16,Backhand Avg Speed,12,0.003527686849379522,0,0
16,Rally ≤4 Shots,22,0.0010564627528550966,0,0
16,Rally 5–9 Shots,17,0.0024258557352614435,0,0
16,Rally ≥10 Shots,18,0.002171699371773042,0,0
16,Total Points Won,3,0.038526529044065436,1,1
16,Net Approaches,13,0.003060568385257627,0,0
16,Winners,33,0.0,0,0
16,Distance per Set (m),20,0.001696020194457247,0,0
16,Forecourt Short Balls,28,0.0006577994794763882,0,0
16,Midcourt Balls,34,0.0,0,0
16,Backcourt Deep Balls,21,0.0013674982698221826,0,0
17,Break Points,18,0.004243608611428625,0,0
17,Service Breaks,1,0.12665094513452915,1,1
17,Drive Returns,12,0.007292819722631088,0,0
17,Slice/Block Returns,10,0.00892109781514957,0,1
17,Total Returns,3,0.034789924733518725,1,1
17,Backhand Returns,6,0.012105486413418807,1,1
17,Backhand Returns Won,31,0.0,0,0
17,Backhand Return Win,19,0.003459858153459967,0,0
17,Forehand Returns,8,0.009740824755873952,0,1
17,Forehand Returns Won,32,0.0,0,0
17,Forehand Return Win,16,0.004554869101658529,0,0
17,Drive (3rd Shot),15,0.004689578589203883,0,0
17,Slice/Block (3rd Shot),22,0.003017650434051661,0,0
17,Aces,25,0.0026799601554205878,0,0
17,Double Faults,9,0.009562063420706259,0,1
17,1st Serve In,23,0.0027284735686155795,0,0
17,2nd Serve In,11,0.008149146080647617,0,0
17,1st Serve Pts Won,7,0.012073932369171092,0,1
17,2nd Serve Pts Won,5,0.02168203364035096,1,1
17,1st Serve Speed (km/h),26,0.00267587813992005,0,0
17,2nd Serve Speed (km/h),28,0.0023837732801725788,0,0
17,Unforced Errors,4,0.025824477811210052,1,1
17,Forehand Avg Speed,29,0.0022756853152864987,0,0
17,Backhand Avg Speed,27,0.0024430536606223057,0,0
17,Rally ≤4 Shots,21,0.003349349456898379,0,0
17,Rally 5–9 Shots,20,0.003423214158488459,0,0
17,Rally ≥10 Shots,14,0.005702597230494035,0,0
17,Total Points Won,2,0.03773496148183294,1,1
17,Net Approaches,13,0.006457564149947997,0,0
17,Winners,33,0.0,0,0
17,Distance per Set (m),17,0.004475907733809582,0,0
17,Forecourt Short Balls,24,0.002719874055585099,0,0
17,Midcourt Balls,34,0.0,0,0
17,Backcourt Deep Balls,30,0.001654056094347245,0,0
18,Break Points,21,0.002594639652908489,0,0
18,Service Breaks,1,0.11844293242992891,1,1
18,Drive Returns,10,0.006855080531473331,0,1
18,Slice/Block Returns,29,0.0016087051888418475,0,0
18,Total Returns,2,0.05066487316076862,1,1
18,Backhand Returns,6,0.019935574501583873,1,1
18,Backhand Returns Won,31,0.0,0,0
18,Backhand Return Win,25,0.0016939792412827897,0,0
18,Forehand Returns,8,0.014244354529899679,0,1
18,Forehand Returns Won,32,0.0,0,0
18,Forehand Return Win,15,0.004025096567671712,0,0
18,Drive (3rd Shot),27,0.0016600265575756833,0,0
18,Slice/Block (3rd Shot),20,0.002673821151670751,0,0
18,Aces,28,0.0016338550411852213,0,0
18,Double Faults,7,0.01678084243284538,0,1
18,1st Serve In,18,0.0031625751334653364,0,0
18,2nd Serve In,17,0.0034250962018657787,0,0
18,1st Serve Pts Won,9,0.011139808463406547,0,1
18,2nd Serve Pts Won,5,0.021144439647689365,1,1
18,1st Serve Speed (km/h),14,0.00407251523856109,0,0
18,2nd Serve Speed (km/h),13,0.004861415090967819,0,0
18,Unforced Errors,4,0.026942091543314634,1,1
18,Forehand Avg Speed,23,0.002112817022199963,0,0
18,Backhand Avg Speed,12,0.005163123797047772,0,0
18,Rally ≤4 Shots,30,0.0015277274781471124,0,0
18,Rally 5–9 Shots,19,0.003068099707275787,0,0
18,Rally ≥10 Shots,16,0.0036241321927096702,0,0
18,Total Points Won,3,0.03996596856270269,1,1
18,Net Approaches,11,0.005578898016617972,0,0
18,Winners,33,0.0,0,0
18,Distance per Set (m),22,0.0025786760536743677,0,0
18,Forecourt Short Balls,26,0.001689348665653138,0,0
18,Midcourt Balls,34,0.0,0,0
18,Backcourt Deep Balls,24,0.00202208242708202,0,0
19,Break Points,22,0.0020252821319801505,0,0
19,Service Breaks,1,0.12122397478217843,1,1
19,Drive Returns,10,0.007929539151445284,0,1
19,Slice/Block Returns,19,0.002660710968758045,0,0
19,Total Returns,2,0.048194118827443996,1,1
19,Backhand Returns,6,0.018527363504498035,1,1
19,Backhand Returns Won,31,0.0,0,0
19,Backhand Return Win,28,0.0008613587864096534,0,0
19,Forehand Returns,8,0.013476302519877897,0,1
19,Forehand Returns Won,32,0.0,0,0
19,Forehand Return Win,16,0.003316736116872884,0,0
19,Drive (3rd Shot),30,0.0006802926978513652,0,0
19,Slice/Block (3rd Shot),23,0.0019642574367930237,0,0
19,Aces,29,0.0008112455343288061,0,0
19,Double Faults,7,0.01745564293616131,0,1
19,1st Serve In,14,0.0037214505638026737,0,0
19,2nd Serve In,13,0.004011734668845476,0,0
19,1st Serve Pts Won,9,0.010680716508558629,0,1
19,2nd Serve Pts Won,5,0.020877825231517447,1,1
19,1st Serve Speed (km/h),17,0.003096391810606105,0,0
19,2nd Serve Speed (km/h),15,0.0037062134901942605,0,0
19,Unforced Errors,4,0.028288670331420025,1,1
19,Forehand Avg Speed,26,0.0009182206422479046,0,0
19,Backhand Avg Speed,11,0.004433716874832859,0,0
19,Rally ≤4 Shots,27,0.0009096554615018152,0,0
19,Rally 5–9 Shots,18,0.0028197926681687666,0,0
19,Rally ≥10 Shots,20,0.002470823581976775,0,0
19,Total Points Won,3,0.03837490739809928,1,1
19,Net Approaches,12,0.004212085133900855,0,0
19,Winners,33,0.0,0,0
19,Distance per Set (m),21,0.0022438749283208246,0,0
19,Forecourt Short Balls,24,0.0017905053583849922,0,0
19,Midcourt Balls,34,0.0,0,0
19,Backcourt Deep Balls,25,0.0013208080331506388,0,0
20,Break Points,15,0.004119140565852541,0,0
20,Service Breaks,1,0.11084448508211407,1,1
20,Drive Returns,10,0.007089578057465679,0,1
20,Slice/Block Returns,25,0.002374943179233755,0,0
20,Total Returns,2,0.04481810353434221,1,1
20,Backhand Returns,7,0.01537765567129565,0,1
20,Backhand Returns Won,31,0.0,0,0
20,Backhand Return Win,26,0.001561640229661213,0,0
20,Forehand Returns,8,0.011372757799412348,0,1
20,Forehand Returns Won,32,0.0,0,0
20,Forehand Return Win,18,0.0033647712294226206,0,0
20,Drive (3rd Shot),30,0.0009530050782483392,0,0
20,Slice/Block (3rd Shot),23,0.002472032842668778,0,0
20,Aces,28,0.0014068119208514348,0,0
20,Double Faults,6,0.017124837042157507,1,1
20,1st Serve In,20,0.0029206365370086497,0,0
20,2nd Serve In,16,0.003981471331431426,0,0
20,1st Serve Pts Won,9,0.010775350239388847,0,1
20,2nd Serve Pts Won,5,0.0221032815879401,1,1
20,1st Serve Speed (km/h),12,0.0052073264399816205,0,0
20,2nd Serve Speed (km/h),14,0.004735148295190182,0,0
20,Unforced Errors,4,0.02800799598309506,1,1
20,Forehand Avg Speed,24,0.002414508324644567,0,0
20,Backhand Avg Speed,13,0.005063048086760936,0,0
20,Rally ≤4 Shots,29,0.0011546436058878222,0,0
20,Rally 5–9 Shots,19,0.002923751299591046,0,0
20,Rally ≥10 Shots,17,0.003390478819847191,0,0
20,Total Points Won,3,0.03565750835892464,1,1
20,Net Approaches,11,0.006166379595952337,0,0
20,Winners,33,0.0,0,0
20,Distance per Set (m),21,0.0027666522909633702,0,0
20,Forecourt Short Balls,22,0.0026519309974081017,0,0
20,Midcourt Balls,34,0.0,0,0
20,Backcourt Deep Balls,27,0.0015530645300514158,0,0
21,Break Points,27,0.002029719420293893,0,0
21,Service Breaks,1,0.1122731812131519,1,1
21,Drive Returns,10,0.009105238824977735,0,1
21,Slice/Block Returns,11,0.008185943612132478,0,0
21,Total Returns,2,0.0457061244749303,1,1
21,Backhand Returns,6,0.015504086716392869,1,1
21,Backhand Returns Won,31,0.0,0,0
21,Backhand Return Win,23,0.002711306448652195,0,0
21,Forehand Returns,9,0.012569150096368293,0,1
21,Forehand Returns Won,32,0.0,0,0
21,Forehand Return Win,21,0.0032017079518158317,0,0
21,Drive (3rd Shot),19,0.0034788633479081775,0,0
21,Slice/Block (3rd Shot),25,0.002222266157494802,0,0
21,Aces,24,0.002237981120037262,0,0
21,Double Faults,7,0.015309101661863047,0,1
21,1st Serve In,22,0.0031000540011688355,0,0
21,2nd Serve In,13,0.0062484787922325044,0,0
21,1st Serve Pts Won,8,0.012601764215767626,0,1
21,2nd Serve Pts Won,5,0.022418562119518617,1,1
21,1st Serve Speed (km/h),16,0.003691147197685952,0,0
21,2nd Serve Speed (km/h),20,0.0032792726670883357,0,0
21,Unforced Errors,4,0.027011625306524602,1,1
21,Forehand Avg Speed,29,0.0017869128924455102,0,0
21,Backhand Avg Speed,18,0.0035255437109755336,0,0
21,Rally ≤4 Shots,26,0.0021755842324817994,0,0
21,Rally 5–9 Shots,17,0.0036247879268435624,0,0
21,Rally ≥10 Shots,14,0.004943499164703841,0,0
21,Total Points Won,3,0.03881930242418275,1,1
21,Net Approaches,12,0.006516564515717248,0,0
21,Winners,33,0.0,0,0
21,Distance per Set (m),15,0.004067679847752546,0,0
21,Forecourt Short Balls,28,0.0019196676683957868,0,0
21,Midcourt Balls,34,0.0,0,0
21,Backcourt Deep Balls,30,0.0014462175858132003,0,0
22,Break Points,27,0.0019712067204991075,0,0
22,Service Breaks,1,0.12767818300371628,1,1
22,Drive Returns,13,0.005836202476021885,0,0
22,Slice/Block Returns,9,0.007973603304659304,0,1
22,Total Returns,3,0.02640006526896653,1,1
22,Backhand Returns,10,0.0072575657331461745,0,1
22,Backhand Returns Won,31,0.0,0,0
22,Backhand Return Win,19,0.0027254130713809397,0,0
22,Forehand Returns,11,0.006294441466878451,0,0
22,Forehand Returns Won,32,0.0,0,0
22,Forehand Return Win,16,0.0036952142803066816,0,0
22,Drive (3rd Shot),17,0.0034264966134545005,0,0
22,Slice/Block (3rd Shot),20,0.0025386989123273164,0,0
22,Aces,23,0.002103886664341914,0,0
22,Double Faults,7,0.009284421416061873,0,1
22,1st Serve In,21,0.0025338108898309494,0,0
22,2nd Serve In,8,0.008652126667139418,0,1
22,1st Serve Pts Won,6,0.01026823496967051,1,1
22,2nd Serve Pts Won,5,0.02103697251715119,1,1
22,1st Serve Speed (km/h),22,0.0024816612712522963,0,0
22,2nd Serve Speed (km/h),25,0.002006857411437383,0,0
22,Unforced Errors,4,0.02547361222213774,1,1
22,Forehand Avg Speed,29,0.0017474536440527798,0,0
22,Backhand Avg Speed,28,0.0018525468524018165,0,0
22,Rally ≤4 Shots,24,0.0020479022798391014,0,0
22,Rally 5–9 Shots,18,0.002808806753546183,0,0
22,Rally ≥10 Shots,14,0.004330596698524849,0,0
22,Total Points Won,2,0.030920324104120364,1,1
22,Net Approaches,12,0.006015440217487634,0,0
22,Winners,33,0.0,0,0
22,Distance per Set (m),15,0.003798281221222979,0,0
22,Forecourt Short Balls,26,0.0019731373579328173,0,0
22,Midcourt Balls,34,0.0,0,0
22,Backcourt Deep Balls,30,0.0012614215211698932,0,0
23,Break Points,29,0.0021918032693933175,0,0
23,Service Breaks,1,0.11045740876803947,1,1
23,Drive Returns,10,0.008107289545229029,0,1
23,Slice/Block Returns,12,0.0065037679762673445,0,0
23,Total Returns,2,0.04400151562819751,1,1
23,Backhand Returns,6,0.014663813355179696,1,1
23,Backhand Returns Won,31,0.0,0,0
23,Backhand Return Win,22,0.0033003627828820563,0,0
23,Forehand Returns,9,0.01151017747403944,0,1
23,Forehand Returns Won,32,0.0,0,0
23,Forehand Return Win,19,0.0035169487650239437,0,0
23,Drive (3rd Shot),21,0.0034543868481609116,0,0
23,Slice/Block (3rd Shot),23,0.003119725784404685,0,0
23,Aces,24,0.0027128132547623333,0,0
23,Double Faults,7,0.01415822895951173,0,1
23,1st Serve In,26,0.002451539730606215,0,0
23,2nd Serve In,13,0.00567965853282978,0,0
23,1st Serve Pts Won,8,0.012440890770856422,0,1
23,2nd Serve Pts Won,5,0.02214336521474476,1,1
23,1st Serve Speed (km/h),15,0.004716973930821657,0,0
23,2nd Serve Speed (km/h),17,0.004163294826151301,0,0
23,Unforced Errors,4,0.025784129180050786,1,1
23,Forehand Avg Speed,27,0.0024367718515533074,0,0
23,Backhand Avg Speed,20,0.003511141843429924,0,0
23,Rally ≤4 Shots,25,0.0026844918321537624,0,0
23,Rally 5–9 Shots,18,0.003773600860993006,0,0
23,Rally ≥10 Shots,14,0.005595606604710339,0,0
23,Total Points Won,3,0.039389780859650364,1,1
23,Net Approaches,11,0.007515525043337465,0,0
23,Winners,33,0.0,0,0
23,Distance per Set (m),16,0.0041824927249223915,0,0
23,Forecourt Short Balls,28,0.0022971047768578796,0,0
23,Midcourt Balls,34,0.0,0,0
23,Backcourt Deep Balls,30,0.0016627678260811493,0,0
24,Break Points,25,0.002525385637367474,0,0
24,Service Breaks,1,0.10431099364198362,1,1
24,Drive Returns,10,0.007889189653452885,0,1
24,Slice/Block Returns,12,0.007063370002833986,0,0
24,Total Returns,2,0.04141794021542107,1,1
24,Backhand Returns,7,0.012439123607741008,0,1
24,Backhand Returns Won,31,0.0,0,0
24,Backhand Return Win,22,0.00302120863200382,0,0
24,Forehand Returns,9,0.010220761907910436,0,1
24,Forehand Returns Won,32,0.0,0,0
24,Forehand Return Win,20,0.003186040883523175,0,0
24,Drive (3rd Shot),21,0.0031323105264367186,0,0
24,Slice/Block (3rd Shot),23,0.002806163372949597,0,0
24,Aces,26,0.0024126759525436086,0,0
24,Double Faults,6,0.014732175045447594,1,1
24,1st Serve In,27,0.0023456730344057213,0,0
24,2nd Serve In,13,0.006117685855184646,0,0
24,1st Serve Pts Won,8,0.01194660466789976,0,1
24,2nd Serve Pts Won,5,0.022741063365421182,1,1
24,1st Serve Speed (km/h),14,0.0053836037836996024,0,0
24,2nd Serve Speed (km/h),17,0.004029435294525259,0,0
24,Unforced Errors,4,0.026504432879697858,1,1
24,Forehand Avg Speed,24,0.002570706247943138,0,0
24,Backhand Avg Speed,18,0.0036905204243666283,0,0
24,Rally ≤4 Shots,29,0.002007487840563808,0,0
24,Rally 5–9 Shots,19,0.003537583000385525,0,0
24,Rally ≥10 Shots,15,0.005259300333303602,0,0
24,Total Points Won,3,0.03551668515339417,1,1
24,Net Approaches,11,0.007698310387223877,0,0
24,Winners,33,0.0,0,0
24,Distance per Set (m),16,0.004179417142673517,0,0
24,Forecourt Short Balls,28,0.002238510217231204,0,0
24,Midcourt Balls,34,0.0,0,0
24,Backcourt Deep Balls,30,0.0014038554649453453,0,0
25,Break Points,13,0.00464500948885867,0,0
25,Service Breaks,1,0.14541958072219385,1,1
25,Drive Returns,12,0.005001411109296152,0,0
25,Slice/Block Returns,21,0.0021715098463863896,0,0
25,Total Returns,3,0.03270056649058855,1,1
25,Backhand Returns,8,0.011397010013439377,0,1
25,Backhand Returns Won,31,0.0,0,0
25,Backhand Return Win,28,0.0012953864117616766,0,0
25,Forehand Returns,9,0.007480405208524193,0,1
25,Forehand Returns Won,32,0.0,0,0
25,Forehand Return Win,20,0.0025545641955427535,0,0
25,Drive (3rd Shot),30,0.0011506927619955587,0,0
25,Slice/Block (3rd Shot),16,0.0030527388597945187,0,0
25,Aces,24,0.001775560893551158,0,0
25,Double Faults,6,0.01441833452687555,1,1
25,1st Serve In,23,0.0017978172160352094,0,0
25,2nd Serve In,10,0.0065927929075465545,0,1
25,1st Serve Pts Won,7,0.012274933489293155,0,1
25,2nd Serve Pts Won,4,0.026024967012527444,1,1
25,1st Serve Speed (km/h),17,0.0027466340120358957,0,0
25,2nd Serve Speed (km/h),14,0.003534058251793438,0,0
25,Unforced Errors,5,0.02344329966708828,1,1
25,Forehand Avg Speed,27,0.0013720425962660027,0,0
25,Backhand Avg Speed,18,0.0027160802577243623,0,0
25,Rally ≤4 Shots,25,0.0013920079868190462,0,0
25,Rally 5–9 Shots,19,0.002707556007547387,0,0
25,Rally ≥10 Shots,15,0.003250750772632204,0,0
25,Total Points Won,2,0.036196864829310456,1,1
25,Net Approaches,11,0.005335643532435497,0,0
25,Winners,33,0.0,0,0
25,Distance per Set (m),22,0.0019840245564389913,0,0
25,Forecourt Short Balls,29,0.0012257551638982516,0,0
25,Midcourt Balls,34,0.0,0,0
25,Backcourt Deep Balls,26,0.0013917061719481867,0,0
26,Break Points,23,0.0016288150467662608,0,0
26,Service Breaks,1,0.11658210950568505,1,1
26,Drive Returns,10,0.009883350356326573,0,1
26,Slice/Block Returns,21,0.002301234366553416,0,0
26,Total Returns,2,0.06265454803181064,1,1
26,Backhand Returns,5,0.025465178847851273,1,1
26,Backhand Returns Won,31,0.0,0,0
26,Backhand Return Win,27,0.0009681876866487299,0,0
26,Forehand Returns,8,0.018716864387607123,0,1
26,Forehand Returns Won,32,0.0,0,0
26,Forehand Return Win,13,0.004645008973135448,0,0
26,Drive (3rd Shot),30,0.0007932573949046186,0,0
26,Slice/Block (3rd Shot),24,0.0016089163755700203,0,0
26,Aces,28,0.0009241801869708764,0,0
26,Double Faults,7,0.021334348338911704,0,1
26,1st Serve In,12,0.005320817516827103,0,0
26,2nd Serve In,19,0.00268299703231919,0,0
26,1st Serve Pts Won,9,0.012484532801678595,0,1
26,2nd Serve Pts Won,6,0.021483976062038935,1,1
26,1st Serve Speed (km/h),17,0.0031058371284107275,0,0
26,2nd Serve Speed (km/h),14,0.004524108006881405,0,0
26,Unforced Errors,4,0.02837692854511745,1,1
26,Forehand Avg Speed,29,0.0008815328636155772,0,0
26,Backhand Avg Speed,11,0.005843294857708001,0,0
26,Rally ≤4 Shots,26,0.0010244263499845133,0,0
26,Rally 5–9 Shots,16,0.0033557291317841973,0,0
26,Rally ≥10 Shots,18,0.0029511063062771107,0,0
26,Total Points Won,3,0.0443497813452708,1,1
26,Net Approaches,15,0.004148119317852961,0,0
26,Winners,33,0.0,0,0
26,Distance per Set (m),20,0.0023871101170404798,0,0
26,Forecourt Short Balls,25,0.0015528710379196689,0,0
26,Midcourt Balls,34,0.0,0,0
26,Backcourt Deep Balls,22,0.00184757121808746,0,0
27,Break Points,15,0.004170437965035765,0,0
27,Service Breaks,1,0.11073822543636798,1,1
27,Drive Returns,10,0.006719861946195255,0,1
27,Slice/Block Returns,25,0.0024193137570135076,0,0
27,Total Returns,2,0.04293790905193144,1,1
27,Backhand Returns,7,0.01462701824342071,0,1
27,Backhand Returns Won,31,0.0,0,0
27,Backhand Return Win,26,0.0015608462765655884,0,0
27,Forehand Returns,8,0.01065511692580341,0,1
27,Forehand Returns Won,32,0.0,0,0
27,Forehand Return Win,18,0.0031277489402420375,0,0
27,Drive (3rd Shot),30,0.0009827747559582602,0,0
27,Slice/Block (3rd Shot),23,0.0024722719013289926,0,0
27,Aces,28,0.0014485761143867837,0,0
27,Double Faults,6,0.016489649478215327,1,1
27,1st Serve In,22,0.0025892783919791835,0,0
27,2nd Serve In,16,0.0041497852977785635,0,0
27,1st Serve Pts Won,9,0.010256128352680412,0,1
27,2nd Serve Pts Won,5,0.021466503353691994,1,1
27,1st Serve Speed (km/h),12,0.005133989885991054,0,0
27,2nd Serve Speed (km/h),14,0.004511958861556447,0,0
27,Unforced Errors,4,0.02752932073706355,1,1
27,Forehand Avg Speed,24,0.0024461476084688474,0,0
27,Backhand Avg Speed,13,0.004669136134307986,0,0
27,Rally ≤4 Shots,29,0.0011038640892781443,0,0
27,Rally 5–9 Shots,19,0.0028275316239044133,0,0
27,Rally ≥10 Shots,17,0.0032838571640279876,0,0
27,Total Points Won,3,0.034663972663781406,1,1
27,Net Approaches,11,0.006148761246519803,0,0
27,Winners,33,0.0,0,0
27,Distance per Set (m),20,0.002713556927823583,0,0
27,Forecourt Short Balls,21,0.0026545454110008097,0,0
27,Midcourt Balls,34,0.0,0,0
27,Backcourt Deep Balls,27,0.0014749059288915497,0,0
28,Break Points,26,0.0019624679829743463,0,0
28,Service Breaks,1,0.12776250473455858,1,1
28,Drive Returns,13,0.005467035175601263,0,0
28,Slice/Block Returns,9,0.007992881516332062,0,1
28,Total Returns,4,0.02452361279197524,1,1
28,Backhand Returns,10,0.006640160261510912,0,1
28,Backhand Returns Won,31,0.0,0,0
28,Backhand Return Win,19,0.00273029458356542,0,0
28,Forehand Returns,12,0.00558061699150726,0,0
28,Forehand Returns Won,32,0.0,0,0
28,Forehand Return Win,15,0.0038703742486170182,0,0
28,Drive (3rd Shot),17,0.0033938684131558845,0,0
28,Slice/Block (3rd Shot),21,0.0025360963225779824,0,0
28,Aces,23,0.002108718410431199,0,0
28,Double Faults,8,0.008693138874767447,0,1
28,1st Serve In,20,0.0025891789659192037,0,0
28,2nd Serve In,7,0.008859082206319452,0,1
28,1st Serve Pts Won,6,0.009720439219419364,1,1
28,2nd Serve Pts Won,5,0.02040019428290308,1,1
28,1st Serve Speed (km/h),22,0.002436372155583345,0,0
28,2nd Serve Speed (km/h),27,0.0018307218967276856,0,0
28,Unforced Errors,3,0.024996753057175893,1,1
28,Forehand Avg Speed,28,0.0017559154275965628,0,0
28,Backhand Avg Speed,29,0.001682421832981097,0,0
28,Rally ≤4 Shots,24,0.002021199715005076,0,0
28,Rally 5–9 Shots,18,0.002749827412868945,0,0
28,Rally ≥10 Shots,14,0.004219493924965834,0,0
28,Total Points Won,2,0.03005205589037501,1,1
28,Net Approaches,11,0.005964276080074022,0,0
28,Winners,33,0.0,0,0
28,Distance per Set (m),16,0.003736166370735204,0,0
28,Forecourt Short Balls,25,0.00198986244260695,0,0
28,Midcourt Balls,34,0.0,0,0
28,Backcourt Deep Balls,30,0.0012223172477089502,0,0
29,Break Points,16,0.003721843235849315,0,0
29,Service Breaks,1,0.12193679652305217,1,1
29,Drive Returns,10,0.006290819116912384,0,1
29,Slice/Block Returns,25,0.002085175946739283,0,0
29,Total Returns,2,0.039300750875807075,1,1
29,Backhand Returns,7,0.013369608945335926,0,1
29,Backhand Returns Won,31,0.0,0,0
29,Backhand Return Win,26,0.0013866658403545414,0,0
29,Forehand Returns,9,0.009853807645484379,0,1
29,Forehand Returns Won,32,0.0,0,0
29,Forehand Return Win,17,0.003040244615511841,0,0
29,Drive (3rd Shot),30,0.0008549715056762867,0,0
29,Slice/Block (3rd Shot),20,0.002558177588423294,0,0
29,Aces,28,0.0012550230099408932,0,0
29,Double Faults,6,0.015319010940150445,1,1
29,1st Serve In,23,0.0023661920467311806,0,0
29,2nd Serve In,12,0.004585490234915545,0,0
29,1st Serve Pts Won,8,0.010186619645163365,0,1
29,2nd Serve Pts Won,5,0.021388013469183113,1,1
29,1st Serve Speed (km/h),15,0.003974814161085496,0,0
29,2nd Serve Speed (km/h),14,0.004215741252082613,0,0
29,Unforced Errors,4,0.027119181767946293,1,1
29,Forehand Avg Speed,24,0.0021437342313209806,0,0
29,Backhand Avg Speed,13,0.00444523122895273,0,0
29,Rally ≤4 Shots,29,0.0010434532092863029,0,0
29,Rally 5–9 Shots,19,0.002682807733203921,0,0
29,Rally ≥10 Shots,18,0.0029800187388778388,0,0
29,Total Points Won,3,0.03441334234940463,1,1
29,Net Approaches,11,0.005679427630542013,0,0
29,Winners,33,0.0,0,0
29,Distance per Set (m),21,0.002542461810980139,0,0
29,Forecourt Short Balls,22,0.0025092106098241586,0,0
29,Midcourt Balls,34,0.0,0,0
29,Backcourt Deep Balls,27,0.0013707089560262241,0,0
30,Break Points,25,0.0022919344000632957,0,0
30,Service Breaks,1,0.11473135472988484,1,1
30,Drive Returns,10,0.007088674526293684,0,1
30,Slice/Block Returns,13,0.006272683435439639,0,0
30,Total Returns,2,0.03689142266549217,1,1
30,Backhand Returns,8,0.010979637502192073,0,1
30,Backhand Returns Won,31,0.0,0,0
30,Backhand Return Win,23,0.002718242365409019,0,0
30,Forehand Returns,9,0.008998583536808,0,1
30,Forehand Returns Won,32,0.0,0,0
30,Forehand Return Win,20,0.002914580354915721,0,0
30,Drive (3rd Shot),22,0.002821950924813202,0,0
30,Slice/Block (3rd Shot),21,0.0028361046816430327,0,0
30,Aces,26,0.0021630562633884838,0,0
30,Double Faults,6,0.013392847621075751,1,1
30,1st Serve In,28,0.0020243060816111046,0,0
30,2nd Serve In,12,0.006449145141270438,0,0
30,1st Serve Pts Won,7,0.011369261001463975,0,1
30,2nd Serve Pts Won,5,0.0220344048401393,1,1
30,1st Serve Speed (km/h),15,0.004269398849414383,0,0
30,2nd Serve Speed (km/h),17,0.003646152700725745,0,0
30,Unforced Errors,4,0.02588143836660974,1,1
30,Forehand Avg Speed,24,0.0023346336956579722,0,0
30,Backhand Avg Speed,18,0.003293236320239012,0,0
30,Rally ≤4 Shots,29,0.0017793064826459606,0,0
30,Rally 5–9 Shots,19,0.0032292215562152657,0,0
30,Rally ≥10 Shots,14,0.004688368134741947,0,0
30,Total Points Won,3,0.034454147745554234,1,1
30,Net Approaches,11,0.007025290159879635,0,0
30,Winners,33,0.0,0,0
30,Distance per Set (m),16,0.003805102806571597,0,0
30,Forecourt Short Balls,27,0.002077460284936194,0,0
30,Midcourt Balls,34,0.0,0,0
30,Backcourt Deep Balls,30,0.0012520270788101528,0,0
31,Break Points,27,0.002027787816653094,0,0
31,Service Breaks,1,0.11136227363892018,1,1
31,Drive Returns,10,0.008443217608389087,0,1
31,Slice/Block Returns,11,0.007960400939098533,0,0
31,Total Returns,2,0.04576813378540565,1,1
31,Backhand Returns,6,0.01614923441882576,1,1
31,Backhand Returns Won,31,0.0,0,0
31,Backhand Return Win,23,0.0027475434988037685,0,0
31,Forehand Returns,8,0.012858804062259154,0,1
31,Forehand Returns Won,32,0.0,0,0
31,Forehand Return Win,19,0.0032505059512126207,0,0
31,Drive (3rd Shot),17,0.0034753974162212986,0,0
31,Slice/Block (3rd Shot),24,0.002260119527462856,0,0
31,Aces,25,0.0022339535432992093,0,0
31,Double Faults,7,0.014604389828460714,0,1
31,1st Serve In,22,0.0028751666553243848,0,0
31,2nd Serve In,12,0.006364703181033331,0,0
31,1st Serve Pts Won,9,0.012029560739701576,0,1
31,2nd Serve Pts Won,5,0.021648729198229324,1,1
31,1st Serve Speed (km/h),18,0.00346302840121141,0,0
31,2nd Serve Speed (km/h),21,0.003007327789738368,0,0
31,Unforced Errors,4,0.026129056421228296,1,1
31,Forehand Avg Speed,29,0.0017648177833673013,0,0
31,Backhand Avg Speed,20,0.003207205226079864,0,0
31,Rally ≤4 Shots,26,0.0022187838625182935,0,0
31,Rally 5–9 Shots,16,0.0034806013040822423,0,0
31,Rally ≥10 Shots,14,0.004997414011704319,0,0
31,Total Points Won,3,0.037693073331941065,1,1
31,Net Approaches,13,0.006317928802023297,0,0
31,Winners,33,0.0,0,0
31,Distance per Set (m),15,0.004122267151537554,0,0
31,Forecourt Short Balls,28,0.0019473150116686736,0,0
31,Midcourt Balls,34,0.0,0,0
31,Backcourt Deep Balls,30,0.001364436944768162,0,0
32,Break Points,18,0.0035948249207319346,0,0
32,Service Breaks,1,0.12016568588670054,1,1
32,Drive Returns,11,0.006078157565900907,0,0
32,Slice/Block Returns,9,0.007747140710186282,0,1
32,Total Returns,3,0.027356593313388015,1,1
32,Backhand Returns,12,0.0060523556343038,0,0
32,Backhand Returns Won,31,0.0,0,0
32,Backhand Return Win,21,0.003082445352419631,0,0
32,Forehand Returns,14,0.005115103949771688,0,0
32,Forehand Returns Won,32,0.0,0,0
32,Forehand Return Win,16,0.004258157306959091,0,0
32,Drive (3rd Shot),19,0.0033334005473979306,0,0
32,Slice/Block (3rd Shot),25,0.0026977705651759355,0,0
32,Aces,23,0.0029430560674993363,0,0
32,Double Faults,7,0.012133299954448165,0,1
32,1st Serve In,22,0.0029790997735090314,0,0
32,2nd Serve In,8,0.009580945628607474,0,1
32,1st Serve Pts Won,6,0.012403822066285463,1,1
32,2nd Serve Pts Won,4,0.025587962785610218,1,1
32,1st Serve Speed (km/h),15,0.0043188903513878005,0,0
32,2nd Serve Speed (km/h),24,0.002717264696509372,0,0
32,Unforced Errors,5,0.02304380623165865,1,1
32,Forehand Avg Speed,26,0.002296625301800215,0,0
32,Backhand Avg Speed,29,0.0017821831140927649,0,0
32,Rally ≤4 Shots,28,0.00206507903770546,0,0
32,Rally 5–9 Shots,20,0.0031330513820985117,0,0
32,Rally ≥10 Shots,13,0.0053232137320589155,0,0
32,Total Points Won,2,0.03102230228815584,1,1
32,Net Approaches,10,0.007742848393575669,0,1
32,Winners,33,0.0,0,0
32,Distance per Set (m),17,0.0041090748320907755,0,0
32,Forecourt Short Balls,27,0.002181704346095528,0,0
32,Midcourt Balls,34,0.0,0,0
32,Backcourt Deep Balls,30,0.0013758972270002808,0,0
33,Break Points,23,0.0017902329093198506,0,0
33,Service Breaks,1,0.14451913750571893,1,1
33,Drive Returns,10,0.005822314782095199,0,1
33,Slice/Block Returns,22,0.001801268919461803,0,0
33,Total Returns,2,0.03799000369340016,1,1
33,Backhand Returns,6,0.014918648028608256,1,1
33,Backhand Returns Won,31,0.0,0,0
33,Backhand Return Win,26,0.0008546780359260046,0,0
33,Forehand Returns,8,0.010927435781996607,0,1
33,Forehand Returns Won,32,0.0,0,0
33,Forehand Return Win,16,0.0025317860280468477,0,0
33,Drive (3rd Shot),30,0.0005823614223444678,0,0
33,Slice/Block (3rd Shot),20,0.002047948927977703,0,0
33,Aces,29,0.000654734279803341,0,0
33,Double Faults,7,0.014098188020353683,0,1
33,1st Serve In,15,0.0025381173775363398,0,0
33,2nd Serve In,11,0.004485524005166947,0,0
33,1st Serve Pts Won,9,0.008915215457321407,0,1
33,2nd Serve Pts Won,5,0.018343273881919954,1,1
33,1st Serve Speed (km/h),18,0.002266183005242443,0,0
33,2nd Serve Speed (km/h),14,0.002944601031380079,0,0
33,Unforced Errors,4,0.025630370683685753,1,1
33,Forehand Avg Speed,27,0.0008315597057324461,0,0
33,Backhand Avg Speed,12,0.0034695195994442793,0,0
33,Rally ≤4 Shots,28,0.0007804761529158668,0,0
33,Rally 5–9 Shots,17,0.0023148557419044296,0,0
33,Rally ≥10 Shots,21,0.0020168282015538565,0,0
33,Total Points Won,3,0.03388451330482745,1,1
33,Net Approaches,13,0.003463864031259819,0,0
33,Winners,33,0.0,0,0
33,Distance per Set (m),19,0.0021824824960926205,0,0
33,Forecourt Short Balls,24,0.001763724432393791,0,0
33,Midcourt Balls,34,0.0,0,0
33,Backcourt Deep Balls,25,0.000986690613867044,0,0
34,Break Points,25,0.0027272725735280417,0,0
34,Service Breaks,1,0.11507546639779086,1,1
34,Drive Returns,13,0.00766039564890642,0,0
34,Slice/Block Returns,8,0.011203252699930196,0,1
34,Total Returns,2,0.03417488133881526,1,1
34,Backhand Returns,10,0.00929799566366845,0,1
34,Backhand Returns Won,31,0.0,0,0
34,Backhand Return Win,19,0.0038360542182097526,0,0
34,Forehand Returns,11,0.008449618687007363,0,0
34,Forehand Returns Won,32,0.0,0,0
34,Forehand Return Win,15,0.005401123136087317,0,0
34,Drive (3rd Shot),17,0.004740990993596625,0,0
34,Slice/Block (3rd Shot),23,0.0028702529246765326,0,0
34,Aces,22,0.0029810718975598343,0,0
34,Double Faults,7,0.012188804044875483,0,1
34,1st Serve In,20,0.003626260400843571,0,0
34,2nd Serve In,9,0.010956452386296996,0,1
34,1st Serve Pts Won,6,0.013608579397199613,1,1
34,2nd Serve Pts Won,5,0.021916717435200073,1,1
34,1st Serve Speed (km/h),21,0.0033575077744418262,0,0
34,2nd Serve Speed (km/h),27,0.002547220052789384,0,0
34,Unforced Errors,4,0.02214512963118204,1,1
34,Forehand Avg Speed,28,0.002428012266270568,0,0
34,Backhand Avg Speed,29,0.0023201676701048437,0,0
34,Rally ≤4 Shots,24,0.0028431824705489567,0,0
34,Rally 5–9 Shots,18,0.0038549094351477626,0,0
34,Rally ≥10 Shots,14,0.005910340701049144,0,0
34,Total Points Won,3,0.033680096326697016,1,1
34,Net Approaches,12,0.008361874187585416,0,0
34,Winners,33,0.0,0,0
34,Distance per Set (m),16,0.005214657251174095,0,0
34,Forecourt Short Balls,26,0.002718570488665832,0,0
34,Midcourt Balls,34,0.0,0,0
34,Backcourt Deep Balls,30,0.001689139963853231,0,0
35,Break Points,21,0.002625167957380369,0,0
35,Service Breaks,1,0.11926497278609441,1,1
35,Drive Returns,10,0.007632120560918137,0,1
35,Slice/Block Returns,29,0.0014526140679710004,0,0
35,Total Returns,2,0.050592528965214115,1,1
35,Backhand Returns,6,0.019242720990677687,1,1
35,Backhand Returns Won,31,0.0,0,0
35,Backhand Return Win,26,0.001648836441331655,0,0
35,Forehand Returns,8,0.013906424903027013,0,1
35,Forehand Returns Won,32,0.0,0,0
35,Forehand Return Win,15,0.004367749958673551,0,0
35,Drive (3rd Shot),27,0.0016253530333799281,0,0
35,Slice/Block (3rd Shot),20,0.002680454175118882,0,0
35,Aces,28,0.0015741239157461074,0,0
35,Double Faults,7,0.017604201241133623,0,1
35,1st Serve In,16,0.00360757976960747,0,0
35,2nd Serve In,18,0.0033326002529540247,0,0
35,1st Serve Pts Won,9,0.011777908084520469,0,1
35,2nd Serve Pts Won,5,0.02204257805586022,1,1
35,1st Serve Speed (km/h),14,0.004411084744966927,0,0
35,2nd Serve Speed (km/h),13,0.005161559028671658,0,0
35,Unforced Errors,4,0.027968565696324665,1,1
35,Forehand Avg Speed,24,0.0020456878721272073,0,0
35,Backhand Avg Speed,12,0.005507078719992551,0,0
35,Rally ≤4 Shots,30,0.0014502395708023642,0,0
35,Rally 5–9 Shots,19,0.0033019072440192395,0,0
35,Rally ≥10 Shots,17,0.0035604776639533912,0,0
35,Total Points Won,3,0.041271711037281715,1,1
35,Net Approaches,11,0.005723902847787977,0,0
35,Winners,33,0.0,0,0
35,Distance per Set (m),22,0.0025098465728921157,0,0
35,Forecourt Short Balls,25,0.0016546711338173363,0,0
35,Midcourt Balls,34,0.0,0,0
35,Backcourt Deep Balls,23,0.0021416304660841026,0,0
36,Break Points,24,0.0018314658158076749,0,0
36,Service Breaks,1,0.1258612458278178,1,1
36,Drive Returns,10,0.007520257802012764,0,1
36,Slice/Block Returns,20,0.00222007601548402,0,0
36,Total Returns,2,0.04955364491783971,1,1
36,Backhand Returns,5,0.020076797665044256,1,1
36,Backhand Returns Won,31,0.0,0,0
36,Backhand Return Win,28,0.0008417350598142803,0,0
36,Forehand Returns,8,0.014592487934890602,0,1
36,Forehand Returns Won,32,0.0,0,0
36,Forehand Return Win,13,0.0036984207423844655,0,0
36,Drive (3rd Shot),30,0.0007703123574828251,0,0
36,Slice/Block (3rd Shot),23,0.001913444373224969,0,0
36,Aces,29,0.0008261723083295891,0,0
36,Double Faults,7,0.016950407602752137,0,1
36,1st Serve In,12,0.00404725377998048,0,0
36,2nd Serve In,16,0.002644923035338073,0,0
36,1st Serve Pts Won,9,0.009014904542244934,0,1
36,2nd Serve Pts Won,6,0.019641787778870625,1,1
36,1st Serve Speed (km/h),19,0.0022342515895395413,0,0
36,2nd Serve Speed (km/h),14,0.0033461974786573962,0,0
36,Unforced Errors,4,0.027963695231323037,1,1
36,Forehand Avg Speed,26,0.0009224019853393053,0,0
36,Backhand Avg Speed,11,0.004667311886482498,0,0
36,Rally ≤4 Shots,27,0.0009001611654963018,0,0
36,Rally 5–9 Shots,17,0.002442817942424837,0,0
36,Rally ≥10 Shots,18,0.0022652379521831616,0,0
36,Total Points Won,3,0.03735085273071274,1,1
36,Net Approaches,15,0.0029669512232218605,0,0
36,Winners,33,0.0,0,0
36,Distance per Set (m),22,0.0019588083619458347,0,0
36,Forecourt Short Balls,21,0.0020183450981362725,0,0
36,Midcourt Balls,34,0.0,0,0
36,Backcourt Deep Balls,25,0.0013326789617059771,0,0
37,Break Points,27,0.0025613835750344055,0,0
37,Service Breaks,1,0.1131922127046259,1,1
37,Drive Returns,13,0.0059914095391712064,0,0
37,Slice/Block Returns,11,0.007346329797663625,0,0
37,Total Returns,3,0.03089171234440832,1,1
37,Backhand Returns,8,0.008383135518034384,0,1
37,Backhand Returns Won,31,0.0,0,0
37,Backhand Return Win,19,0.0037122066359872607,0,0
37,Forehand Returns,12,0.007077502974661943,0,0
37,Forehand Returns Won,32,0.0,0,0
37,Forehand Return Win,17,0.004326099988382449,0,0
37,Drive (3rd Shot),18,0.003940052273737906,0,0
37,Slice/Block (3rd Shot),20,0.003546640945716556,0,0
37,Aces,23,0.0029856385596438635,0,0
37,Double Faults,7,0.009768683571036654,0,1
37,1st Serve In,29,0.002391742098296952,0,0
37,2nd Serve In,10,0.007657643726895024,0,1
37,1st Serve Pts Won,6,0.011280554235525249,1,1
37,2nd Serve Pts Won,5,0.022234790048082327,1,1
37,1st Serve Speed (km/h),15,0.004798123706533785,0,0
37,2nd Serve Speed (km/h),21,0.003513653644311399,0,0
37,Unforced Errors,4,0.02534926870449581,1,1
37,Forehand Avg Speed,25,0.002835711498323969,0,0
37,Backhand Avg Speed,28,0.0024675242456801503,0,0
37,Rally ≤4 Shots,24,0.0028956963654920924,0,0
37,Rally 5–9 Shots,22,0.0033630131606031274,0,0
37,Rally ≥10 Shots,14,0.005904896482759864,0,0
37,Total Points Won,2,0.03350565772066501,1,1
37,Net Approaches,9,0.008043667965323053,0,1
37,Winners,33,0.0,0,0
37,Distance per Set (m),16,0.004498882746985194,0,0
37,Forecourt Short Balls,26,0.0025770025061092037,0,0
37,Midcourt Balls,34,0.0,0,0
37,Backcourt Deep Balls,30,0.001531069382159633,0,0
38,Break Points,20,0.002693047414911087,0,0
38,Service Breaks,1,0.11926534482449092,1,1
38,Drive Returns,10,0.007200785097769311,0,1
38,Slice/Block Returns,29,0.001481385515743745,0,0
38,Total Returns,2,0.04839896873573492,1,1
38,Backhand Returns,6,0.018384163869254695,1,1
38,Backhand Returns Won,31,0.0,0,0
38,Backhand Return Win,26,0.001654856736644541,0,0
38,Forehand Returns,8,0.013073629681760615,0,1
38,Forehand Returns Won,32,0.0,0,0
38,Forehand Return Win,15,0.004044203823644504,0,0
38,Drive (3rd Shot),28,0.0015923296703039295,0,0
38,Slice/Block (3rd Shot),21,0.0026613442994848353,0,0
38,Aces,27,0.0016295451098781734,0,0
38,Double Faults,7,0.016859385024100417,0,1
38,1st Serve In,18,0.0032044832404864443,0,0
38,2nd Serve In,16,0.003473802265956382,0,0
38,1st Serve Pts Won,9,0.011172149216693971,0,1
38,2nd Serve Pts Won,5,0.02129967011590407,1,1
38,1st Serve Speed (km/h),14,0.004316632110220056,0,0
38,2nd Serve Speed (km/h),13,0.004922266514086878,0,0
38,Unforced Errors,4,0.027410111242621226,1,1
38,Forehand Avg Speed,23,0.0020869711396564,0,0
38,Backhand Avg Speed,12,0.005039871097339824,0,0
38,Rally ≤4 Shots,30,0.0013719493236562966,0,0
38,Rally 5–9 Shots,19,0.003167421606227486,0,0
38,Rally ≥10 Shots,17,0.0034329996157116396,0,0
38,Total Points Won,3,0.0401280814485931,1,1
38,Net Approaches,11,0.0057156584287174845,0,0
38,Winners,33,0.0,0,0
38,Distance per Set (m),22,0.002458088686012375,0,0
38,Forecourt Short Balls,25,0.0016750502762647923,0,0
38,Midcourt Balls,34,0.0,0,0
38,Backcourt Deep Balls,24,0.0020513796723528733,0,0
39,Break Points,23,0.002990384671946415,0,0
39,Service Breaks,1,0.10563926215514102,1,1
39,Drive Returns,12,0.005676642301078513,0,0
39,Slice/Block Returns,10,0.007894485952814102,0,1
39,Total Returns,3,0.027931689287937236,1,1
39,Backhand Returns,11,0.006088265059240423,0,0
39,Backhand Returns Won,31,0.0,0,0
39,Backhand Return Win,19,0.0033200624143609413,0,0
39,Forehand Returns,14,0.005515186658585525,0,0
39,Forehand Returns Won,32,0.0,0,0
39,Forehand Return Win,17,0.004020549986161249,0,0
39,Drive (3rd Shot),18,0.0035081546899133425,0,0
39,Slice/Block (3rd Shot),22,0.0031351732570001475,0,0
39,Aces,25,0.002634331823371886,0,0
39,Double Faults,6,0.010402328747768912,1,1
39,1st Serve In,27,0.0024569945589751323,0,0
39,2nd Serve In,9,0.008091331007106937,0,1
39,1st Serve Pts Won,7,0.010344853596707905,0,1
39,2nd Serve Pts Won,5,0.022268034724130473,1,1
39,1st Serve Speed (km/h),13,0.005519026146095592,0,0
39,2nd Serve Speed (km/h),20,0.003297388273309959,0,0
39,Unforced Errors,4,0.0257628842758132,1,1
39,Forehand Avg Speed,24,0.0029687334427951325,0,0
39,Backhand Avg Speed,28,0.002382584445995067,0,0
39,Rally ≤4 Shots,29,0.0021083733813023623,0,0
39,Rally 5–9 Shots,21,0.0031509473807086728,0,0
39,Rally ≥10 Shots,15,0.005361857278468505,0,0
39,Total Points Won,2,0.02901961273112654,1,1
39,Net Approaches,8,0.008131378784657113,0,1
39,Winners,33,0.0,0,0
39,Distance per Set (m),16,0.004393292266866735,0,0
39,Forecourt Short Balls,26,0.0025270953541426965,0,0
39,Midcourt Balls,34,0.0,0,0
39,Backcourt Deep Balls,30,0.0013912542972509105,0,0
40,Break Points,27,0.0018351693837216972,0,0
40,Service Breaks,1,0.10951212803435412,1,1
40,Drive Returns,10,0.010335243737865736,0,1
40,Slice/Block Returns,11,0.007146399473709464,0,0
40,Total Returns,2,0.05702482915070592,1,1
40,Backhand Returns,6,0.02135967371434938,1,1
40,Backhand Returns Won,31,0.0,0,0
40,Backhand Return Win,23,0.0025050960677472475,0,0
40,Forehand Returns,8,0.016643439367620284,0,1
40,Forehand Returns Won,32,0.0,0,0
40,Forehand Return Win,21,0.003290724907935176,0,0
40,Drive (3rd Shot),22,0.0031507593048418696,0,0
40,Slice/Block (3rd Shot),26,0.002084910342705468,0,0
40,Aces,25,0.002132041243815954,0,0
40,Double Faults,7,0.01841549743010751,0,1
40,1st Serve In,16,0.004052154162483067,0,0
40,2nd Serve In,14,0.004629610901373493,0,0
40,1st Serve Pts Won,9,0.013431862515442292,0,1
40,2nd Serve Pts Won,5,0.022199171030257668,1,1
40,1st Serve Speed (km/h),20,0.0035495836057051725,0,0
40,2nd Serve Speed (km/h),19,0.0038569339621002422,0,0
40,Unforced Errors,4,0.026867449088000355,1,1
40,Forehand Avg Speed,29,0.0016530775636627653,0,0
40,Backhand Avg Speed,15,0.004453331462246235,0,0
40,Rally ≤4 Shots,24,0.002152433351558963,0,0
40,Rally 5–9 Shots,18,0.0038580109946207116,0,0
40,Rally ≥10 Shots,13,0.0049377974742404905,0,0
40,Total Points Won,3,0.043172375050645674,1,1
40,Net Approaches,12,0.006120779445039762,0,0
40,Winners,33,0.0,0,0
40,Distance per Set (m),17,0.003961165606229759,0,0
40,Forecourt Short Balls,28,0.0017644462895405782,0,0
40,Midcourt Balls,34,0.0,0,0
40,Backcourt Deep Balls,30,0.0015578976523294545,0,0
