training_auc_order,candidate_id_1based,grouped_training_oof_auc,n_members,members,backhand_rank
1,2583,0.9701772324471711,7,LR+Ridge+Lasso+GB+AdaB+DT+GNB,6
2,1910,0.9700068166325835,6,LR+Lasso+AdaB+DT+MLP+GNB,9
3,2857,0.9700068166325835,7,LR+Lasso+GB+AdaB+DT+GNB+LDA,6
4,1652,0.9698364008179959,6,LR+Ridge+Lasso+AdaB+DT+GNB,6
5,3395,0.9698364008179959,8,LR+Ridge+Lasso+GB+AdaB+DT+MLP+GNB,7
6,2883,0.9696659850034083,7,LR+Lasso+AdaB+DT+KNN+MLP+LDA,6
7,3586,0.9696659850034083,8,LR+Lasso+GB+AdaB+DT+MLP+GNB+LDA,6
8,3783,0.9696659850034083,8,Lasso+GB+SVR+AdaB+DT+MLP+GNB+LDA,12
9,1743,0.9694955691888207,6,LR+Ridge+GB+AdaB+DT+GNB,5
10,1912,0.9694955691888207,6,LR+Lasso+AdaB+DT+GNB+LDA,6
11,3067,0.9694955691888207,7,Ridge+Lasso+GB+AdaB+DT+GNB+LDA,6
12,3397,0.9694955691888207,8,LR+Ridge+Lasso+GB+AdaB+DT+GNB+LDA,5
13,2884,0.9693251533742331,7,LR+Lasso+AdaB+DT+KNN+GNB+LDA,7
14,3706,0.9693251533742331,8,Ridge+Lasso+GB+AdaB+DT+MLP+GNB+LDA,7
15,3786,0.9693251533742331,8,Lasso+GB+AdaB+DT+KNN+MLP+GNB+LDA,11
16,365,0.9691547375596455,4,LR+Lasso+AdaB+DT,6
17,979,0.9691547375596455,5,LR+Lasso+AdaB+DT+MLP,6
18,1909,0.9691547375596455,6,LR+Lasso+AdaB+DT+KNN+LDA,6
19,2164,0.9691547375596455,6,Ridge+Lasso+AdaB+DT+GNB+LDA,6
20,2622,0.9691547375596455,7,LR+Ridge+Lasso+AdaB+DT+KNN+GNB,7
21,2624,0.9691547375596455,7,LR+Ridge+Lasso+AdaB+DT+MLP+GNB,6
22,2855,0.9691547375596455,7,LR+Lasso+GB+AdaB+DT+MLP+GNB,10
23,3093,0.9691547375596455,7,Ridge+Lasso+AdaB+DT+KNN+MLP+LDA,6
24,3422,0.9691547375596455,8,LR+Ridge+Lasso+AdaB+DT+KNN+MLP+GNB,7
25,1394,0.9689843217450579,5,Lasso+GB+SVR+AdaB+LDA,8
26,2626,0.9689843217450579,7,LR+Ridge+Lasso+AdaB+DT+GNB+LDA,5
27,3094,0.9689843217450579,7,Ridge+Lasso+AdaB+DT+KNN+GNB+LDA,7
28,3256,0.9689843217450579,7,Lasso+GB+AdaB+DT+MLP+GNB+LDA,10
29,3393,0.9689843217450579,8,LR+Ridge+Lasso+GB+AdaB+DT+KNN+GNB,7
30,3868,0.9689843217450579,9,LR+Ridge+Lasso+GB+AdaB+DT+KNN+MLP+GNB,8
31,2885,0.9688139059304703,7,LR+Lasso+AdaB+DT+MLP+GNB+LDA,6
32,3247,0.9688139059304703,7,Lasso+GB+SVR+AdaB+MLP+GNB+LDA,12
33,3537,0.9688139059304703,8,LR+Lasso+RF+GB+AdaB+DT+GNB+LDA,6
34,1559,0.9686434901158828,5,GB+AdaB+MLP+GNB+LDA,10
35,1650,0.9686434901158828,6,LR+Ridge+Lasso+AdaB+DT+KNN,6
36,1882,0.9686434901158828,6,LR+Lasso+GB+DT+GNB+LDA,5
37,1907,0.9686434901158828,6,LR+Lasso+AdaB+DT+KNN+MLP,8
38,2161,0.9686434901158828,6,Ridge+Lasso+AdaB+DT+KNN+LDA,6
39,2882,0.9686434901158828,7,LR+Lasso+AdaB+DT+KNN+MLP+GNB,11
40,3425,0.9686434901158828,8,LR+Ridge+Lasso+AdaB+DT+MLP+GNB+LDA,6
