auc_order,feature,shap_rank,mean_absolute_shap,top6,top10
1,Break Points,23,0.002473090236244169,0,0
1,Service Breaks,1,0.11112104495673046,1,1
1,Drive Returns,9,0.008449262569351971,0,1
1,Slice/Block Returns,10,0.0068270507253358655,0,1
1,Total Returns,3,0.04029698725899711,1,1
1,Backhand Returns,8,0.008493008663782912,0,1
1,Backhand Returns Won,31,0.0,0,0
1,Backhand Return Win,28,0.0018292574559582119,0,0
1,Forehand Returns,12,0.004967578738591189,0,0
1,Forehand Returns Won,32,0.0,0,0
1,Forehand Return Win,17,0.00355399461883182,0,0
1,Drive (3rd Shot),21,0.002802322756363272,0,0
1,Slice/Block (3rd Shot),24,0.002466392391137729,0,0
1,Aces,20,0.0028576688437177973,0,0
1,Double Faults,5,0.026523380367389767,1,1
1,1st Serve In,11,0.0053474710563261,0,0
1,2nd Serve In,15,0.004397641437060176,0,0
1,1st Serve Pts Won,7,0.01269895776342069,0,1
1,2nd Serve Pts Won,6,0.021347387122903023,1,1
1,1st Serve Speed (km/h),22,0.00269669355451869,0,0
1,2nd Serve Speed (km/h),14,0.004587945928744302,0,0
1,Unforced Errors,4,0.03249988126286867,1,1
1,Forehand Avg Speed,29,0.0013836150792412016,0,0
1,Backhand Avg Speed,13,0.0046526061414047795,0,0
1,Rally ≤4 Shots,25,0.0024091511520032624,0,0
1,Rally 5–9 Shots,18,0.003461247595497672,0,0
1,Rally ≥10 Shots,19,0.003012519421754271,0,0
1,Total Points Won,2,0.04683574984380336,1,1
1,Net Approaches,16,0.0037932680309343946,0,0
1,Winners,33,0.0,0,0
1,Distance per Set (m),30,0.0011755212252440397,0,0
1,Forecourt Short Balls,26,0.0020199941486351704,0,0
1,Midcourt Balls,34,0.0,0,0
1,Backcourt Deep Balls,27,0.0020076288846047766,0,0
2,Break Points,24,0.0022380632518688164,0,0
2,Service Breaks,1,0.12399189162791226,1,1
2,Drive Returns,9,0.007251765394624524,0,1
2,Slice/Block Returns,10,0.005784626555396493,0,1
2,Total Returns,3,0.03456444263342304,1,1
2,Backhand Returns,8,0.007255520737898263,0,1
2,Backhand Returns Won,31,0.0,0,0
2,Backhand Return Win,28,0.0016429857203574259,0,0
2,Forehand Returns,13,0.0041752672257717345,0,0
2,Forehand Returns Won,32,0.0,0,0
2,Forehand Return Win,18,0.0030704145020576767,0,0
2,Drive (3rd Shot),22,0.002403803241384128,0,0
2,Slice/Block (3rd Shot),20,0.0025058725700665774,0,0
2,Aces,21,0.002456788067059347,0,0
2,Double Faults,5,0.023526964197392454,1,1
2,1st Serve In,12,0.00426721481228163,0,0
2,2nd Serve In,11,0.004484393406903836,0,0
2,1st Serve Pts Won,7,0.011081902667083641,0,1
2,2nd Serve Pts Won,6,0.020672907847421342,1,1
2,1st Serve Speed (km/h),23,0.0022610420137777047,0,0
2,2nd Serve Speed (km/h),14,0.004006148448127405,0,0
2,Unforced Errors,4,0.030398158411199448,1,1
2,Forehand Avg Speed,29,0.0011920019616699527,0,0
2,Backhand Avg Speed,15,0.003996077231057781,0,0
2,Rally ≤4 Shots,25,0.00207057005981479,0,0
2,Rally 5–9 Shots,17,0.0030868876470144867,0,0
2,Rally ≥10 Shots,19,0.0025936224290529874,0,0
2,Total Points Won,2,0.042987722508251246,1,1
2,Net Approaches,16,0.00331457930057853,0,0
2,Winners,33,0.0,0,0
2,Distance per Set (m),30,0.0010438887774004593,0,0
2,Forecourt Short Balls,26,0.0017512441674754067,0,0
2,Midcourt Balls,34,0.0,0,0
2,Backcourt Deep Balls,27,0.00172212127383613,0,0
3,Break Points,20,0.002505005926438333,0,0
3,Service Breaks,1,0.13148300439341712,1,1
3,Drive Returns,9,0.007822751136979899,0,1
3,Slice/Block Returns,21,0.0022286343316914644,0,0
3,Total Returns,3,0.03494206700281355,1,1
3,Backhand Returns,8,0.009769404498137525,0,1
3,Backhand Returns Won,31,0.0,0,0
3,Backhand Return Win,28,0.0008142252559839272,0,0
3,Forehand Returns,10,0.006982735179240008,0,1
3,Forehand Returns Won,32,0.0,0,0
3,Forehand Return Win,16,0.002942953263485855,0,0
3,Drive (3rd Shot),29,0.0007791766064685777,0,0
3,Slice/Block (3rd Shot),19,0.0025764328792593156,0,0
3,Aces,30,0.00072664982253663,0,0
3,Double Faults,6,0.01747491377549067,1,1
3,1st Serve In,17,0.002937304949082056,0,0
3,2nd Serve In,11,0.0064278286163967375,0,0
3,1st Serve Pts Won,7,0.010743039530829156,0,1
3,2nd Serve Pts Won,5,0.02052826008328811,1,1
3,1st Serve Speed (km/h),14,0.003556113609275678,0,0
3,2nd Serve Speed (km/h),12,0.003683928391316027,0,0
3,Unforced Errors,4,0.032249673838196526,1,1
3,Forehand Avg Speed,26,0.0010194768063458424,0,0
3,Backhand Avg Speed,15,0.003530463039038148,0,0
3,Rally ≤4 Shots,25,0.001064609930674402,0,0
3,Rally 5–9 Shots,18,0.0026385118083369482,0,0
3,Rally ≥10 Shots,24,0.0017757970605091285,0,0
3,Total Points Won,2,0.04187762989328743,1,1
3,Net Approaches,13,0.003563642608219837,0,0
3,Winners,33,0.0,0,0
3,Distance per Set (m),22,0.00201789229646485,0,0
3,Forecourt Short Balls,23,0.0019085451124247518,0,0
3,Midcourt Balls,34,0.0,0,0
3,Backcourt Deep Balls,27,0.0009555252463250135,0,0
4,Break Points,22,0.0023841163565540727,0,0
4,Service Breaks,1,0.1293765351935946,1,1
4,Drive Returns,8,0.007241773599807169,0,1
4,Slice/Block Returns,10,0.005596383494351319,0,1
4,Total Returns,3,0.034591996348906334,1,1
4,Backhand Returns,9,0.007202295676104662,0,1
4,Backhand Returns Won,31,0.0,0,0
4,Backhand Return Win,28,0.0016562127452405251,0,0
4,Forehand Returns,12,0.004262682871280859,0,0
4,Forehand Returns Won,32,0.0,0,0
4,Forehand Return Win,17,0.003276099665184994,0,0
4,Drive (3rd Shot),20,0.002409738694751979,0,0
4,Slice/Block (3rd Shot),24,0.0021661838238770125,0,0
4,Aces,21,0.0024087230369063714,0,0
4,Double Faults,5,0.023502055035645796,1,1
4,1st Serve In,11,0.0046060509661374266,0,0
4,2nd Serve In,13,0.004129973660232411,0,0
4,1st Serve Pts Won,7,0.010996272203517754,0,1
4,2nd Serve Pts Won,6,0.01886504400353917,1,1
4,1st Serve Speed (km/h),23,0.002370245077309413,0,0
4,2nd Serve Speed (km/h),15,0.003976030337360789,0,0
4,Unforced Errors,4,0.030714579260910233,1,1
4,Forehand Avg Speed,29,0.0011599120950670544,0,0
4,Backhand Avg Speed,14,0.004039429380375586,0,0
4,Rally ≤4 Shots,25,0.0021659494121853916,0,0
4,Rally 5–9 Shots,18,0.0031990723890760295,0,0
4,Rally ≥10 Shots,19,0.0025501824894535825,0,0
4,Total Points Won,2,0.04214109041472657,1,1
4,Net Approaches,16,0.003334382454582943,0,0
4,Winners,33,0.0,0,0
4,Distance per Set (m),30,0.0010528471607766697,0,0
4,Forecourt Short Balls,27,0.0017416770825192831,0,0
4,Midcourt Balls,34,0.0,0,0
4,Backcourt Deep Balls,26,0.0017423877681002893,0,0
5,Break Points,20,0.002455852597022206,0,0
5,Service Breaks,1,0.12730373705835235,1,1
5,Drive Returns,8,0.0102005152282976,0,1
5,Slice/Block Returns,10,0.005799779874919775,0,1
5,Total Returns,3,0.04022425311181643,1,1
5,Backhand Returns,9,0.008973472560699835,0,1
5,Backhand Returns Won,31,0.0,0,0
5,Backhand Return Win,28,0.001471600686030437,0,0
5,Forehand Returns,12,0.005673684947295592,0,0
5,Forehand Returns Won,32,0.0,0,0
5,Forehand Return Win,19,0.002902495386580754,0,0
5,Drive (3rd Shot),24,0.0020872278731807743,0,0
5,Slice/Block (3rd Shot),26,0.0019342006592276693,0,0
5,Aces,22,0.002203229377852859,0,0
5,Double Faults,5,0.02576673744408212,1,1
5,1st Serve In,11,0.005717555996035693,0,0
5,2nd Serve In,17,0.003546529706951253,0,0
5,1st Serve Pts Won,7,0.012518463226841015,0,1
5,2nd Serve Pts Won,6,0.020472151035186452,1,1
5,1st Serve Speed (km/h),18,0.002909438342881141,0,0
5,2nd Serve Speed (km/h),13,0.004841617129174808,0,0
5,Unforced Errors,4,0.03222558771242692,1,1
5,Forehand Avg Speed,30,0.0008954230418617424,0,0
5,Backhand Avg Speed,14,0.004738129546860137,0,0
5,Rally ≤4 Shots,25,0.0019973649780313197,0,0
5,Rally 5–9 Shots,16,0.0038255706666290227,0,0
5,Rally ≥10 Shots,21,0.002254125783745431,0,0
5,Total Points Won,2,0.04688848941585937,1,1
5,Net Approaches,15,0.003927958292911269,0,0
5,Winners,33,0.0,0,0
5,Distance per Set (m),29,0.0009687521220515651,0,0
5,Forecourt Short Balls,27,0.001582234755613297,0,0
5,Midcourt Balls,34,0.0,0,0
5,Backcourt Deep Balls,23,0.002087559031569808,0,0
6,Break Points,22,0.003260118544233784,0,0
6,Service Breaks,1,0.12557556637030187,1,1
6,Drive Returns,11,0.006107221883481021,0,0
6,Slice/Block Returns,9,0.007799431297223862,0,1
6,Total Returns,2,0.03987626708636802,1,1
6,Backhand Returns,8,0.010084324754059534,0,1
6,Backhand Returns Won,31,0.0,0,0
6,Backhand Return Win,27,0.002315073065095957,0,0
6,Forehand Returns,10,0.00622475680458861,0,1
6,Forehand Returns Won,32,0.0,0,0
6,Forehand Return Win,12,0.005489209732207933,0,0
6,Drive (3rd Shot),21,0.0033697687553359656,0,0
6,Slice/Block (3rd Shot),26,0.0023995068607204624,0,0
6,Aces,20,0.003370096824921516,0,0
6,Double Faults,4,0.02555522008680308,1,1
6,1st Serve In,13,0.004888220746257526,0,0
6,2nd Serve In,14,0.004841190278010119,0,0
6,1st Serve Pts Won,7,0.012110360100179017,0,1
6,2nd Serve Pts Won,6,0.02007661843324795,1,1
6,1st Serve Speed (km/h),24,0.0027024774597004847,0,0
6,2nd Serve Speed (km/h),17,0.004225960996186961,0,0
6,Unforced Errors,5,0.025375337666950437,1,1
6,Forehand Avg Speed,29,0.0015751154645747794,0,0
6,Backhand Avg Speed,15,0.0048091138514734285,0,0
6,Rally ≤4 Shots,23,0.0029356478188800337,0,0
6,Rally 5–9 Shots,18,0.003631553602694966,0,0
6,Rally ≥10 Shots,19,0.003543535802544553,0,0
6,Total Points Won,3,0.03543394412888131,1,1
6,Net Approaches,16,0.004460418951325401,0,0
6,Winners,33,0.0,0,0
6,Distance per Set (m),30,0.0013980585953248215,0,0
6,Forecourt Short Balls,25,0.0024016351492383834,0,0
6,Midcourt Balls,34,0.0,0,0
6,Backcourt Deep Balls,28,0.002093329425364212,0,0
7,Break Points,21,0.0022130811036636293,0,0
7,Service Breaks,1,0.13856571729014114,1,1
7,Drive Returns,8,0.006344899693113747,0,1
7,Slice/Block Returns,10,0.004840196277797246,0,1
7,Total Returns,3,0.030289143665290376,1,1
7,Backhand Returns,9,0.006281492457291931,0,1
7,Backhand Returns Won,31,0.0,0,0
7,Backhand Return Win,27,0.0015264341541372205,0,0
7,Forehand Returns,13,0.0036574313011570373,0,0
7,Forehand Returns Won,32,0.0,0,0
7,Forehand Return Win,18,0.0028869135004320045,0,0
7,Drive (3rd Shot),23,0.0021110595246676147,0,0
7,Slice/Block (3rd Shot),19,0.0022414959807111425,0,0
7,Aces,22,0.002113970417312679,0,0
7,Double Faults,5,0.021257856553366133,1,1
7,1st Serve In,12,0.0037683634764130846,0,0
7,2nd Serve In,11,0.0042818259902522105,0,0
7,1st Serve Pts Won,7,0.009793609688742759,0,1
7,2nd Serve Pts Won,6,0.01858825827167733,1,1
7,1st Serve Speed (km/h),24,0.0020322810649052152,0,0
7,2nd Serve Speed (km/h),14,0.0035457467238327644,0,0
7,Unforced Errors,4,0.029121582034867716,1,1
7,Forehand Avg Speed,29,0.001021011995662777,0,0
7,Backhand Avg Speed,15,0.0035416136789506113,0,0
7,Rally ≤4 Shots,25,0.0018993437066376535,0,0
7,Rally 5–9 Shots,17,0.0029048047154256523,0,0
7,Rally ≥10 Shots,20,0.0022414397373775475,0,0
7,Total Points Won,2,0.03943802375094684,1,1
7,Net Approaches,16,0.0029726488108915423,0,0
7,Winners,33,0.0,0,0
7,Distance per Set (m),30,0.0009539781911333747,0,0
7,Forecourt Short Balls,26,0.001544260648788135,0,0
7,Midcourt Balls,34,0.0,0,0
7,Backcourt Deep Balls,28,0.0015263020655263146,0,0
8,Break Points,10,0.00582496389643654,0,1
8,Service Breaks,1,0.11473386661064039,1,1
8,Drive Returns,11,0.005795788754053214,0,0
8,Slice/Block Returns,9,0.0059368303450418,0,1
8,Total Returns,3,0.036533909122972365,1,1
8,Backhand Returns,8,0.007978780452988539,0,1
8,Backhand Returns Won,31,0.0,0,0
8,Backhand Return Win,27,0.0022507383796470976,0,0
8,Forehand Returns,18,0.004100607852398039,0,0
8,Forehand Returns Won,32,0.0,0,0
8,Forehand Return Win,15,0.004682595739306744,0,0
8,Drive (3rd Shot),25,0.0026977214637138314,0,0
8,Slice/Block (3rd Shot),23,0.00330607341998933,0,0
8,Aces,21,0.0033857091702473112,0,0
8,Double Faults,5,0.02518173414148506,1,1
8,1st Serve In,20,0.0036440996593515604,0,0
8,2nd Serve In,13,0.005412867972816084,0,0
8,1st Serve Pts Won,7,0.013306245983677262,0,1
8,2nd Serve Pts Won,6,0.024823051974385963,1,1
8,1st Serve Speed (km/h),19,0.00375417607696622,0,0
8,2nd Serve Speed (km/h),14,0.004741892014005635,0,0
8,Unforced Errors,4,0.026016729969720865,1,1
8,Forehand Avg Speed,29,0.001892553053329672,0,0
8,Backhand Avg Speed,17,0.004233535815636385,0,0
8,Rally ≤4 Shots,24,0.002843266939109106,0,0
8,Rally 5–9 Shots,22,0.003369507307998319,0,0
8,Rally ≥10 Shots,16,0.0044153438347636536,0,0
8,Total Points Won,2,0.038756713780792505,1,1
8,Net Approaches,12,0.005593148964655666,0,0
8,Winners,33,0.0,0,0
8,Distance per Set (m),30,0.001573759342321251,0,0
8,Forecourt Short Balls,26,0.0022778565803733375,0,0
8,Midcourt Balls,34,0.0,0,0
8,Backcourt Deep Balls,28,0.002060346545981117,0,0
9,Break Points,20,0.0025005981955557427,0,0
9,Service Breaks,1,0.136754058251958,1,1
9,Drive Returns,8,0.007258536686617173,0,1
9,Slice/Block Returns,10,0.005536833803541547,0,1
9,Total Returns,3,0.034503448098221916,1,1
9,Backhand Returns,9,0.0071733287053196105,0,1
9,Backhand Returns Won,31,0.0,0,0
9,Backhand Return Win,27,0.0017450358793956822,0,0
9,Forehand Returns,11,0.00435867205667952,0,0
9,Forehand Returns Won,32,0.0,0,0
9,Forehand Return Win,17,0.003307967238118307,0,0
9,Drive (3rd Shot),22,0.0024013257249407885,0,0
9,Slice/Block (3rd Shot),25,0.0019995082977510422,0,0
9,Aces,21,0.0024369647338899365,0,0
9,Double Faults,5,0.024311101789150677,1,1
9,1st Serve In,12,0.004294908061047279,0,0
9,2nd Serve In,15,0.003955686048412356,0,0
9,1st Serve Pts Won,7,0.011195099665243596,0,1
9,2nd Serve Pts Won,6,0.021240547835751016,1,1
9,1st Serve Speed (km/h),23,0.0022898605784697043,0,0
9,2nd Serve Speed (km/h),13,0.004047988000112077,0,0
9,Unforced Errors,4,0.02697421296394436,1,1
9,Forehand Avg Speed,29,0.001157603834658905,0,0
9,Backhand Avg Speed,14,0.004026980738157108,0,0
9,Rally ≤4 Shots,24,0.0021785878246445398,0,0
9,Rally 5–9 Shots,18,0.003300618062982412,0,0
9,Rally ≥10 Shots,19,0.002566361522408828,0,0
9,Total Points Won,2,0.03917859739575914,1,1
9,Net Approaches,16,0.0034000323478703322,0,0
9,Winners,33,0.0,0,0
9,Distance per Set (m),30,0.0010761699795422829,0,0
9,Forecourt Short Balls,26,0.0017562688335837026,0,0
9,Midcourt Balls,34,0.0,0,0
9,Backcourt Deep Balls,28,0.0017311716610788283,0,0
10,Break Points,12,0.004414300834370329,0,0
10,Service Breaks,1,0.12059465099780067,1,1
10,Drive Returns,8,0.006850806202489622,0,1
10,Slice/Block Returns,11,0.004484894155052862,0,0
10,Total Returns,3,0.032745761718542335,1,1
10,Backhand Returns,9,0.0059888820126583,0,1
10,Backhand Returns Won,31,0.0,0,0
10,Backhand Return Win,28,0.0016903725777231073,0,0
10,Forehand Returns,21,0.003024442331466056,0,0
10,Forehand Returns Won,32,0.0,0,0
10,Forehand Return Win,22,0.002978918306815881,0,0
10,Drive (3rd Shot),25,0.0020390448064532022,0,0
10,Slice/Block (3rd Shot),20,0.0030614140608460415,0,0
10,Aces,23,0.0025478047234524207,0,0
10,Double Faults,5,0.023479450297828178,1,1
10,1st Serve In,17,0.003346486622997067,0,0
10,2nd Serve In,10,0.004881567976903944,0,1
10,1st Serve Pts Won,7,0.012037657831321161,0,1
10,2nd Serve Pts Won,6,0.022576315963106292,1,1
10,1st Serve Speed (km/h),16,0.003406423075606695,0,0
10,2nd Serve Speed (km/h),13,0.004389434838923434,0,0
10,Unforced Errors,4,0.030476065914288728,1,1
10,Forehand Avg Speed,29,0.001458348022711906,0,0
10,Backhand Avg Speed,15,0.003718039259169451,0,0
10,Rally ≤4 Shots,24,0.0021765440736782266,0,0
10,Rally 5–9 Shots,19,0.0030645014442469555,0,0
10,Rally ≥10 Shots,18,0.0033249904658405396,0,0
10,Total Points Won,2,0.04377108813708845,1,1
10,Net Approaches,14,0.004323956743424301,0,0
10,Winners,33,0.0,0,0
10,Distance per Set (m),30,0.0012308878620292845,0,0
10,Forecourt Short Balls,27,0.001739804102829445,0,0
10,Midcourt Balls,34,0.0,0,0
10,Backcourt Deep Balls,26,0.0017566738150810955,0,0
11,Break Points,30,0.0007374800608281003,0,0
11,Service Breaks,1,0.1321551584552233,1,1
11,Drive Returns,10,0.010758850359717161,0,1
11,Slice/Block Returns,23,0.0010699348528564337,0,0
11,Total Returns,3,0.04982791904694793,1,1
11,Backhand Returns,7,0.016685060390132456,0,1
11,Backhand Returns Won,31,0.0,0,0
11,Backhand Return Win,25,0.000909135742794257,0,0
11,Forehand Returns,9,0.011576827352615034,0,1
11,Forehand Returns Won,32,0.0,0,0
11,Forehand Return Win,13,0.00506137973689767,0,0
11,Drive (3rd Shot),26,0.0008873425988439025,0,0
11,Slice/Block (3rd Shot),19,0.0022270366400715083,0,0
11,Aces,27,0.0008832518654687391,0,0
11,Double Faults,5,0.021240516912070916,1,1
11,1st Serve In,12,0.005098701466378184,0,0
11,2nd Serve In,11,0.0054126373886181365,0,0
11,1st Serve Pts Won,8,0.014637666221106398,0,1
11,2nd Serve Pts Won,6,0.021021050557546668,1,1
11,1st Serve Speed (km/h),18,0.0027832006278607707,0,0
11,2nd Serve Speed (km/h),14,0.004782822614493824,0,0
11,Unforced Errors,4,0.03683110619622169,1,1
11,Forehand Avg Speed,28,0.0008004794614814465,0,0
11,Backhand Avg Speed,15,0.0047307240867498325,0,0
11,Rally ≤4 Shots,24,0.0009370950048496966,0,0
11,Rally 5–9 Shots,16,0.0035414653387109466,0,0
11,Rally ≥10 Shots,20,0.002095310966929221,0,0
11,Total Points Won,2,0.05746186144268116,1,1
11,Net Approaches,17,0.0030722882632112417,0,0
11,Winners,33,0.0,0,0
11,Distance per Set (m),22,0.0017307994111147227,0,0
11,Forecourt Short Balls,29,0.0007699995302754965,0,0
11,Midcourt Balls,34,0.0,0,0
11,Backcourt Deep Balls,21,0.001867535169830677,0,0
12,Break Points,15,0.0036741334783479953,0,0
12,Service Breaks,1,0.1277850279642125,1,1
12,Drive Returns,11,0.006695050260158584,0,0
12,Slice/Block Returns,18,0.0031752776270381326,0,0
12,Total Returns,2,0.04172244075159426,1,1
12,Backhand Returns,7,0.014667628244094903,0,1
12,Backhand Returns Won,31,0.0,0,0
12,Backhand Return Win,27,0.001117470370805913,0,0
12,Forehand Returns,9,0.011301469582948288,0,1
12,Forehand Returns Won,32,0.0,0,0
12,Forehand Return Win,20,0.002907591424822106,0,0
12,Drive (3rd Shot),28,0.0010895303340293413,0,0
12,Slice/Block (3rd Shot),22,0.0028351050066944003,0,0
12,Aces,29,0.0010018822839742267,0,0
12,Double Faults,6,0.01702607127980723,1,1
12,1st Serve In,17,0.0032542923890440017,0,0
12,2nd Serve In,10,0.007487405016449653,0,1
12,1st Serve Pts Won,8,0.011970743262191363,0,1
12,2nd Serve Pts Won,5,0.022976079728183735,1,1
12,1st Serve Speed (km/h),16,0.0035756875230687065,0,0
12,2nd Serve Speed (km/h),14,0.003964197879540441,0,0
12,Unforced Errors,4,0.026175174947292625,1,1
12,Forehand Avg Speed,25,0.0014033794714851803,0,0
12,Backhand Avg Speed,13,0.004147347345859936,0,0
12,Rally ≤4 Shots,26,0.0012716328548208118,0,0
12,Rally 5–9 Shots,21,0.002855516952378612,0,0
12,Rally ≥10 Shots,24,0.00264847894315915,0,0
12,Total Points Won,3,0.03340933923694297,1,1
12,Net Approaches,12,0.005077366555756755,0,0
12,Winners,33,0.0,0,0
12,Distance per Set (m),19,0.0029873383049926886,0,0
12,Forecourt Short Balls,23,0.00276880854701557,0,0
12,Midcourt Balls,34,0.0,0,0
12,Backcourt Deep Balls,30,0.0009726337902708821,0,0
13,Break Points,25,0.0025973314953831395,0,0
13,Service Breaks,1,0.12170829835495486,1,1
13,Drive Returns,9,0.00937250143785204,0,1
13,Slice/Block Returns,12,0.005590877719323348,0,0
13,Total Returns,3,0.046322074520974324,1,1
13,Backhand Returns,8,0.011762697775424128,0,1
13,Backhand Returns Won,31,0.0,0,0
13,Backhand Return Win,28,0.002055185121325873,0,0
13,Forehand Returns,10,0.006667324294779551,0,1
13,Forehand Returns Won,32,0.0,0,0
13,Forehand Return Win,18,0.003917410110176827,0,0
13,Drive (3rd Shot),20,0.003450879491512361,0,0
13,Slice/Block (3rd Shot),23,0.002769038225544016,0,0
13,Aces,19,0.003675267671802203,0,0
13,Double Faults,5,0.02911964793971892,1,1
13,1st Serve In,11,0.006580844372264991,0,0
13,2nd Serve In,15,0.004676954825271352,0,0
13,1st Serve Pts Won,7,0.014293394731315691,0,1
13,2nd Serve Pts Won,6,0.02112336399139974,1,1
13,1st Serve Speed (km/h),27,0.0021833949990292044,0,0
13,2nd Serve Speed (km/h),14,0.005115547759840814,0,0
13,Unforced Errors,4,0.03344380982267468,1,1
13,Forehand Avg Speed,29,0.0013620946677443248,0,0
13,Backhand Avg Speed,13,0.005299678045230316,0,0
13,Rally ≤4 Shots,26,0.002572043962941869,0,0
13,Rally 5–9 Shots,17,0.003944784060918593,0,0
13,Rally ≥10 Shots,21,0.003265874358005193,0,0
13,Total Points Won,2,0.0558911473382423,1,1
13,Net Approaches,16,0.004156801536077084,0,0
13,Winners,33,0.0,0,0
13,Distance per Set (m),30,0.001230761239453125,0,0
13,Forecourt Short Balls,22,0.0029137595869899993,0,0
13,Midcourt Balls,34,0.0,0,0
13,Backcourt Deep Balls,24,0.0027015535778531306,0,0
14,Break Points,19,0.0027091817719316546,0,0
14,Service Breaks,1,0.1172016068789071,1,1
14,Drive Returns,9,0.009373944895123915,0,1
14,Slice/Block Returns,20,0.0027082121222628862,0,0
14,Total Returns,3,0.04189664542738051,1,1
14,Backhand Returns,8,0.011758742233180517,0,1
14,Backhand Returns Won,31,0.0,0,0
14,Backhand Return Win,28,0.0009338133592828698,0,0
14,Forehand Returns,10,0.008490269960104053,0,1
14,Forehand Returns Won,32,0.0,0,0
14,Forehand Return Win,17,0.0035397137213383765,0,0
14,Drive (3rd Shot),29,0.0009248661436061135,0,0
14,Slice/Block (3rd Shot),21,0.002458522207184724,0,0
14,Aces,30,0.000839984097176502,0,0
14,Double Faults,6,0.019860203095107092,1,1
14,1st Serve In,16,0.003820433726206508,0,0
14,2nd Serve In,11,0.006336566070955614,0,0
14,1st Serve Pts Won,7,0.012660638866071003,0,1
14,2nd Serve Pts Won,5,0.02128331188821414,1,1
14,1st Serve Speed (km/h),12,0.004350671530851,0,0
14,2nd Serve Speed (km/h),13,0.004259148234945939,0,0
14,Unforced Errors,4,0.03511198289622173,1,1
14,Forehand Avg Speed,26,0.0012144873541080799,0,0
14,Backhand Avg Speed,14,0.004216192245608614,0,0
14,Rally ≤4 Shots,25,0.0012599026141040459,0,0
14,Rally 5–9 Shots,18,0.002953595806093194,0,0
14,Rally ≥10 Shots,24,0.002108944944086618,0,0
14,Total Points Won,2,0.04628692430745472,1,1
14,Net Approaches,15,0.004184057964460109,0,0
14,Winners,33,0.0,0,0
14,Distance per Set (m),22,0.002312561807010297,0,0
14,Forecourt Short Balls,23,0.0022253480015238204,0,0
14,Midcourt Balls,34,0.0,0,0
14,Backcourt Deep Balls,27,0.0011371479565021715,0,0
15,Break Points,17,0.003373015575097105,0,0
15,Service Breaks,1,0.12962425820125187,1,1
15,Drive Returns,9,0.007281732369023726,0,1
15,Slice/Block Returns,19,0.0033079515021687145,0,0
15,Total Returns,3,0.035970648971318235,1,1
15,Backhand Returns,8,0.007914076509593575,0,1
15,Backhand Returns Won,31,0.0,0,0
15,Backhand Return Win,28,0.0018373222565544486,0,0
15,Forehand Returns,14,0.003924560354207545,0,0
15,Forehand Returns Won,32,0.0,0,0
15,Forehand Return Win,21,0.003108769865884937,0,0
15,Drive (3rd Shot),24,0.0023029458142076837,0,0
15,Slice/Block (3rd Shot),20,0.003218918425065318,0,0
15,Aces,22,0.002963740981242972,0,0
15,Double Faults,5,0.024792510969537402,1,1
15,1st Serve In,15,0.0038482124230978048,0,0
15,2nd Serve In,11,0.004676881973215152,0,0
15,1st Serve Pts Won,7,0.013078638866210185,0,1
15,2nd Serve Pts Won,6,0.022635014049705613,1,1
15,1st Serve Speed (km/h),23,0.0026918361894421364,0,0
15,2nd Serve Speed (km/h),10,0.004724562023071191,0,1
15,Unforced Errors,4,0.0307972982310776,1,1
15,Forehand Avg Speed,30,0.0011775175227620074,0,0
15,Backhand Avg Speed,13,0.004033175678629829,0,0
15,Rally ≤4 Shots,25,0.002276708311100574,0,0
15,Rally 5–9 Shots,18,0.003370212400394713,0,0
15,Rally ≥10 Shots,16,0.003525133648007339,0,0
15,Total Points Won,2,0.049868122963177504,1,1
15,Net Approaches,12,0.004246131365816577,0,0
15,Winners,33,0.0,0,0
15,Distance per Set (m),29,0.0011836852403611777,0,0
15,Forecourt Short Balls,27,0.002055751230322522,0,0
15,Midcourt Balls,34,0.0,0,0
15,Backcourt Deep Balls,26,0.002202240198394371,0,0
16,Break Points,20,0.0023076417347848775,0,0
16,Service Breaks,1,0.13570220982586506,1,1
16,Drive Returns,8,0.009074544908071185,0,1
16,Slice/Block Returns,10,0.005104674114010467,0,1
16,Total Returns,3,0.035773688863834474,1,1
16,Backhand Returns,9,0.007956721812057914,0,1
16,Backhand Returns Won,31,0.0,0,0
16,Backhand Return Win,28,0.0013744388691888036,0,0
16,Forehand Returns,11,0.004981549746813368,0,0
16,Forehand Returns Won,32,0.0,0,0
16,Forehand Return Win,18,0.002584469575608963,0,0
16,Drive (3rd Shot),24,0.0018575276920811264,0,0
16,Slice/Block (3rd Shot),21,0.0020269507408470643,0,0
16,Aces,23,0.0019643841663320237,0,0
16,Double Faults,5,0.02352026297000729,1,1
16,1st Serve In,12,0.004741943823215576,0,0
16,2nd Serve In,15,0.0037353008609005973,0,0
16,1st Serve Pts Won,7,0.01126803533488993,0,1
16,2nd Serve Pts Won,6,0.02004480449733588,1,1
16,1st Serve Speed (km/h),19,0.002551701531316496,0,0
16,2nd Serve Speed (km/h),13,0.004360622485895995,0,0
16,Unforced Errors,4,0.030638092249720653,1,1
16,Forehand Avg Speed,30,0.0008025043516107591,0,0
16,Backhand Avg Speed,14,0.004218356293508607,0,0
16,Rally ≤4 Shots,26,0.0017814335912750318,0,0
16,Rally 5–9 Shots,17,0.0035115367832356153,0,0
16,Rally ≥10 Shots,22,0.0020124225329180537,0,0
16,Total Points Won,2,0.04395827471459598,1,1
16,Net Approaches,16,0.0035406986938818228,0,0
16,Winners,33,0.0,0,0
16,Distance per Set (m),29,0.0008883835775562554,0,0
16,Forecourt Short Balls,27,0.0014226253003053432,0,0
16,Midcourt Balls,34,0.0,0,0
16,Backcourt Deep Balls,25,0.0018557973790358441,0,0
17,Break Points,22,0.0030533663854316775,0,0
17,Service Breaks,1,0.1180370653783466,1,1
17,Drive Returns,10,0.006121210396225323,0,1
17,Slice/Block Returns,9,0.008062511760047977,0,1
17,Total Returns,2,0.03983769188469142,1,1
17,Backhand Returns,8,0.010163571333358818,0,1
17,Backhand Returns Won,31,0.0,0,0
17,Backhand Return Win,27,0.0022935997687113614,0,0
17,Forehand Returns,11,0.006102522522128767,0,0
17,Forehand Returns Won,32,0.0,0,0
17,Forehand Return Win,12,0.0051654957153424745,0,0
17,Drive (3rd Shot),21,0.0033614523535711108,0,0
17,Slice/Block (3rd Shot),24,0.002674636913611357,0,0
17,Aces,20,0.0034398370637850413,0,0
17,Double Faults,4,0.025588710369606412,1,1
17,1st Serve In,15,0.004742620378963268,0,0
17,2nd Serve In,13,0.00516019984382966,0,0
17,1st Serve Pts Won,7,0.012233403196474875,0,1
17,2nd Serve Pts Won,6,0.02261781042461149,1,1
17,1st Serve Speed (km/h),25,0.0026163078001032805,0,0
17,2nd Serve Speed (km/h),17,0.004271497502380008,0,0
17,Unforced Errors,5,0.024954336439847895,1,1
17,Forehand Avg Speed,29,0.0016245449471646435,0,0
17,Backhand Avg Speed,14,0.0047440719646609925,0,0
17,Rally ≤4 Shots,23,0.002812906604260534,0,0
17,Rally 5–9 Shots,19,0.0034845686593498047,0,0
17,Rally ≥10 Shots,18,0.0036029663845973847,0,0
17,Total Points Won,3,0.03664357823534709,1,1
17,Net Approaches,16,0.004435204772483742,0,0
17,Winners,33,0.0,0,0
17,Distance per Set (m),30,0.0013845748623961495,0,0
17,Forecourt Short Balls,26,0.0024186188264913653,0,0
17,Midcourt Balls,34,0.0,0,0
17,Backcourt Deep Balls,28,0.002067680805850969,0,0
18,Break Points,23,0.0025767630565654265,0,0
18,Service Breaks,1,0.11970426952087537,1,1
18,Drive Returns,8,0.008468819503963642,0,1
18,Slice/Block Returns,10,0.006754465808842336,0,1
18,Total Returns,3,0.04019368096653194,1,1
18,Backhand Returns,9,0.008461516944733826,0,1
18,Backhand Returns Won,31,0.0,0,0
18,Backhand Return Win,28,0.0019134514230559033,0,0
18,Forehand Returns,11,0.005076098232111149,0,0
18,Forehand Returns Won,32,0.0,0,0
18,Forehand Return Win,17,0.003586491269497271,0,0
18,Drive (3rd Shot),21,0.002792018298272888,0,0
18,Slice/Block (3rd Shot),25,0.002281425766067285,0,0
18,Aces,20,0.0028917771724591116,0,0
18,Double Faults,5,0.027467268246478816,1,1
18,1st Serve In,12,0.004964658716999617,0,0
18,2nd Serve In,15,0.004294001722268473,0,0
18,1st Serve Pts Won,7,0.012931689802724761,0,1
18,2nd Serve Pts Won,6,0.02411423308268873,1,1
18,1st Serve Speed (km/h),22,0.0026109101957454473,0,0
18,2nd Serve Speed (km/h),13,0.004668965146977628,0,0
18,Unforced Errors,4,0.028379566625030415,1,1
18,Forehand Avg Speed,29,0.0013854279897169272,0,0
18,Backhand Avg Speed,14,0.004638296454589216,0,0
18,Rally ≤4 Shots,24,0.0024259084744368982,0,0
18,Rally 5–9 Shots,18,0.0035731197923514865,0,0
18,Rally ≥10 Shots,19,0.0030313949602020565,0,0
18,Total Points Won,2,0.04327667488674969,1,1
18,Net Approaches,16,0.0038697322812699707,0,0
18,Winners,33,0.0,0,0
18,Distance per Set (m),30,0.0012027538066720464,0,0
18,Forecourt Short Balls,26,0.0020359255901166206,0,0
18,Midcourt Balls,34,0.0,0,0
18,Backcourt Deep Balls,27,0.0019931708575819736,0,0
19,Break Points,9,0.00538062368479528,0,1
19,Service Breaks,1,0.13251168434349941,1,1
19,Drive Returns,11,0.00496983407924122,0,0
19,Slice/Block Returns,13,0.0048157840237817206,0,0
19,Total Returns,3,0.03136650080374229,1,1
19,Backhand Returns,8,0.006769027098702632,0,1
19,Backhand Returns Won,31,0.0,0,0
19,Backhand Return Win,26,0.002030012889522105,0,0
19,Forehand Returns,18,0.0035333313846555273,0,0
19,Forehand Returns Won,32,0.0,0,0
19,Forehand Return Win,14,0.004279746644388484,0,0
19,Drive (3rd Shot),25,0.0023139309678654563,0,0
19,Slice/Block (3rd Shot),22,0.002886484277664897,0,0
19,Aces,23,0.002862341718433777,0,0
19,Double Faults,5,0.022352072556298903,1,1
19,1st Serve In,20,0.0031913221424601287,0,0
19,2nd Serve In,10,0.004999802083398821,0,1
19,1st Serve Pts Won,7,0.011516827490006517,0,1
19,2nd Serve Pts Won,6,0.021891794286413625,1,1
19,1st Serve Speed (km/h),19,0.0032809396256583503,0,0
19,2nd Serve Speed (km/h),15,0.0041302821114012934,0,0
19,Unforced Errors,4,0.024988876378401567,1,1
19,Forehand Avg Speed,29,0.00162329352662239,0,0
19,Backhand Avg Speed,17,0.0036737913058127,0,0
19,Rally ≤4 Shots,24,0.0025195093123056684,0,0
19,Rally 5–9 Shots,21,0.0031268580381946655,0,0
19,Rally ≥10 Shots,16,0.0037541718899211105,0,0
19,Total Points Won,2,0.03521199070293806,1,1
19,Net Approaches,12,0.004878597044936111,0,0
19,Winners,33,0.0,0,0
19,Distance per Set (m),30,0.001387635969575629,0,0
19,Forecourt Short Balls,27,0.001973504542108943,0,0
19,Midcourt Balls,34,0.0,0,0
19,Backcourt Deep Balls,28,0.001784501938254936,0,0
20,Break Points,19,0.002981798973411829,0,0
20,Service Breaks,1,0.127530139160616,1,1
20,Drive Returns,9,0.009397413216657916,0,1
20,Slice/Block Returns,20,0.0026575405739879226,0,0
20,Total Returns,3,0.041772677876422366,1,1
20,Backhand Returns,8,0.011722725105441366,0,1
20,Backhand Returns Won,31,0.0,0,0
20,Backhand Return Win,28,0.0009572817196487913,0,0
20,Forehand Returns,10,0.00902974247612531,0,1
20,Forehand Returns Won,32,0.0,0,0
20,Forehand Return Win,16,0.00355687200555521,0,0
20,Drive (3rd Shot),29,0.0009344423320824539,0,0
20,Slice/Block (3rd Shot),22,0.002316119786223826,0,0
20,Aces,30,0.0008691685612698526,0,0
20,Double Faults,6,0.020992868550013956,1,1
20,1st Serve In,17,0.003510097255082512,0,0
20,2nd Serve In,11,0.005996423644374571,0,0
20,1st Serve Pts Won,7,0.012897081648772834,0,1
20,2nd Serve Pts Won,5,0.024629465835313412,1,1
20,1st Serve Speed (km/h),14,0.0042156532927590225,0,0
20,2nd Serve Speed (km/h),12,0.004402723512282438,0,0
20,Unforced Errors,4,0.02997973991140625,1,1
20,Forehand Avg Speed,26,0.0011920828795901335,0,0
20,Backhand Avg Speed,15,0.004212674229559993,0,0
20,Rally ≤4 Shots,25,0.0012711609954936588,0,0
20,Rally 5–9 Shots,18,0.0031758060202671822,0,0
20,Rally ≥10 Shots,24,0.0021368274506047068,0,0
20,Total Points Won,2,0.04199462005233891,1,1
20,Net Approaches,13,0.004285575773341119,0,0
20,Winners,33,0.0,0,0
20,Distance per Set (m),21,0.0024095471097041704,0,0
20,Forecourt Short Balls,23,0.0022316629925132198,0,0
20,Midcourt Balls,34,0.0,0,0
20,Backcourt Deep Balls,27,0.0011007948453929468,0,0
21,Break Points,12,0.005131905231297725,0,0
21,Service Breaks,1,0.13371204873579948,1,1
21,Drive Returns,9,0.005909624861452071,0,1
21,Slice/Block Returns,14,0.004713163216751205,0,0
21,Total Returns,6,0.020317799813141302,1,1
21,Backhand Returns,21,0.0034327155858140134,0,0
21,Backhand Returns Won,31,0.0,0,0
21,Backhand Return Win,27,0.0025268792554794784,0,0
21,Forehand Returns,15,0.004562553324278716,0,0
21,Forehand Returns Won,32,0.0,0,0
21,Forehand Return Win,10,0.0056298875657772906,0,1
21,Drive (3rd Shot),25,0.0030280246249635226,0,0
21,Slice/Block (3rd Shot),18,0.003639786415653569,0,0
21,Aces,16,0.0039820030157886694,0,0
21,Double Faults,5,0.025872435691045182,1,1
21,1st Serve In,19,0.0035317705334152027,0,0
21,2nd Serve In,8,0.006256882577563122,0,1
21,1st Serve Pts Won,7,0.013705860335473842,0,1
21,2nd Serve Pts Won,4,0.026715443674775907,1,1
21,1st Serve Speed (km/h),22,0.0033815302773454576,0,0
21,2nd Serve Speed (km/h),13,0.004767351653224775,0,0
21,Unforced Errors,3,0.028745704703800595,1,1
21,Forehand Avg Speed,29,0.0017792146137665479,0,0
21,Backhand Avg Speed,24,0.0030929967496282655,0,0
21,Rally ≤4 Shots,23,0.0032550025184728488,0,0
21,Rally 5–9 Shots,20,0.0034897097159557943,0,0
21,Rally ≥10 Shots,17,0.0038365343044650694,0,0
21,Total Points Won,2,0.045406227048995745,1,1
21,Net Approaches,11,0.005500535746372135,0,0
21,Winners,33,0.0,0,0
21,Distance per Set (m),30,0.001548288683306283,0,0
21,Forecourt Short Balls,26,0.0027922449179139707,0,0
21,Midcourt Balls,34,0.0,0,0
21,Backcourt Deep Balls,28,0.002276222097223298,0,0
22,Break Points,20,0.0028885562769806108,0,0
22,Service Breaks,1,0.1384613039695794,1,1
22,Drive Returns,10,0.005100481960610827,0,1
22,Slice/Block Returns,9,0.006425479624029489,0,1
22,Total Returns,2,0.03325841838530314,1,1
22,Backhand Returns,8,0.008375539329860852,0,1
22,Backhand Returns Won,31,0.0,0,0
22,Backhand Return Win,26,0.002033238039089824,0,0
22,Forehand Returns,11,0.005096302657373138,0,0
22,Forehand Returns Won,32,0.0,0,0
22,Forehand Return Win,13,0.004608318691615132,0,0
22,Drive (3rd Shot),22,0.002810249348823296,0,0
22,Slice/Block (3rd Shot),24,0.002280531382513357,0,0
22,Aces,21,0.002815765838955466,0,0
22,Double Faults,5,0.022219609148869,1,1
22,1st Serve In,14,0.004027811042047911,0,0
22,2nd Serve In,12,0.004613046159071368,0,0
22,1st Serve Pts Won,7,0.010323762470455163,0,1
22,2nd Serve Pts Won,6,0.01961301691869584,1,1
22,1st Serve Speed (km/h),25,0.0022065418762360137,0,0
22,2nd Serve Speed (km/h),17,0.0036413174682944764,0,0
22,Unforced Errors,4,0.02398925139392294,1,1
22,Forehand Avg Speed,29,0.0013147427016389985,0,0
22,Backhand Avg Speed,15,0.004016349102481567,0,0
22,Rally ≤4 Shots,23,0.002448679288745941,0,0
22,Rally 5–9 Shots,18,0.0031723859509256457,0,0
22,Rally ≥10 Shots,19,0.002965165469772728,0,0
22,Total Points Won,3,0.03289563345554474,1,1
22,Net Approaches,16,0.003791468124009584,0,0
22,Winners,33,0.0,0,0
22,Distance per Set (m),30,0.0012089630729659633,0,0
22,Forecourt Short Balls,27,0.002024825122056119,0,0
22,Midcourt Balls,34,0.0,0,0
22,Backcourt Deep Balls,28,0.0017465863105461808,0,0
23,Break Points,22,0.0025170153830445705,0,0
23,Service Breaks,1,0.11201885775248464,1,1
23,Drive Returns,8,0.011658183149120347,0,1
23,Slice/Block Returns,10,0.006881798357125133,0,1
23,Total Returns,3,0.0459188534294528,1,1
23,Backhand Returns,9,0.01033836170225745,0,1
23,Backhand Returns Won,31,0.0,0,0
23,Backhand Return Win,28,0.0015927552070261004,0,0
23,Forehand Returns,12,0.006476833076422454,0,0
23,Forehand Returns Won,32,0.0,0,0
23,Forehand Return Win,19,0.00321477682113973,0,0
23,Drive (3rd Shot),23,0.0023776555229088527,0,0
23,Slice/Block (3rd Shot),26,0.0021586592723752815,0,0
23,Aces,21,0.002560365714967133,0,0
23,Double Faults,5,0.028679970929639302,1,1
23,1st Serve In,11,0.0065198287905083386,0,0
23,2nd Serve In,17,0.003706526893585588,0,0
23,1st Serve Pts Won,7,0.01419299090170451,0,1
23,2nd Serve Pts Won,6,0.022829460427733667,1,1
23,1st Serve Speed (km/h),18,0.003244891665369979,0,0
23,2nd Serve Speed (km/h),13,0.005492843021637539,0,0
23,Unforced Errors,4,0.0340899889506807,1,1
23,Forehand Avg Speed,30,0.001031697692881669,0,0
23,Backhand Avg Speed,14,0.005370823137270238,0,0
23,Rally ≤4 Shots,25,0.002171802626658082,0,0
23,Rally 5–9 Shots,16,0.004115084159591148,0,0
23,Rally ≥10 Shots,20,0.0026074060514143836,0,0
23,Total Points Won,2,0.0515309754178151,1,1
23,Net Approaches,15,0.00440608580938213,0,0
23,Winners,33,0.0,0,0
23,Distance per Set (m),29,0.0010634135845287514,0,0
23,Forecourt Short Balls,27,0.0018048288730375176,0,0
23,Midcourt Balls,34,0.0,0,0
23,Backcourt Deep Balls,24,0.0023674508794807618,0,0
24,Break Points,16,0.004302958082201703,0,0
24,Service Breaks,1,0.11983113766359342,1,1
24,Drive Returns,8,0.00952423958307196,0,1
24,Slice/Block Returns,11,0.004767326501562865,0,0
24,Total Returns,3,0.03795734935561394,1,1
24,Backhand Returns,9,0.007669417509800485,0,1
24,Backhand Returns Won,31,0.0,0,0
24,Backhand Return Win,28,0.0015191200137797977,0,0
24,Forehand Returns,14,0.004320126379474942,0,0
24,Forehand Returns Won,32,0.0,0,0
24,Forehand Return Win,22,0.0026960460795340284,0,0
24,Drive (3rd Shot),26,0.0018191679667068667,0,0
24,Slice/Block (3rd Shot),21,0.0027549606211647922,0,0
24,Aces,23,0.002366758712275834,0,0
24,Double Faults,5,0.025495012965084645,1,1
24,1st Serve In,15,0.004311450547551127,0,0
24,2nd Serve In,17,0.004257237342433604,0,0
24,1st Serve Pts Won,7,0.013285776031069459,0,1
24,2nd Serve Pts Won,6,0.023592491995729752,1,1
24,1st Serve Speed (km/h),18,0.0038224814864147006,0,0
24,2nd Serve Speed (km/h),10,0.0051019260718537926,0,1
24,Unforced Errors,4,0.03184924119166159,1,1
24,Forehand Avg Speed,29,0.001163014356059044,0,0
24,Backhand Avg Speed,13,0.004400258894457447,0,0
24,Rally ≤4 Shots,25,0.0020043404406674724,0,0
24,Rally 5–9 Shots,19,0.0036532207549411708,0,0
24,Rally ≥10 Shots,20,0.0029710403289690585,0,0
24,Total Points Won,2,0.04779383046320508,1,1
24,Net Approaches,12,0.004727609583594122,0,0
24,Winners,33,0.0,0,0
24,Distance per Set (m),30,0.001117346897296813,0,0
24,Forecourt Short Balls,27,0.0015865364336225438,0,0
24,Midcourt Balls,34,0.0,0,0
24,Backcourt Deep Balls,24,0.0020518175483102523,0,0
25,Break Points,22,0.002747946753739177,0,0
25,Service Breaks,1,0.12573140263295648,1,1
25,Drive Returns,8,0.008457162410010056,0,1
25,Slice/Block Returns,10,0.006533457958443524,0,1
25,Total Returns,3,0.04022582696792912,1,1
25,Backhand Returns,9,0.008397494322717669,0,1
25,Backhand Returns Won,31,0.0,0,0
25,Backhand Return Win,28,0.0019315306688168917,0,0
25,Forehand Returns,12,0.005175989720574622,0,0
25,Forehand Returns Won,32,0.0,0,0
25,Forehand Return Win,17,0.0038329184335647317,0,0
25,Drive (3rd Shot),21,0.002798948633076931,0,0
25,Slice/Block (3rd Shot),25,0.0020546864699177375,0,0
25,Aces,20,0.002833962646274291,0,0
25,Double Faults,5,0.027438207557774385,1,1
25,1st Serve In,11,0.005355066231353046,0,0
25,2nd Serve In,15,0.004030517160952054,0,0
25,1st Serve Pts Won,7,0.012831915133908859,0,1
25,2nd Serve Pts Won,6,0.02200505859815952,1,1
25,1st Serve Speed (km/h),23,0.002728585298625497,0,0
25,2nd Serve Speed (km/h),14,0.0046338273510832485,0,0
25,Unforced Errors,4,0.02868728712789357,1,1
25,Forehand Avg Speed,29,0.0013457515579677467,0,0
25,Backhand Avg Speed,13,0.00468866023302066,0,0
25,Rally ≤4 Shots,24,0.0025389245651212576,0,0
25,Rally 5–9 Shots,18,0.003699084560889684,0,0
25,Rally ≥10 Shots,19,0.002980715030669417,0,0
25,Total Points Won,2,0.0422889374443042,1,1
25,Net Approaches,16,0.0038920016738977245,0,0
25,Winners,33,0.0,0,0
25,Distance per Set (m),30,0.0012123924979159397,0,0
25,Forecourt Short Balls,26,0.002026017251389086,0,0
25,Midcourt Balls,34,0.0,0,0
25,Backcourt Deep Balls,27,0.002018286981618491,0,0
26,Break Points,26,0.0020365124997802292,0,0
26,Service Breaks,1,0.13509264013695724,1,1
26,Drive Returns,9,0.00782133912093679,0,1
26,Slice/Block Returns,12,0.004586983554238263,0,0
26,Total Returns,3,0.0386299245808084,1,1
26,Backhand Returns,8,0.009776721030336277,0,1
26,Backhand Returns Won,31,0.0,0,0
26,Backhand Return Win,27,0.0018185995067383507,0,0
26,Forehand Returns,10,0.005459669937125455,0,1
26,Forehand Returns Won,32,0.0,0,0
26,Forehand Return Win,18,0.0032812720235740776,0,0
26,Drive (3rd Shot),20,0.0028781342792067797,0,0
26,Slice/Block (3rd Shot),22,0.0026630527185153635,0,0
26,Aces,19,0.0030703477652078317,0,0
26,Double Faults,5,0.02512312775874896,1,1
26,1st Serve In,11,0.005056026877922313,0,0
26,2nd Serve In,13,0.0044951858910413,0,0
26,1st Serve Pts Won,7,0.012141790059559072,0,1
26,2nd Serve Pts Won,6,0.020480640787571988,1,1
26,1st Serve Speed (km/h),28,0.0017901182635359527,0,0
26,2nd Serve Speed (km/h),15,0.004323583691723784,0,0
26,Unforced Errors,4,0.030757088529113092,1,1
26,Forehand Avg Speed,29,0.0011398356239866966,0,0
26,Backhand Avg Speed,14,0.004425430916517015,0,0
26,Rally ≤4 Shots,25,0.002146979696372085,0,0
26,Rally 5–9 Shots,17,0.003451977190431137,0,0
26,Rally ≥10 Shots,21,0.002729878340164969,0,0
26,Total Points Won,2,0.049994454425824085,1,1
26,Net Approaches,16,0.0035387593877094924,0,0
26,Winners,33,0.0,0,0
26,Distance per Set (m),30,0.0010250612057823925,0,0
26,Forecourt Short Balls,23,0.0024069592472806627,0,0
26,Midcourt Balls,34,0.0,0,0
26,Backcourt Deep Balls,24,0.0022507487799231845,0,0
27,Break Points,20,0.0026222738619109186,0,0
27,Service Breaks,1,0.12881316806745138,1,1
27,Drive Returns,9,0.011121173349944287,0,1
27,Slice/Block Returns,19,0.002787042312217771,0,0
27,Total Returns,3,0.04133097845828291,1,1
27,Backhand Returns,8,0.01143551898495402,0,1
27,Backhand Returns Won,31,0.0,0,0
27,Backhand Return Win,28,0.0007636995152883256,0,0
27,Forehand Returns,10,0.008412754199285588,0,1
27,Forehand Returns Won,32,0.0,0,0
27,Forehand Return Win,17,0.004145625184497555,0,0
27,Drive (3rd Shot),29,0.0007626182550082349,0,0
27,Slice/Block (3rd Shot),21,0.0023050373726991864,0,0
27,Aces,30,0.0007554587924990839,0,0
27,Double Faults,6,0.020924142422297214,1,1
27,1st Serve In,16,0.004243053972668961,0,0
27,2nd Serve In,11,0.005358340363918198,0,0
27,1st Serve Pts Won,7,0.01254242751796466,0,1
27,2nd Serve Pts Won,5,0.022109213127474193,1,1
27,1st Serve Speed (km/h),13,0.004506180764580877,0,0
27,2nd Serve Speed (km/h),12,0.004664550175214578,0,0
27,Unforced Errors,4,0.03375724141460327,1,1
27,Forehand Avg Speed,27,0.0009004327214191495,0,0
27,Backhand Avg Speed,14,0.004489226386451311,0,0
27,Rally ≤4 Shots,26,0.0011227580265280074,0,0
27,Rally 5–9 Shots,18,0.0035337664630207973,0,0
27,Rally ≥10 Shots,24,0.0015544263753197443,0,0
27,Total Points Won,2,0.04733116460311183,1,1
27,Net Approaches,15,0.004275882495070562,0,0
27,Winners,33,0.0,0,0
27,Distance per Set (m),22,0.0017095954124634128,0,0
27,Forecourt Short Balls,23,0.0015631118935361303,0,0
27,Midcourt Balls,34,0.0,0,0
27,Backcourt Deep Balls,25,0.0015288439399017398,0,0
28,Break Points,19,0.002624701420138174,0,0
28,Service Breaks,1,0.12203240108011608,1,1
28,Drive Returns,9,0.008781028478206722,0,1
28,Slice/Block Returns,10,0.006780512650369429,0,1
28,Total Returns,3,0.0399467889300591,1,1
28,Backhand Returns,8,0.01032116216969965,0,1
28,Backhand Returns Won,31,0.0,0,0
28,Backhand Return Win,28,0.0016619019401782659,0,0
28,Forehand Returns,11,0.006395235724010463,0,0
28,Forehand Returns Won,32,0.0,0,0
28,Forehand Return Win,18,0.002989953819100146,0,0
28,Drive (3rd Shot),24,0.0023873418506914538,0,0
28,Slice/Block (3rd Shot),22,0.0025090932351349285,0,0
28,Aces,21,0.002539745820788148,0,0
28,Double Faults,5,0.024206886579148972,1,1
28,1st Serve In,12,0.004891608263504319,0,0
28,2nd Serve In,15,0.00440714062818041,0,0
28,1st Serve Pts Won,7,0.012022285368210631,0,1
28,2nd Serve Pts Won,6,0.020683570823707084,1,1
28,1st Serve Speed (km/h),23,0.0024124386234396756,0,0
28,2nd Serve Speed (km/h),14,0.0046079617699050475,0,0
28,Unforced Errors,4,0.03016544075057425,1,1
28,Forehand Avg Speed,30,0.0009883633253344342,0,0
28,Backhand Avg Speed,13,0.004774891947404919,0,0
28,Rally ≤4 Shots,26,0.0020700842886637355,0,0
28,Rally 5–9 Shots,17,0.003639120972014227,0,0
28,Rally ≥10 Shots,20,0.0025926719365702293,0,0
28,Total Points Won,2,0.043460062525441344,1,1
28,Net Approaches,16,0.004316255848839519,0,0
28,Winners,33,0.0,0,0
28,Distance per Set (m),29,0.0010461416923177311,0,0
28,Forecourt Short Balls,27,0.0018028983192014078,0,0
28,Midcourt Balls,34,0.0,0,0
28,Backcourt Deep Balls,25,0.0020909330265071885,0,0
29,Break Points,15,0.003914384088989407,0,0
29,Service Breaks,1,0.11480209554992846,1,1
29,Drive Returns,8,0.006327601336313163,0,1
29,Slice/Block Returns,13,0.0043046340964555535,0,0
29,Total Returns,3,0.03184468781753018,1,1
29,Backhand Returns,9,0.0049773492109147464,0,1
29,Backhand Returns Won,31,0.0,0,0
29,Backhand Return Win,27,0.001881543234488512,0,0
29,Forehand Returns,19,0.003018420190054914,0,0
29,Forehand Returns Won,32,0.0,0,0
29,Forehand Return Win,21,0.0028367578677669374,0,0
29,Drive (3rd Shot),23,0.002210301671573401,0,0
29,Slice/Block (3rd Shot),22,0.0028099607365501475,0,0
29,Aces,28,0.001829661637705471,0,0
29,Double Faults,5,0.021977635655421154,1,1
29,1st Serve In,18,0.003059070758380091,0,0
29,2nd Serve In,12,0.004440697942615714,0,0
29,1st Serve Pts Won,7,0.01047292619565207,0,1
29,2nd Serve Pts Won,6,0.0213773256871402,1,1
29,1st Serve Speed (km/h),16,0.0037753688126839166,0,0
29,2nd Serve Speed (km/h),11,0.004760008421302179,0,0
29,Unforced Errors,4,0.02939107441359079,1,1
29,Forehand Avg Speed,25,0.002038236867397778,0,0
29,Backhand Avg Speed,14,0.003942928489166119,0,0
29,Rally ≤4 Shots,24,0.0021041718635350748,0,0
29,Rally 5–9 Shots,20,0.0029111567837135283,0,0
29,Rally ≥10 Shots,17,0.0031749927440658373,0,0
29,Total Points Won,2,0.03937943373645962,1,1
29,Net Approaches,10,0.00490464802277243,0,1
29,Winners,33,0.0,0,0
29,Distance per Set (m),30,0.001247802235190691,0,0
29,Forecourt Short Balls,26,0.0019941799519059573,0,0
29,Midcourt Balls,34,0.0,0,0
29,Backcourt Deep Balls,29,0.0015245789528013014,0,0
30,Break Points,13,0.0041430201753644,0,0
30,Service Breaks,1,0.13181338550198055,1,1
30,Drive Returns,8,0.008571499603018595,0,1
30,Slice/Block Returns,14,0.004098194117994788,0,0
30,Total Returns,3,0.034197819508888755,1,1
30,Backhand Returns,9,0.006848805208125199,0,1
30,Backhand Returns Won,31,0.0,0,0
30,Backhand Return Win,28,0.0014358348991178108,0,0
30,Forehand Returns,17,0.003894325966068133,0,0
30,Forehand Returns Won,32,0.0,0,0
30,Forehand Return Win,22,0.002509818199085473,0,0
30,Drive (3rd Shot),26,0.0016413983126121235,0,0
30,Slice/Block (3rd Shot),21,0.0025199688590029456,0,0
30,Aces,23,0.0021086311915215874,0,0
30,Double Faults,5,0.02348292197309438,1,1
30,1st Serve In,16,0.0038983435217594307,0,0
30,2nd Serve In,12,0.004153137458805449,0,0
30,1st Serve Pts Won,7,0.012036537068855964,0,1
30,2nd Serve Pts Won,6,0.02163034132489237,1,1
30,1st Serve Speed (km/h),18,0.0034984735522335278,0,0
30,2nd Serve Speed (km/h),10,0.004625098509540954,0,1
30,Unforced Errors,4,0.030670849126732198,1,1
30,Forehand Avg Speed,29,0.0010498867836820605,0,0
30,Backhand Avg Speed,15,0.003990566762986833,0,0
30,Rally ≤4 Shots,24,0.0018780145443468461,0,0
30,Rally 5–9 Shots,19,0.0034670539312801436,0,0
30,Rally ≥10 Shots,20,0.0026510376083050294,0,0
30,Total Points Won,2,0.04447346066186613,1,1
30,Net Approaches,11,0.004313907819693655,0,0
30,Winners,33,0.0,0,0
30,Distance per Set (m),30,0.0010324042433234322,0,0
30,Forecourt Short Balls,27,0.001443337450308832,0,0
30,Midcourt Balls,34,0.0,0,0
30,Backcourt Deep Balls,25,0.001862104795115957,0,0
31,Break Points,10,0.006303241565363724,0,1
31,Service Breaks,1,0.14737875716102858,1,1
31,Drive Returns,9,0.006414736629849918,0,1
31,Slice/Block Returns,18,0.002619561016650125,0,0
31,Total Returns,5,0.017459090553749078,1,1
31,Backhand Returns,22,0.0021195915671887743,0,0
31,Backhand Returns Won,31,0.0,0,0
31,Backhand Return Win,28,0.001563325513593199,0,0
31,Forehand Returns,21,0.0022011823363999364,0,0
31,Forehand Returns Won,32,0.0,0,0
31,Forehand Return Win,17,0.0026673504020242687,0,0
31,Drive (3rd Shot),27,0.0016388273418484229,0,0
31,Slice/Block (3rd Shot),14,0.00401040143168624,0,0
31,Aces,20,0.0023352158812404563,0,0
31,Double Faults,6,0.017291416792070524,1,1
31,1st Serve In,19,0.0026062955981892835,0,0
31,2nd Serve In,8,0.009839551002652821,0,1
31,1st Serve Pts Won,7,0.013899038213525169,0,1
31,2nd Serve Pts Won,4,0.02809293704450302,1,1
31,1st Serve Speed (km/h),11,0.005130666334359495,0,0
31,2nd Serve Speed (km/h),13,0.004453923672097669,0,0
31,Unforced Errors,3,0.030839069428028405,1,1
31,Forehand Avg Speed,26,0.0018016011097612425,0,0
31,Backhand Avg Speed,24,0.0019454886513627387,0,0
31,Rally ≤4 Shots,23,0.0020238236578027312,0,0
31,Rally 5–9 Shots,15,0.0030720019521134957,0,0
31,Rally ≥10 Shots,16,0.002881535625786336,0,0
31,Total Points Won,2,0.04434557529545655,1,1
31,Net Approaches,12,0.005115940477417856,0,0
31,Winners,33,0.0,0,0
31,Distance per Set (m),25,0.0018950486374676159,0,0
31,Forecourt Short Balls,29,0.001407853033291743,0,0
31,Midcourt Balls,34,0.0,0,0
31,Backcourt Deep Balls,30,0.001250646968978632,0,0
32,Break Points,17,0.0029618332651668135,0,0
32,Service Breaks,1,0.14637219878813718,1,1
32,Drive Returns,9,0.007830650977637988,0,1
32,Slice/Block Returns,20,0.0021526017337091586,0,0
32,Total Returns,3,0.0348709067117456,1,1
32,Backhand Returns,8,0.009672145682833881,0,1
32,Backhand Returns Won,31,0.0,0,0
32,Backhand Return Win,28,0.0008808064854838274,0,0
32,Forehand Returns,10,0.007533918431997359,0,1
32,Forehand Returns Won,32,0.0,0,0
32,Forehand Return Win,19,0.002918335215381117,0,0
32,Drive (3rd Shot),29,0.0007446798914401175,0,0
32,Slice/Block (3rd Shot),22,0.002028423167102519,0,0
32,Aces,30,0.0007394604265378491,0,0
32,Double Faults,6,0.018389740965875274,1,1
32,1st Serve In,16,0.0029851988808953867,0,0
32,2nd Serve In,11,0.005622582544341325,0,0
32,1st Serve Pts Won,7,0.010883039648925239,0,1
32,2nd Serve Pts Won,5,0.02124462155825945,1,1
32,1st Serve Speed (km/h),14,0.0036299551279305744,0,0
32,2nd Serve Speed (km/h),12,0.003760101891957925,0,0
32,Unforced Errors,4,0.028177489010644086,1,1
32,Forehand Avg Speed,26,0.0010122430302784622,0,0
32,Backhand Avg Speed,15,0.0035224065954326876,0,0
32,Rally ≤4 Shots,25,0.001279289438360399,0,0
32,Rally 5–9 Shots,18,0.002956076744751013,0,0
32,Rally ≥10 Shots,24,0.001752769657703199,0,0
32,Total Points Won,2,0.037481220671210104,1,1
32,Net Approaches,13,0.003679107641782024,0,0
32,Winners,33,0.0,0,0
32,Distance per Set (m),21,0.002037584456672351,0,0
32,Forecourt Short Balls,23,0.00196915082219981,0,0
32,Midcourt Balls,34,0.0,0,0
32,Backcourt Deep Balls,27,0.0009602826884098955,0,0
33,Break Points,11,0.005129115928212926,0,0
33,Service Breaks,1,0.12653028470678895,1,1
33,Drive Returns,9,0.007282942668489245,0,1
33,Slice/Block Returns,21,0.002369097691204208,0,0
33,Total Returns,3,0.032818818946358366,1,1
33,Backhand Returns,8,0.00793044292159749,0,1
33,Backhand Returns Won,31,0.0,0,0
33,Backhand Return Win,30,0.0010302630355405289,0,0
33,Forehand Returns,12,0.005034400779695873,0,0
33,Forehand Returns Won,32,0.0,0,0
33,Forehand Return Win,20,0.0026063523944975476,0,0
33,Drive (3rd Shot),28,0.0012389028081624639,0,0
33,Slice/Block (3rd Shot),17,0.0033043511256481153,0,0
33,Aces,26,0.0015913122024471893,0,0
33,Double Faults,6,0.018285190807688905,1,1
33,1st Serve In,22,0.002207427912465056,0,0
33,2nd Serve In,10,0.007099932357275643,0,1
33,1st Serve Pts Won,7,0.011959271273179454,0,1
33,2nd Serve Pts Won,5,0.022706109201214672,1,1
33,1st Serve Speed (km/h),13,0.00494280928378499,0,0
33,2nd Serve Speed (km/h),15,0.004138128932344251,0,0
33,Unforced Errors,4,0.03206624343557362,1,1
33,Forehand Avg Speed,25,0.0016439861383406055,0,0
33,Backhand Avg Speed,16,0.0033423480983211357,0,0
33,Rally ≤4 Shots,27,0.0013499069655003308,0,0
33,Rally 5–9 Shots,19,0.0027235309147001932,0,0
33,Rally ≥10 Shots,18,0.0027917018006855697,0,0
33,Total Points Won,2,0.04294116726682056,1,1
33,Net Approaches,14,0.004664869536139186,0,0
33,Winners,33,0.0,0,0
33,Distance per Set (m),24,0.0020244596053924425,0,0
33,Forecourt Short Balls,23,0.0021439379582110616,0,0
33,Midcourt Balls,34,0.0,0,0
33,Backcourt Deep Balls,29,0.00112251571518058,0,0
34,Break Points,10,0.0047268564679717184,0,1
34,Service Breaks,1,0.13176154679384075,1,1
34,Drive Returns,8,0.00685673108298319,0,1
34,Slice/Block Returns,14,0.004246810685291417,0,0
34,Total Returns,3,0.03269239150024133,1,1
34,Backhand Returns,9,0.005920207989998084,0,1
34,Backhand Returns Won,31,0.0,0,0
34,Backhand Return Win,26,0.0017749249216308016,0,0
34,Forehand Returns,21,0.003098545467240088,0,0
34,Forehand Returns Won,32,0.0,0,0
34,Forehand Return Win,20,0.0031770588771039706,0,0
34,Drive (3rd Shot),25,0.002034031561481024,0,0
34,Slice/Block (3rd Shot),22,0.0025607051025590436,0,0
34,Aces,23,0.002535909344758078,0,0
34,Double Faults,5,0.024165570690616645,1,1
34,1st Serve In,17,0.003377197178325518,0,0
34,2nd Serve In,13,0.00437532783018771,0,0
34,1st Serve Pts Won,7,0.012139953153032105,0,1
34,2nd Serve Pts Won,6,0.023069569569548642,1,1
34,1st Serve Speed (km/h),16,0.0034419988041372598,0,0
34,2nd Serve Speed (km/h),11,0.004428121659986336,0,0
34,Unforced Errors,4,0.0274643296721928,1,1
34,Forehand Avg Speed,29,0.0014457312464274525,0,0
34,Backhand Avg Speed,15,0.003738855993802464,0,0
34,Rally ≤4 Shots,24,0.002267362178379162,0,0
34,Rally 5–9 Shots,19,0.0032779237686909987,0,0
34,Rally ≥10 Shots,18,0.0032987716275128345,0,0
34,Total Points Won,2,0.04042003949470152,1,1
34,Net Approaches,12,0.004403369761236885,0,0
34,Winners,33,0.0,0,0
34,Distance per Set (m),30,0.0012456206339863207,0,0
34,Forecourt Short Balls,28,0.0017427039507610259,0,0
34,Midcourt Balls,34,0.0,0,0
34,Backcourt Deep Balls,27,0.0017634965567140891,0,0
35,Break Points,12,0.006156872507297226,0,0
35,Service Breaks,1,0.11793498117083293,1,1
35,Drive Returns,8,0.007366320045132623,0,1
35,Slice/Block Returns,13,0.005987107807646896,0,0
35,Total Returns,6,0.02535483887743186,1,1
35,Backhand Returns,20,0.004229580360045365,0,0
35,Backhand Returns Won,31,0.0,0,0
35,Backhand Return Win,27,0.0029785433179486537,0,0
35,Forehand Returns,15,0.005563614972541969,0,0
35,Forehand Returns Won,32,0.0,0,0
35,Forehand Return Win,10,0.006983278821308895,0,1
35,Drive (3rd Shot),25,0.003776277114101996,0,0
35,Slice/Block (3rd Shot),23,0.003934658746780981,0,0
35,Aces,16,0.004969804700333769,0,0
35,Double Faults,4,0.03105514909510498,1,1
35,1st Serve In,18,0.0043465732118175135,0,0
35,2nd Serve In,9,0.007049062224346906,0,1
35,1st Serve Pts Won,7,0.016807317112156727,0,1
35,2nd Serve Pts Won,5,0.029092788812228647,1,1
35,1st Serve Speed (km/h),19,0.004310883742096318,0,0
35,2nd Serve Speed (km/h),14,0.005827268527971904,0,0
35,Unforced Errors,3,0.032218383872373545,1,1
35,Forehand Avg Speed,29,0.002215667227228026,0,0
35,Backhand Avg Speed,24,0.0038551142338707606,0,0
35,Rally ≤4 Shots,22,0.004062037031552581,0,0
35,Rally 5–9 Shots,21,0.004109177895267085,0,0
35,Rally ≥10 Shots,17,0.004781392107673952,0,0
35,Total Points Won,2,0.0517724794386987,1,1
35,Net Approaches,11,0.006760074794204661,0,0
35,Winners,33,0.0,0,0
35,Distance per Set (m),30,0.001958736754966292,0,0
35,Forecourt Short Balls,26,0.0034918632988286064,0,0
35,Midcourt Balls,34,0.0,0,0
35,Backcourt Deep Balls,28,0.0028444318166761656,0,0
36,Break Points,15,0.0042972100649061925,0,0
36,Service Breaks,1,0.12565577342984743,1,1
36,Drive Returns,27,0.002479473582501985,0,0
36,Slice/Block Returns,7,0.01022366447884662,0,1
36,Total Returns,6,0.012442834041361707,1,1
36,Backhand Returns,11,0.005177739780009819,0,0
36,Backhand Returns Won,31,0.0,0,0
36,Backhand Return Win,26,0.0028292069751461686,0,0
36,Forehand Returns,12,0.0049600647681439505,0,0
36,Forehand Returns Won,32,0.0,0,0
36,Forehand Return Win,8,0.009564151298509016,0,1
36,Drive (3rd Shot),17,0.0039979084126192145,0,0
36,Slice/Block (3rd Shot),20,0.003221689429172764,0,0
36,Aces,16,0.004073060336283604,0,0
36,Double Faults,5,0.0208342427731545,1,1
36,1st Serve In,14,0.004711955648254125,0,0
36,2nd Serve In,10,0.007321146905192385,0,1
36,1st Serve Pts Won,9,0.009561378166284001,0,1
36,2nd Serve Pts Won,4,0.02210313731237777,1,1
36,1st Serve Speed (km/h),19,0.0032682387514217956,0,0
36,2nd Serve Speed (km/h),21,0.0032057463306080555,0,0
36,Unforced Errors,3,0.023779551983925094,1,1
36,Forehand Avg Speed,28,0.002287213600122599,0,0
36,Backhand Avg Speed,23,0.00314380725082492,0,0
36,Rally ≤4 Shots,18,0.003779711188580463,0,0
36,Rally 5–9 Shots,24,0.0029724636368970727,0,0
36,Rally ≥10 Shots,22,0.0031752575897461394,0,0
36,Total Points Won,2,0.025714413765822782,1,1
36,Net Approaches,13,0.004870033847020399,0,0
36,Winners,33,0.0,0,0
36,Distance per Set (m),30,0.001615406118675059,0,0
36,Forecourt Short Balls,25,0.0029489157182408686,0,0
36,Midcourt Balls,34,0.0,0,0
36,Backcourt Deep Balls,29,0.0019428172234323168,0,0
37,Break Points,28,0.0006990449014642054,0,0
37,Service Breaks,1,0.1463021251573722,1,1
37,Drive Returns,10,0.008620436757025694,0,1
37,Slice/Block Returns,23,0.0009104184456931865,0,0
37,Total Returns,3,0.039896170213554086,1,1
37,Backhand Returns,7,0.013318116662788674,0,1
37,Backhand Returns Won,31,0.0,0,0
37,Backhand Return Win,24,0.0008415330210004355,0,0
37,Forehand Returns,9,0.009150474137075978,0,1
37,Forehand Returns Won,32,0.0,0,0
37,Forehand Return Win,12,0.004032953756464297,0,0
37,Drive (3rd Shot),27,0.0007317738775134165,0,0
37,Slice/Block (3rd Shot),18,0.0024313920348044676,0,0
37,Aces,26,0.0007373368175091784,0,0
37,Double Faults,6,0.01810210696513844,1,1
37,1st Serve In,15,0.0036756116560046816,0,0
37,2nd Serve In,11,0.005752940974262496,0,0
37,1st Serve Pts Won,8,0.011936509440737774,0,1
37,2nd Serve Pts Won,5,0.020335674905912912,1,1
37,1st Serve Speed (km/h),19,0.0021432385057858477,0,0
37,2nd Serve Speed (km/h),13,0.003949075228338811,0,0
37,Unforced Errors,4,0.03306038699673823,1,1
37,Forehand Avg Speed,29,0.0006623145362300634,0,0
37,Backhand Avg Speed,14,0.0038079685391301226,0,0
37,Rally ≤4 Shots,25,0.000765089877353345,0,0
37,Rally 5–9 Shots,16,0.0030879393411909445,0,0
37,Rally ≥10 Shots,20,0.0016919109749371785,0,0
37,Total Points Won,2,0.050050107759035935,1,1
37,Net Approaches,17,0.002554890562506028,0,0
37,Winners,33,0.0,0,0
37,Distance per Set (m),22,0.0014884219330108016,0,0
37,Forecourt Short Balls,30,0.0006617584102816997,0,0
37,Midcourt Balls,34,0.0,0,0
37,Backcourt Deep Balls,21,0.0014964836603142753,0,0
38,Break Points,26,0.00217556675571139,0,0
38,Service Breaks,1,0.1415130719002488,1,1
38,Drive Returns,9,0.007810207951974941,0,1
38,Slice/Block Returns,13,0.004381582355839038,0,0
38,Total Returns,3,0.038662070582205575,1,1
38,Backhand Returns,8,0.009709303138550686,0,1
38,Backhand Returns Won,31,0.0,0,0
38,Backhand Return Win,28,0.001829807845404578,0,0
38,Forehand Returns,10,0.005561533550458653,0,1
38,Forehand Returns Won,32,0.0,0,0
38,Forehand Return Win,18,0.0035048046846132205,0,0
38,Drive (3rd Shot),20,0.0029008316985458847,0,0
38,Slice/Block (3rd Shot),23,0.0023531399546379435,0,0
38,Aces,19,0.003018626571915721,0,0
38,Double Faults,5,0.025142951787376116,1,1
38,1st Serve In,11,0.005501898571297869,0,0
38,2nd Serve In,15,0.004163109852375374,0,0
38,1st Serve Pts Won,7,0.012040683863951001,0,1
38,2nd Serve Pts Won,6,0.018269792846413436,1,1
38,1st Serve Speed (km/h),27,0.0018613217964815164,0,0
38,2nd Serve Speed (km/h),14,0.004297393726815396,0,0
38,Unforced Errors,4,0.031126246187109036,1,1
38,Forehand Avg Speed,29,0.0011155805274600207,0,0
38,Backhand Avg Speed,12,0.0044784802207997855,0,0
38,Rally ≤4 Shots,25,0.0022331737755359135,0,0
38,Rally 5–9 Shots,16,0.003570668330499582,0,0
38,Rally ≥10 Shots,21,0.002685697546345306,0,0
38,Total Points Won,2,0.04900671698337862,1,1
38,Net Approaches,17,0.0035194618441630353,0,0
38,Winners,33,0.0,0,0
38,Distance per Set (m),30,0.0010461413763653386,0,0
38,Forecourt Short Balls,22,0.002363970536792452,0,0
38,Midcourt Balls,34,0.0,0,0
38,Backcourt Deep Balls,24,0.0022724291226542447,0,0
39,Break Points,9,0.006050169952973478,0,1
39,Service Breaks,1,0.12078196640642154,1,1
39,Drive Returns,10,0.005783973335304966,0,1
39,Slice/Block Returns,11,0.0056898077778361434,0,0
39,Total Returns,3,0.03656605512436955,1,1
39,Backhand Returns,8,0.007923328187526914,0,1
39,Backhand Returns Won,31,0.0,0,0
39,Backhand Return Win,26,0.0022771957001624225,0,0
39,Forehand Returns,18,0.004169642047537237,0,0
39,Forehand Returns Won,32,0.0,0,0
39,Forehand Return Win,14,0.004957201395514542,0,0
39,Drive (3rd Shot),25,0.0026936135552049125,0,0
39,Slice/Block (3rd Shot),24,0.0029125741734715395,0,0
39,Aces,22,0.0033274584767969398,0,0
39,Double Faults,5,0.025152673452780622,1,1
39,1st Serve In,20,0.0036478817084706853,0,0
39,2nd Serve In,13,0.005139123548975468,0,0
39,1st Serve Pts Won,7,0.013225878073953317,0,1
39,2nd Serve Pts Won,6,0.022713877489856746,1,1
39,1st Serve Speed (km/h),19,0.003883990847453998,0,0
39,2nd Serve Speed (km/h),15,0.004702802409187338,0,0
39,Unforced Errors,4,0.026335183852148634,1,1
39,Forehand Avg Speed,29,0.001888533809922431,0,0
39,Backhand Avg Speed,17,0.004276491439086352,0,0
39,Rally ≤4 Shots,23,0.0029358164855810337,0,0
39,Rally 5–9 Shots,21,0.003480987602869057,0,0
39,Rally ≥10 Shots,16,0.004362323781596341,0,0
39,Total Points Won,2,0.03774868535873769,1,1
39,Net Approaches,12,0.005614799218842346,0,0
39,Winners,33,0.0,0,0
39,Distance per Set (m),30,0.0015772838100262243,0,0
39,Forecourt Short Balls,27,0.0022719787993408483,0,0
39,Midcourt Balls,34,0.0,0,0
39,Backcourt Deep Balls,28,0.002081603747479041,0,0
40,Break Points,23,0.0025785762358607853,0,0
40,Service Breaks,1,0.12357210957485928,1,1
40,Drive Returns,11,0.005092582119952728,0,0
40,Slice/Block Returns,9,0.00671207076303595,0,1
40,Total Returns,3,0.033329578676371124,1,1
40,Backhand Returns,8,0.008471528168007178,0,1
40,Backhand Returns Won,31,0.0,0,0
40,Backhand Return Win,27,0.0019117595115684541,0,0
40,Forehand Returns,12,0.004892580857419564,0,0
40,Forehand Returns Won,32,0.0,0,0
40,Forehand Return Win,13,0.004296084047703397,0,0
40,Drive (3rd Shot),22,0.002813623472109638,0,0
40,Slice/Block (3rd Shot),20,0.0028809677402112295,0,0
40,Aces,21,0.002838941476408165,0,0
40,Double Faults,5,0.021304781958484398,1,1
40,1st Serve In,15,0.00396712693814076,0,0
40,2nd Serve In,10,0.00523890262840821,0,1
40,1st Serve Pts Won,7,0.010191699305935201,0,1
40,2nd Serve Pts Won,6,0.018851792391931355,1,1
40,1st Serve Speed (km/h),25,0.0022024181382418124,0,0
40,2nd Serve Speed (km/h),17,0.0035717946095953513,0,0
40,Unforced Errors,4,0.028059239730162656,1,1
40,Forehand Avg Speed,29,0.0013559316910577634,0,0
40,Backhand Avg Speed,14,0.003976998531351747,0,0
40,Rally ≤4 Shots,24,0.002334340398597924,0,0
40,Rally 5–9 Shots,19,0.002933346340669166,0,0
40,Rally ≥10 Shots,18,0.0029969698608575818,0,0
40,Total Points Won,2,0.0374196848027007,1,1
40,Net Approaches,16,0.00369461614139862,0,0
40,Winners,33,0.0,0,0
40,Distance per Set (m),30,0.0011680595141524861,0,0
40,Forecourt Short Balls,26,0.002021810707063891,0,0
40,Midcourt Balls,34,0.0,0,0
40,Backcourt Deep Balls,28,0.0017354335237396749,0,0
