match_id,label,score,pred
2019_AO_R128_Djokovic,1,0.8353473595835595,1
2019_AO_R128_Djokovic,1,0.9639091342654726,1
2019_AO_R128_Djokovic,1,0.7395432774630736,0
2019_AO_R64_Djokovic,1,0.9298174422474667,1
2019_AO_R64_Djokovic,1,0.8995927980926631,1
2019_AO_R64_Djokovic,1,0.8265467507497486,1
2019_AO_R32_Djokovic,1,0.9027616108597657,1
2019_AO_R32_Djokovic,1,0.8990109410124374,1
2019_AO_R32_Djokovic,0,0.7640790979728799,0
2019_AO_R32_Djokovic,1,0.902332616843881,1
2019_AO_R16_Djokovic,1,0.9022060323380072,1
2019_AO_R16_Djokovic,0,0.878033836795914,1
2019_AO_R16_Djokovic,1,0.9548875673868912,1
2019_AO_R16_Djokovic,1,0.8952941342814712,1
2019_AO_QF_Djokovic,1,0.8685450469225704,1
2019_AO_QF_Djokovic,1,0.9371290631064476,1
2019_AO_SF_Djokovic,1,0.9773300103830724,1
2019_AO_SF_Djokovic,1,0.9773984937361124,1
2019_AO_SF_Djokovic,1,0.9762696739670614,1
2019_AO_F_Djokovic,1,0.8621951544319286,1
2019_AO_F_Djokovic,1,0.8622568260614812,1
2019_AO_F_Djokovic,1,0.867736279957296,1
2019_USO_R128_Djokovic,1,0.891506427439054,1
2019_USO_R128_Djokovic,1,0.9022851492033142,1
2019_USO_R128_Djokovic,1,0.7905311979004895,0
2019_USO_R64_Djokovic,1,0.4869793771929758,0
2019_USO_R64_Djokovic,1,0.1688936284426541,0
2019_USO_R64_Djokovic,1,0.9408095205923015,1
2019_USO_R32_Djokovic,1,0.8042060990023107,0
2019_USO_R32_Djokovic,1,0.8430584365306979,0
2019_USO_R32_Djokovic,1,0.8100262705464158,0
2019_USO_R16_Djokovic,0,0.7112849375130808,0
2019_USO_R16_Djokovic,0,0.5796787425741358,0
2019_USO_R16_Djokovic,0,0.5188633871504371,0
2020_AO_R128_Djokovic,1,0.47777825851986694,0
2020_AO_R128_Djokovic,1,0.8925616159468628,1
2020_AO_R128_Djokovic,0,0.5737876921070825,0
2020_AO_R128_Djokovic,1,0.8767611087296546,1
2020_AO_R64_Djokovic,1,0.8989602166876601,1
2020_AO_R64_Djokovic,1,0.9386869039414596,1
2020_AO_R64_Djokovic,1,0.8951686621310162,1
2020_AO_R32_Djokovic,1,0.9023528799799004,1
2020_AO_R32_Djokovic,1,0.9431055730335663,1
2020_AO_R32_Djokovic,1,0.7577100304804779,0
2020_AO_R16_Djokovic,1,0.8848633751681311,1
2020_AO_R16_Djokovic,1,0.8186654968849945,1
2020_AO_R16_Djokovic,1,0.9395085169090454,1
2020_AO_QF_Djokovic,1,0.8532273721081189,0
2020_AO_QF_Djokovic,1,0.8641589969822592,1
2020_AO_QF_Djokovic,1,0.8770200423480576,1
2020_AO_SF_Djokovic,1,0.830729203215365,1
2020_AO_SF_Djokovic,1,0.9226820911706298,1
2020_AO_SF_Djokovic,1,0.7696836942413119,0
2020_AO_F_Djokovic,1,0.7462854434267319,0
2020_AO_F_Djokovic,0,0.5307115259476403,0
2020_AO_F_Djokovic,0,0.5208850477162114,0
2020_AO_F_Djokovic,1,0.7816784459466353,0
2020_AO_F_Djokovic,1,0.7416728835710665,0
2020_USO_R128_Djokovic,1,0.8982889980889256,1
2020_USO_R128_Djokovic,1,0.8879165693692234,1
2020_USO_R128_Djokovic,1,0.899200201198298,1
2020_USO_R64_Djokovic,0,0.714557332415224,0
2020_USO_R64_Djokovic,1,0.8482447054288889,0
2020_USO_R64_Djokovic,1,0.7732273114125907,0
2020_USO_R64_Djokovic,1,0.8560142692184779,1
2020_USO_R32_Djokovic,1,0.8865584273549614,1
2020_USO_R32_Djokovic,1,0.9234232559561923,1
2020_USO_R32_Djokovic,1,0.8863770701270453,1
2020_USO_R16_Djokovic,0,0.8958437073901727,1
2021_AO_R128_Djokovic,1,0.9591213583178769,1
2021_AO_R128_Djokovic,1,0.9516060240947843,1
2021_AO_R128_Djokovic,1,0.9640473783566801,1
2021_AO_R64_Djokovic,1,0.8337686607436268,1
2021_AO_R64_Djokovic,0,0.6872038532198814,0
2021_AO_R64_Djokovic,1,0.906172096398042,1
2021_AO_R64_Djokovic,1,0.8777595013679682,1
2021_AO_R32_Djokovic,1,0.583727424312642,0
2021_AO_R32_Djokovic,1,0.9644660154097559,1
2021_AO_R32_Djokovic,0,0.8563104740675553,1
2021_AO_R32_Djokovic,0,0.7513228181502215,0
2021_AO_R32_Djokovic,1,0.9455128027126828,1
2021_AO_R16_Djokovic,1,0.7151924022220327,0
2021_AO_R16_Djokovic,0,0.8920904539266504,1
2021_AO_R16_Djokovic,1,0.8948672554102604,1
2021_AO_R16_Djokovic,1,0.9030895835049952,1
2021_AO_QF_Djokovic,0,0.24607359077447954,0
2021_AO_QF_Djokovic,1,0.9726011509691043,1
2021_AO_QF_Djokovic,1,0.40821197030926976,0
2021_AO_QF_Djokovic,1,0.16742365491911407,0
2021_AO_SF_Djokovic,1,0.9226631485096067,1
2021_AO_SF_Djokovic,1,0.8063775525189387,0
2021_AO_SF_Djokovic,1,0.8907783556492006,1
2021_AO_F_Djokovic,1,0.8624983515472331,1
2021_AO_F_Djokovic,1,0.8560142692184779,1
2021_AO_F_Djokovic,1,0.8071345425113184,0
2021_USO_R128_Djokovic,1,0.8624983515472331,1
2021_USO_R128_Djokovic,0,0.7648506899695533,0
2021_USO_R128_Djokovic,1,0.867736279957296,1
2021_USO_R128_Djokovic,1,0.8674942499336951,1
2021_USO_R64_Djokovic,1,0.8922556774979423,1
2021_USO_R64_Djokovic,1,0.8744311465756245,1
2021_USO_R64_Djokovic,1,0.836119328462158,1
2021_USO_R32_Djokovic,0,0.25883011399304656,0
2021_USO_R32_Djokovic,1,0.7381172402458404,0
2021_USO_R32_Djokovic,1,0.6680790700803345,0
2021_USO_R32_Djokovic,1,0.9103890003052054,1
2021_USO_R16_Djokovic,0,0.8930475000211862,1
2021_USO_R16_Djokovic,1,0.5910837993669631,0
2021_USO_R16_Djokovic,1,0.8817684902978731,1
2021_USO_R16_Djokovic,1,0.8994531288206742,1
2021_USO_QF_Djokovic,0,0.6502300811415583,0
2021_USO_QF_Djokovic,1,0.8653451341760878,1
2021_USO_QF_Djokovic,1,0.8633362962480478,1
2021_USO_QF_Djokovic,1,0.8504321925706466,1
2021_USO_SF_Djokovic,0,0.16020549185130295,0
2021_USO_SF_Djokovic,1,0.9609339840980512,1
2021_USO_SF_Djokovic,1,0.5946820140465785,0
2021_USO_SF_Djokovic,0,0.4258483168548978,0
2021_USO_SF_Djokovic,1,0.9496989542963287,1
2021_USO_F_Djokovic,0,0.8455271036749361,1
2021_USO_F_Djokovic,0,0.8633353449681556,1
2021_USO_F_Djokovic,0,0.6546860325054742,0
2023_AO_R128_Djokovic,1,0.8504321925706466,1
2023_AO_R128_Djokovic,1,0.8463526239276278,0
2023_AO_R128_Djokovic,1,0.8694487188140096,1
2023_AO_R64_Djokovic,1,0.995622606581275,1
2023_AO_R64_Djokovic,0,0.9789030554599062,1
2023_AO_R64_Djokovic,1,0.9960327457312312,1
2023_AO_R64_Djokovic,1,0.9984993096988262,1
2023_AO_R32_Djokovic,1,0.71809727126558,0
2023_AO_R32_Djokovic,1,0.9477423241840913,1
2023_AO_R32_Djokovic,1,0.6328134496232023,0
2023_AO_R16_Djokovic,1,0.8629796031284281,1
2023_AO_R16_Djokovic,1,0.9873796326341404,1
2023_AO_R16_Djokovic,1,0.913244413827559,1
2023_AO_QF_Djokovic,1,0.8715412402900947,1
2023_AO_QF_Djokovic,1,0.9036018269783104,1
2023_AO_QF_Djokovic,1,0.9192128335145565,1
2023_AO_SF_Djokovic,1,0.10047310209672962,0
2023_AO_SF_Djokovic,1,0.9485530798289368,1
2023_AO_SF_Djokovic,1,0.956340484093058,1
2023_AO_F_Djokovic,1,0.8986522070334926,1
2023_AO_F_Djokovic,1,0.3580268068837102,0
2023_AO_F_Djokovic,1,0.7047904783234267,0
2023_USO_R128_Djokovic,1,0.9857957689348064,1
2023_USO_R128_Djokovic,1,0.970587586422797,1
2023_USO_R128_Djokovic,1,0.7828144621357025,0
2023_USO_R64_Djokovic,1,0.9781580791425336,1
2023_USO_R64_Djokovic,1,0.9906878155565408,1
2023_USO_R64_Djokovic,1,0.9034533080157486,1
2023_USO_R32_Djokovic,0,0.8439740559872635,0
2023_USO_R32_Djokovic,0,0.833559301579878,0
2023_USO_R32_Djokovic,1,0.8220631102444481,0
2023_USO_R32_Djokovic,1,0.8553657204207261,1
2023_USO_R32_Djokovic,1,0.8624983515472331,1
2023_USO_R16_Djokovic,1,0.8535233957098141,0
2023_USO_R16_Djokovic,1,0.7330937957358985,0
2023_USO_R16_Djokovic,1,0.6859691224304374,0
2023_USO_QF_Djokovic,1,0.8118569736471194,0
2023_USO_QF_Djokovic,1,0.7856342961414433,0
2023_USO_QF_Djokovic,1,0.6951270735616862,0
2023_USO_SF_Djokovic,1,0.5428204154614421,0
2023_USO_SF_Djokovic,1,0.8808585547396969,1
2023_USO_SF_Djokovic,1,0.28101276982854484,0
2023_USO_F_Djokovic,1,0.8862805834811182,1
2023_USO_F_Djokovic,1,0.38003496034176637,0
2023_USO_F_Djokovic,1,0.794870887975017,0
2024_AO_R128_Djokovic,1,0.8907756595002347,1
2024_AO_R128_Djokovic,0,0.8233532710997096,1
2024_AO_R128_Djokovic,1,0.9417458083212844,1
2024_AO_R128_Djokovic,1,0.880265216423611,1
2024_AO_R64_Djokovic,1,0.9732401618285791,1
2024_AO_R64_Djokovic,0,0.7886138918845061,1
2024_AO_R64_Djokovic,1,0.625636214594642,0
2024_AO_R64_Djokovic,1,0.9639208388670125,1
2024_AO_R32_Djokovic,1,0.8996611557364753,1
2024_AO_R32_Djokovic,1,0.9004932723350383,1
2024_AO_R32_Djokovic,1,0.27672541543462315,0
2024_AO_R16_Djokovic,1,0.8493816795791731,0
2024_AO_R16_Djokovic,1,0.8184028919894533,0
2024_AO_R16_Djokovic,1,0.8335198825000079,0
2024_AO_QF_Djokovic,1,0.611930748497342,0
2024_AO_QF_Djokovic,0,0.9038484172146013,1
2024_AO_QF_Djokovic,1,0.8996235828157764,1
2024_AO_QF_Djokovic,1,0.8378632251314195,0
2024_AO_SF_Djokovic,0,0.61522895037422,0
2024_AO_SF_Djokovic,0,0.7719351109228771,0
2024_AO_SF_Djokovic,1,0.7720586098152148,0
2024_AO_SF_Djokovic,0,0.6570718232562672,0
2024_USO_R128_Djokovic,1,0.832646091464026,1
2024_USO_R128_Djokovic,1,0.8181683861752871,0
2024_USO_R128_Djokovic,1,0.915831889315591,1
2024_USO_R64_Djokovic,1,0.6617158781391844,0
2024_USO_R64_Djokovic,1,0.7648506899695533,0
2024_USO_R64_Djokovic,1,0.8201695535992253,0
2024_USO_R32_Djokovic,0,0.8681679506606642,1
2024_USO_R32_Djokovic,0,0.6856574580056447,0
2024_USO_R32_Djokovic,1,0.8442271588550736,1
2024_USO_R32_Djokovic,0,0.757685213834753,0
